doi,type,year,source,title
https://doi.org/10.1016/j.vlsi.2020.04.004,article,2020.0,Integration,Yield constrained automated design algorithm for power optimized pipeline ADC
https://doi.org/10.1016/B978-1-85617-507-4.00023-1,incollection,2009.0,Bebop to the Boolean Boogie (Third Edition),Chapter 23 - Design and Verification Tools
https://doi.org/10.1016/S1389-1286(99)00013-4,article,1999.0,Computer Networks,Improving Web interaction on small displays
https://doi.org/10.1016/j.compfluid.2016.02.014,article,2016.0,Computers & Fluids,Characterisation of sheet cavity noise of a hydrofoil using the Ffowcs Williams–Hawkings acoustic analogy
https://doi.org/10.1016/j.jmbbm.2022.105604,article,2023.0,Journal of the Mechanical Behavior of Biomedical Materials,Weak adhesion between ceramic and resin cement impairs the load-bearing capacity under fatigue of lithium disilicate glass-ceramic crowns
https://doi.org/10.1016/0004-3702(90)90018-U,article,1990.0,Artificial Intelligence,Analog retrieval by constraint satisfaction
https://doi.org/10.1021/acschembio.3c00693,article,2024.0,ACS Chemical Biology,Characterization of Dichloroisoeverninic Acid Biosynthesis and Chemoenzymatic Synthesis of New Orthosomycins
https://doi.org/10.1016/j.apacoust.2018.10.019,article,2019.0,Applied Acoustics,Simulation and design improvement of a low noise control valve in autonomous underwater vehicles
https://doi.org/10.1016/j.bspc.2020.101900,article,2020.0,Biomedical Signal Processing and Control,Acoustic therapies for tinnitus: The basis and the electroencephalographic evaluation
https://doi.org/10.1016/S0004-3702(99)00016-8,article,1999.0,Artificial Intelligence,iCTRL: Intensional conformal text representation language
https://doi.org/10.1016/j.yofte.2010.06.005,article,2010.0,Optical Fiber Technology,Compensation of IQ mismatch in optical PDM–OFDM coherent receivers
https://doi.org/10.1016/j.matdes.2015.12.088,article,2016.0,Materials & Design,Correlating shrinkage microporosity with the mechanical properties of sand-cast superduplex stainless steel using a numerical/experimental approach
https://doi.org/10.1016/j.asoc.2020.106717,article,2020.0,Applied Soft Computing,Mutation operators for Genetic Programming using Monte Carlo Tree Search
https://doi.org/10.1016/j.ijadhadh.2018.06.006,article,2018.0,International Journal of Adhesion and Adhesives,Effect of the bonding strategy on the tensile retention of full-contour zirconia crowns
https://doi.org/10.1016/j.mcm.2006.04.007,article,2007.0,Mathematical and Computer Modelling,Crowd dynamics on a moving platform: Mathematical modelling and application to lively footbridges
https://doi.org/10.1016/j.measurement.2013.04.013,article,2013.0,Measurement,Test bed for power amplifier behavioral characterization and modeling
https://doi.org/10.1016/j.applthermaleng.2013.05.036,article,2013.0,Applied Thermal Engineering,Liquid cooling enhancement by means of magnetic fields
https://doi.org/10.1016/j.jrmge.2019.07.006,article,2020.0,Journal of Rock Mechanics and Geotechnical Engineering,On the use of 1g physical models for ground movements and soil-structure interaction problems
https://doi.org/10.2196/43432,article,2023.0,Journal of Medical Internet Research,Efficacy of a Mobile Phone–Based Intervention on Health Behaviors and HIV/AIDS Treatment Management: Randomized Controlled Trial
https://doi.org/10.1016/j.ijleo.2022.169131,article,2022.0,Optik,Nonlinear dynamics of “déjà vu” phenomenon in nonautonomous cubic–quintic NLSE models: Complete suppression of rogue waves generation
https://doi.org/10.1016/S0026-2714(00)00189-X,article,2000.0,Microelectronics Reliability,MOS transistor reliability under analog operation
https://doi.org/10.1016/j.wear.2008.04.054,article,2009.0,Wear,Quality assurance —Have we specified it the wrong way round?
https://doi.org/10.1016/j.ijleo.2019.03.085,article,2019.0,Optik,Active control of photo-induced electromagnetically induced transparency in terahertz region
https://doi.org/10.1016/0030-3992(95)00056-9,article,1996.0,Optics & Laser Technology,Real-time histogram generation using active optical scanning
https://doi.org/10.1016/j.physme.2010.11.006,article,2010.0,Physical Mesomechanics,Structural integrity of bonded joints
https://doi.org/10.1016/j.engfailanal.2012.12.003,article,2013.0,Engineering Failure Analysis,Engineering failure data analysis: Revisiting the standard linear approach
https://doi.org/10.1016/j.measurement.2020.107836,article,2020.0,Measurement,Performance of ionospheric-free PPP time transfer models with BDS-3 quad-frequency observations
https://doi.org/10.1016/j.jmatprotec.2004.01.063,article,2005.0,Journal of Materials Processing Technology,A note on the conceptual design of polymeric composite automotive bumper system
https://doi.org/10.1016/j.oceaneng.2021.109359,article,2021.0,Ocean Engineering,CFD modelling of local scour around Tri-USAF in sand with different arrangements under steady current
https://doi.org/10.1016/j.apenergy.2018.02.038,article,2018.0,Applied Energy,"Integrating a hydrogen fuel cell electric vehicle with vehicle-to-grid technology, photovoltaic power and a residential building"
https://doi.org/10.1016/S0031-3203(02)00165-6,article,2003.0,Pattern Recognition,Efficient face candidates selector for face detection
https://doi.org/10.1016/j.aeue.2019.153052,article,2020.0,AEU - International Journal of Electronics and Communications,Performance evaluation of linearity and intermodulation distortion of nanoscale GaN-SOI FinFET for RFIC design
https://doi.org/10.1016/j.jmbbm.2020.103928,article,2020.0,Journal of the Mechanical Behavior of Biomedical Materials,Quantitative and qualitative analyses of ceramic chipping
https://doi.org/10.1016/0169-7552(95)00036-7,article,1995.0,Computer Networks and ISDN Systems,DeckScape: an experimental Web browser
https://doi.org/10.1016/j.measurement.2016.07.025,article,2016.0,Measurement,A low complexity digital unit for scalar linear interpolation and compression
https://doi.org/10.1016/j.jmbbm.2020.103726,article,2020.0,Journal of the Mechanical Behavior of Biomedical Materials,Response of Saos-2 osteoblast-like cells to kilohertz-resonance excitation in porous metallic scaffolds
https://doi.org/10.1016/j.compositesb.2024.111959,article,2025.0,Composites Part B: Engineering,On demand thermal surface modification of carbon fiber for improved interfacial shear strength
https://doi.org/10.1016/j.aeue.2020.153163,article,2020.0,AEU - International Journal of Electronics and Communications,Investigation on a binary-weighted reflection-coefficient generator for broadband multiport transmitters
https://doi.org/10.1016/j.aeue.2020.153310,article,2020.0,AEU - International Journal of Electronics and Communications,Extremely low-voltage low-power differential difference current conveyor using multiple-input bulk-driven technique
https://doi.org/10.1016/j.nucengdes.2024.113098,article,2024.0,Nuclear Engineering and Design,Application of information technology to create the digital acoustic models of VVER
https://doi.org/10.1016/j.optlaseng.2022.107059,article,2022.0,Optics and Lasers in Engineering,High-efficiency and high-fidelity optical signal transmission in free space through scattering media using 2D random amplitude-only patterns and look-up table
https://doi.org/10.1016/j.vlsi.2017.08.006,article,2018.0,Integration,SystemC-AMS modeling of photodiode based on PWL technique to be used in energy harvesting CMOS image sensor
https://doi.org/10.1016/j.ijheatmasstransfer.2009.01.047,article,2009.0,International Journal of Heat and Mass Transfer,Evaluation of the different definitions of the convective mass transfer coefficient for water evaporation into air
https://doi.org/10.1016/j.istruc.2019.10.021,article,2020.0,Structures,Evaluation of Design Methods for Prestressed Concrete Members with Stirrups Using a New Traditional Shear Database
https://doi.org/10.1016/j.mechmat.2018.08.010,article,2018.0,Mechanics of Materials,Consideration of arbitrary inclusion shapes in the framework of isotropic continuum micromechanics: The replacement Eshelby tensor approach
https://doi.org/10.1016/j.ijheatmasstransfer.2019.118752,article,2019.0,International Journal of Heat and Mass Transfer,Analytical and numerical predictions of the thermal performance of multi-layered lattice structures
https://doi.org/10.1016/j.microrel.2008.07.060,article,2008.0,Microelectronics Reliability,Failure Analysis enhancement by evaluating the Photoelectric Laser Stimulation impact on mixed-mode ICs
https://doi.org/10.1016/S1474-6670(17)37791-1,article,2003.0,IFAC Proceedings Volumes,Model Based Analysis of Seasickness Effects in a Fast Ferry
https://doi.org/10.1016/j.ijheatmasstransfer.2016.07.066,article,2016.0,International Journal of Heat and Mass Transfer,Improvements of film cooling effectiveness by using Barchan dune shaped ramps
https://doi.org/10.1016/j.engstruct.2003.09.014,article,2004.0,Engineering Structures,Evaluation of equivalent damping ratio of a structure with added dampers
https://doi.org/10.1016/j.compfluid.2025.106590,article,2025.0,Computers & Fluids,Optimizing fluid mixing in channel flow using wall-mounted flexible structures
https://doi.org/10.1016/j.aeue.2022.154421,article,2022.0,AEU - International Journal of Electronics and Communications,An energy efficient symmetrical DAC switching scheme for single-ended SAR ADCs with zero reset energy and a 3-stage common-mode insensitive regenerative comparator
https://doi.org/10.3182/20050703-6-CZ-1902.02093,article,2005.0,IFAC Proceedings Volumes,DNA ALGORITHMS BASED ON EXON SHUFFLING
https://doi.org/10.1016/j.engfailanal.2012.05.005,article,2012.0,Engineering Failure Analysis,Analysis of fretting fatigue life of dovetail assemblies based on fracture mechanics method
https://doi.org/10.1016/j.ijheatfluidflow.2008.08.007,article,2008.0,International Journal of Heat and Fluid Flow,On the weak-equilibrium condition for derivation of algebraic heat flux model
https://doi.org/10.1016/j.ijheatmasstransfer.2020.119580,article,2020.0,International Journal of Heat and Mass Transfer,Numerical study and correlations for heat and mass transfer coefficients in indirect evaporative coolers with condensation based on orthogonal test and CFD approach
https://doi.org/10.1016/j.bios.2012.10.010,article,2013.0,Biosensors and Bioelectronics,Improved DNA detection by utilizing electrically neutral DNA probe in field-effect transistor measurements as evidenced by surface plasmon resonance imaging
https://doi.org/10.1016/j.apm.2011.04.030,article,2011.0,Applied Mathematical Modelling,Buckling analysis of shear deformable plates using the quadrature element method
https://doi.org/10.2196/42365,article,2023.0,Journal of Medical Internet Research,Physical Versus Virtual Reality–Based Calm Rooms for Psychiatric Inpatients: Quasi-Randomized Trial
https://doi.org/10.1016/j.mejo.2007.03.017,article,2007.0,Microelectronics Journal,A behavioral model development methodology for microwave components and integration in VHDL-AMS
https://doi.org/10.1016/j.conbuildmat.2014.08.034,article,2014.0,Construction and Building Materials,Use of coarse recycled aggregates from precast concrete rejects: Mechanical and durability performance
https://doi.org/10.1016/j.sna.2017.06.025,article,2017.0,Sensors and Actuators A: Physical,A new nano-power trigger circuit for battery-less power management electronics in energy harvesting systems
https://doi.org/10.1016/j.jmbbm.2020.103893,article,2020.0,Journal of the Mechanical Behavior of Biomedical Materials,Effect of resin cement space on the fatigue behavior of bonded CAD/CAM leucite ceramic crowns
https://doi.org/10.1016/j.aeue.2024.155624,article,2025.0,AEU - International Journal of Electronics and Communications,Experimental validation of a high-frequency memristor emulator based on CCCCTA framework and its application in chaos circuit
https://doi.org/10.1016/S1001-6058(16)60627-3,article,2016.0,"Journal of Hydrodynamics, Ser. B",Computation of vortical flow and flow induced noise by large eddy simulation with FW-H acoustic analogy and Powell vortex sound theory
https://doi.org/10.1016/j.elstat.2014.11.003,article,2015.0,Journal of Electrostatics,Predicted flow characteristics of a wire-nonparallel plate type electrohydrodynamic gas pump using the Finite Element Method
https://doi.org/10.1016/j.vlsi.2017.05.006,article,2017.0,Integration,Hardware design of LIF with Latency neuron model with memristive STDP synapses
https://doi.org/10.1016/j.ijheatfluidflow.2006.02.023,article,2006.0,International Journal of Heat and Fluid Flow,Simultaneous measurements of fluctuating velocity and pressure in a turbulent mixing layer
https://doi.org/10.1016/j.patcog.2005.11.024,article,2006.0,Pattern Recognition,A clustering method based on multidimensional texture analysis
https://doi.org/10.1016/j.ijheatmasstransfer.2015.04.111,article,2015.0,International Journal of Heat and Mass Transfer,Further considerations on anisotropic thermal efficiency of symmetric composites
https://doi.org/10.1016/j.asoc.2018.02.017,article,2018.0,Applied Soft Computing,Incorporating expert knowledge into evolutionary algorithms with operators and constraints to design satellite systems
https://doi.org/10.1016/j.ergon.2013.10.001,article,2014.0,International Journal of Industrial Ergonomics,Inter-rater reliability of cyclic and non-cyclic task assessment using the hand activity level in appliance manufacturing
https://doi.org/10.1016/j.buildenv.2015.11.002,article,2015.0,Building and Environment,A quantitative evaluation of indoor environmental quality in refurbished kindergarten buildings: A Malaysian case study
https://doi.org/10.1021/acschembio.9b00463,article,2019.0,ACS Chemical Biology,Sulfonamide-Based Inhibitors of Biotin Protein Ligase as New Antibiotic Leads
https://doi.org/10.1016/j.buildenv.2015.11.014,article,2016.0,Building and Environment,Measurement and evaluation of indoor thermal environment in a naturally ventilated industrial building with high temperature heat sources
https://doi.org/10.1016/j.jsv.2012.05.034,article,2012.0,Journal of Sound and Vibration,On the use of time-resolved particle image velocimetry for the investigation of rod–airfoil aeroacoustics
https://doi.org/10.1021/acschembio.0c00618,article,2020.0,ACS Chemical Biology,Facile Synthesis and Metabolic Incorporation of m‑DAP Bioisosteres Into Cell Walls of Live Bacteria
https://doi.org/10.1016/j.proeng.2011.12.275,article,2011.0,Procedia Engineering,Hybrid integration of microfabricated chemοcapacitor arrays with miniaturized read-out electronics towards low-power gas sensing module
https://doi.org/10.1016/S0167-9260(03)00002-6,article,2003.0,Integration,Balanced multi-level multi-way partitioning of analog integrated circuits for hierarchical symbolic analysis
https://doi.org/10.1016/j.actaastro.2018.05.025,article,2018.0,Acta Astronautica,Earth analogue testing and analysis of Martian duricrust properties
https://doi.org/10.1016/j.diamond.2020.107752,article,2020.0,Diamond and Related Materials,An experimental study of sorption/desorption of selected radionuclides on carbon nanomaterials: a quest for possible applications in future nuclear medicine
https://doi.org/10.1016/j.mechrescom.2024.104310,article,2024.0,Mechanics Research Communications,A modified dynamic relaxation form-finding method for symmetrical tensegrity structures with group theory and fuzzy clustering
https://doi.org/10.1021/acschembio.3c00035,article,2023.0,ACS Chemical Biology,Comparative Study of Adenosine Analogs as Inhibitors of Protein Arginine Methyltransferases and a Clostridioides difficile-Specific DNA Adenine Methyltransferase
https://doi.org/10.1016/j.ijthermalsci.2014.09.006,article,2015.0,International Journal of Thermal Sciences,A new parameter for the dynamic analysis of building walls using the harmonic method
https://doi.org/10.1016/j.optlastec.2021.107773,article,2022.0,Optics & Laser Technology,Fully integrated 3-bit all-optical analog to digital converter based on photonic crystal semiconductor optical amplifier
https://doi.org/10.1016/j.est.2023.108438,article,2023.0,Journal of Energy Storage,In-situ fabricated copper-holmium co-doped cobalt ferrite nanocomposite with cross-linked graphene as novel electrode material for supercapacitor application
https://doi.org/10.1016/j.aeue.2021.153793,article,2021.0,AEU - International Journal of Electronics and Communications,A new VCII based grounded positive/negative capacitance multiplier
https://doi.org/10.1016/j.jlp.2017.04.001,article,2017.0,Journal of Loss Prevention in the Process Industries,Study of the conductive heat flux from concrete to liquid nitrogen by solving an inverse heat conduction problem
https://doi.org/10.1016/j.jlp.2015.09.005,article,2016.0,Journal of Loss Prevention in the Process Industries,Method for quantitative assessment of safety culture
https://doi.org/10.1016/j.mssp.2024.108838,article,2024.0,Materials Science in Semiconductor Processing,Glucose oxidation on monoclinic Co2V2O7 nanorods: Intuitions on cell potential reduction in hybrid electrolyzer
https://doi.org/10.1021/acschembio.1c00259,article,2021.0,ACS Chemical Biology,Heterologous Catalysis of the Final Steps of Tetracycline Biosynthesis by Saccharomyces cerevisiae
https://doi.org/10.1016/j.snb.2012.10.091,article,2013.0,Sensors and Actuators B: Chemical,Preparation and gas sensing properties of hierarchical flower-like In2O3 microspheres
https://doi.org/10.1016/j.optlastec.2004.06.008,article,2005.0,Optics & Laser Technology,Optical data storage on protein using angular multiplexing
https://doi.org/10.1016/j.epsr.2024.110158,article,2024.0,Electric Power Systems Research,Stochastic economic dispatch of wind power under uncertainty using clustering-based extreme scenarios
https://doi.org/10.1016/j.apenergy.2022.119393,article,2022.0,Applied Energy,Economic analysis of CCUS: Accelerated development for CO2 EOR and storage in residual oil zones under the context of 45Q tax credit
https://doi.org/10.1021/acssynbio.4c00051,article,2024.0,ACS Synthetic Biology,Discovery of Latent Cannabichromene Cyclase Activity in Marine Bacterial Flavoenzymes
https://doi.org/10.1016/j.procir.2018.01.031,article,2018.0,Procedia CIRP,Decision tool for designing derivative products for supporting assembly planning of large-volume assembly groups
https://doi.org/10.1016/j.nucengdes.2009.07.006,article,2009.0,Nuclear Engineering and Design,Reflux condensation of flowing vapor and non-condensable gases counter-current to laminar liquid film in a vertical tube
https://doi.org/10.1016/j.jmbbm.2023.105693,article,2023.0,Journal of the Mechanical Behavior of Biomedical Materials,"Synthesis, characterization, photo-polymerization, hydrolytic stability, and etching behavior of new self-etch adhesive monomers"
https://doi.org/10.1016/j.cad.2011.01.001,article,2011.0,Computer-Aided Design,Visibility-based conformal cooling channel generation for rapid tooling
https://doi.org/10.1016/j.cja.2018.03.020,article,2018.0,Chinese Journal of Aeronautics,Numerical analysis of broadband noise reduction with wavy leading edge
https://doi.org/10.1016/j.jbiomech.2018.01.030,article,2018.0,Journal of Biomechanics,Exploring novel objective functions for simulating muscle coactivation in the neck
https://doi.org/10.1016/j.aeue.2017.07.004,article,2017.0,AEU - International Journal of Electronics and Communications,Current mode first order universal filter and multiphase sinusoidal oscillator
https://doi.org/10.1016/j.wear.2013.07.015,article,2013.0,Wear,Influence of incidence angle on wear induced by sliding impacts
https://doi.org/10.1016/j.sna.2022.113366,article,2022.0,Sensors and Actuators A: Physical,Suppressing residual vibrations in comb-drive electrostatic actuators: A command shaping technique adapted to nomadic applications
https://doi.org/10.1016/j.ijheatmasstransfer.2020.120467,article,2020.0,International Journal of Heat and Mass Transfer,High-temperature effects on the mucus layers in a realistic human upper airway model
https://doi.org/10.1016/j.epsr.2021.107744,article,2022.0,Electric Power Systems Research,Stochastic approach for economic viability of photovoltaic systems with battery storage for big electricity consumers in the regulated marketin Brazil
https://doi.org/10.1016/0098-1354(85)87002-2,article,1985.0,Computers & Chemical Engineering,A modern hardware setup for real-time turbulence measurements in two-phase flows
https://doi.org/10.1016/S1474-6670(17)52962-6,article,1989.0,IFAC Proceedings Volumes,Assessing the Importance of Long-Term Contracts in Financing Natural Gas Projects
https://doi.org/10.1016/j.sse.2008.06.020,article,2008.0,Solid-State Electronics,Modeling and design of a monolithically integrated power converter on SiC
https://doi.org/10.1016/0010-2180(94)00060-6,article,1995.0,Combustion and Flame,Predicting the Devolatilization Behavior of any coal from its ultimate analysis
https://doi.org/10.1016/j.still.2011.09.008,article,2011.0,Soil and Tillage Research,Modelling aeolian sediment transport during initial soil development on an artificial catchment using WEPS and aerial images
https://doi.org/10.1016/S0019-0578(01)00002-7,article,2001.0,ISA Transactions,Quantitative feedback synthesis of sampled-data systems with time-delay by approximate Z-transform
https://doi.org/10.1016/j.icheatmasstransfer.2017.02.016,article,2017.0,International Communications in Heat and Mass Transfer,Generating optimal heat conduction paths based on bionic growth simulation
https://doi.org/10.1016/j.renene.2012.03.025,article,2012.0,Renewable Energy,A non-tubular Stirling engine heater for a micro solar power unit
https://doi.org/10.1016/B978-075068028-8/50009-7,incollection,2006.0,Interfacing PIC Microcontrollers,7 - Analogue interfacing
https://doi.org/10.1016/j.microrel.2013.12.001,article,2014.0,Microelectronics Reliability,Analysis of Harmonic distortion in asymmetric underlap DG-MOSFET with high-k spacer
https://doi.org/10.1016/j.firesaf.2015.07.008,article,2015.0,Fire Safety Journal,Statistical description of firebrand size and shape distribution from coniferous trees for use in Metropolis Monte Carlo simulations of firebrand flight distance
https://doi.org/10.1016/j.jsv.2023.118135,article,2024.0,Journal of Sound and Vibration,Flow-induced noise from a seal-vibrissa-shaped cylinder
https://doi.org/10.1016/B978-0-32-385655-3.00009-6,incollection,2022.0,Intelligent Sensing and Communications for Internet of Everything,Chapter 5 - MmWave technology and Terahertz technology IoT communications
https://doi.org/10.1016/S1474-6670(17)52866-9,article,1989.0,IFAC Proceedings Volumes,Low Cost Digital Controller for PWM Converter
https://doi.org/10.1016/j.sigpro.2019.107247,article,2020.0,Signal Processing,Time-modulated array beamforming with periodic stair-step pulses
https://doi.org/10.1016/j.snb.2016.07.061,article,2017.0,Sensors and Actuators B: Chemical,Label-free chemiluminescent strategy for highly selective and sensitive detection of adenosine triphosphate by cofactor-dependent enzymatic ligation-triggered polymerase chain reaction
https://doi.org/10.1021/acssynbio.9b00387,article,2019.0,ACS Synthetic Biology,Unravelling the Biosynthetic Flexibility of UK-2A Enables Enzymatic Synthesis of Its Structural Variants
https://doi.org/10.1016/B978-075067819-3/50010-5,incollection,2005.0,A Baker's Dozen,Chapter 8 - Working the Analog Problem From the Digital Domain
https://doi.org/10.1016/j.asej.2019.01.004,article,2019.0,Ain Shams Engineering Journal,Tustin's technique based digital decentralized load frequency control in a realistic multi power system considering wind farms and communications delays
https://doi.org/10.1016/j.est.2024.112414,article,2024.0,Journal of Energy Storage,"Energy, power, and cost optimization of a sodium-ion battery pack via a combined physics-based and cost modeling approach"
https://doi.org/10.1016/j.mejo.2019.05.016,article,2019.0,Microelectronics Journal,Fractional order Chebyshev-like low-pass filters based on integer order poles
https://doi.org/10.1016/S0026-2692(98)00042-1,article,1998.0,Microelectronics Journal,Design automation of σΔ DACs using SIGGEN
https://doi.org/10.1016/B978-075067841-4/50038-5,incollection,2005.0,Data Conversion Handbook,SECTION 8-7 - Direct Digital Synthesis (DDS)
https://doi.org/10.1016/j.mejo.2020.104908,article,2020.0,Microelectronics Journal,A low-power column-parallel cyclic ADC for CMOS image sensor with capacitance and current scaling
https://doi.org/10.1016/j.ijengsci.2012.06.016,article,2012.0,International Journal of Engineering Science,Trapping of a crack advancing through an elastic lattice
https://doi.org/10.1016/j.mejo.2012.05.003,article,2012.0,Microelectronics Journal,Analytical synthesis of general high-order voltage/current transfer functions using CCIIs
https://doi.org/10.1016/S0997-7546(01)01154-2,article,2001.0,European Journal of Mechanics - B/Fluids,A PDF propagation approach to model turbulent dispersion in swirling flows
https://doi.org/10.1016/j.desal.2016.08.005,article,2016.0,Desalination,A flexible and hydrophobic polyurethane elastomer used as binder for the activated carbon electrode in capacitive deionization
https://doi.org/10.1021/acschembio.1c00036,article,2021.0,ACS Chemical Biology,The Promise and Peril of Chemical Probe Negative Controls
https://doi.org/10.1016/j.apacoust.2020.107597,article,2021.0,Applied Acoustics,Using horizontal sonic crystals to reduce the aeroacosutic signature of a simplified ICE3 train model
https://doi.org/10.1016/j.jsv.2013.10.001,article,2014.0,Journal of Sound and Vibration,Enhancement of efficiency of vibration suppression using piezoelectric elements and LR circuit by amplification of electrical resonance
https://doi.org/10.1016/0263-8223(87)90067-5,article,1987.0,Composite Structures,Determination of calibration constants for the hole-drilling residual stress measurement technique applied to orthotropic composites—Part II: Experimental evaluations
https://doi.org/10.1021/acssynbio.0c00369,article,2022.0,ACS Synthetic Biology,Parameterized Computational Framework for the Description and Design of Genetic Circuits of Morphogenesis Based on Contact-Dependent Signaling and Changes in Cell–Cell Adhesion
https://doi.org/10.1016/j.jmatprotec.2006.03.047,article,2007.0,Journal of Materials Processing Technology,Lift and guidance forces by using iron-magnetic track with side rims interacting with passive HTC superconducting plate: Experimental analyses
https://doi.org/10.1016/j.ymssp.2023.110999,article,2024.0,Mechanical Systems and Signal Processing,Investigation on local monitoring paradigms of in-situ conformally fabricated piezopolymer coating-based array transducers: Ultrasonic bulk waves and local ultrasonic resonances
https://doi.org/10.1016/j.bios.2021.113123,article,2021.0,Biosensors and Bioelectronics,Electrochemiluminescence imaging of respiratory activity of cellular spheroids using sequential potential steps
https://doi.org/10.1016/j.bspc.2014.06.003,article,2014.0,Biomedical Signal Processing and Control,An implementation of independent component analysis for 3D statistical shape analysis
https://doi.org/10.1016/B978-0-08-030536-3.50063-5,incollection,1984.0,Control in Power Electronics and Electrical Drives 1983,A MICROPROCESSOR CONTROL SCHEME FOR NATURALLY COMMUTATED THYRISTOR CONVERTER WITH VARIABLE FREQUENCY SUPPLY
https://doi.org/10.1016/j.jajp.2021.100059,article,2021.0,Journal of Advanced Joining Processes,Welding and processing of metallic materials by using friction stir technique: A review
https://doi.org/10.1016/0169-8141(87)90022-9,article,1987.0,International Journal of Industrial Ergonomics,An on-line microcomputer-based cardiac monitoring system
https://doi.org/10.1016/j.ijmultiphaseflow.2020.103274,article,2020.0,International Journal of Multiphase Flow,Dynamics of a spherical droplet driven by active slip and stress
https://doi.org/10.1016/j.aej.2024.09.038,article,2024.0,Alexandria Engineering Journal,Implementation of direct demodulator based on ANN using FPGA
https://doi.org/10.1016/B978-075065635-1/50023-6,incollection,2002.0,AVR,4 - Intermediate operations
https://doi.org/10.1016/B978-0-08-102505-5.00006-9,incollection,2018.0,Analog Design and Simulation Using OrCAD Capture and PSpice (Second Edition),Chapter 6 - Stimulus Editor
https://doi.org/10.1016/S0076-5392(08)63213-0,incollection,1982.0,"Stochastic models, estimation, and control",Chapter 14 Linear stochastic controller design and performance analysis
https://doi.org/10.1016/j.destud.2016.08.004,article,2016.0,Design Studies,Prototyping bodies: a post-phenomenology of wearable simulations
https://doi.org/10.3182/20120823-5-NL-3013.00025,article,2012.0,IFAC Proceedings Volumes,Geometry of Model Predictive Control
https://doi.org/10.1016/j.jbiomech.2022.111238,article,2022.0,Journal of Biomechanics,"Biochemical and biomechanical characterization of the cervical, thoracic, and lumbar facet joint cartilage in the Yucatan minipig"
https://doi.org/10.1016/j.ijsolstr.2019.06.013,article,2020.0,International Journal of Solids and Structures,Micromechanical investigation of grouting in soils
https://doi.org/10.1016/j.sysarc.2018.09.002,article,2018.0,Journal of Systems Architecture,Scheduling non-preemptive tasks with strict periods in multi-core real-time systems
https://doi.org/10.1016/S0893-9659(04)90077-8,article,2004.0,Applied Mathematics Letters,Remarks on some relationships between the Bernoulli and Euler polynomials
https://doi.org/10.1016/j.bspc.2021.102883,article,2021.0,Biomedical Signal Processing and Control,Usefulness of blinking duration variability (BDV) in discriminating emotional states
https://doi.org/10.1016/0021-8634(92)80068-4,article,1992.0,Journal of Agricultural Engineering Research,Human subjective response to lorry vibration: Implications for farm animal transport
https://doi.org/10.1006/jsvi.1998.1584,article,1998.0,Journal of Sound and Vibration,THE ELASTIC FIELD GENERATED BY TWO LOADS MOVING ALONG TWO STRINGS ON AN ELASTICALLY SUPPORTED MEMBRANE
https://doi.org/10.1016/j.measurement.2019.05.003,article,2019.0,Measurement,A miniaturized low-power vector impedance analyser for accurate multi-parameter measurement
https://doi.org/10.1016/0026-2714(88)90268-5,article,1988.0,Microelectronics Reliability,4719411 Addressable test matrix for measuring analog transfer characteristics of test elements used for integrated process control and device evaluation
https://doi.org/10.1016/S0301-9322(00)00069-0,article,2001.0,International Journal of Multiphase Flow,A fast Eulerian method for disperse two-phase flow
https://doi.org/10.1016/j.ijheatmasstransfer.2021.121549,article,2021.0,International Journal of Heat and Mass Transfer,A study on vapor transport characteristics in hollow-fiber membrane humidifier with empirical mass transfer coefficient
https://doi.org/10.1016/S0082-0784(89)80101-8,article,1989.0,Symposium (International) on Combustion,Chemical kinetic modeling and sensitivity analyses for boron assisted hydrocarbon combustion
https://doi.org/10.1016/j.jsv.2021.116294,article,2021.0,Journal of Sound and Vibration,Propagation characteristics of laser-induced acoustic sources in hybrid anechoic wind tunnels
https://doi.org/10.1016/1350-4533(95)90852-3,article,1995.0,Medical Engineering & Physics,Dynamic characteristics of prosthetic heart valves
https://doi.org/10.1016/j.automatica.2020.108906,article,2020.0,Automatica,Efficient hinging hyperplanes neural network and its application in nonlinear system identification
https://doi.org/10.1016/0004-3702(71)90009-9,article,1971.0,Artificial Intelligence,Hypothesis generation by machine
https://doi.org/10.1016/0278-6125(88)90029-5,article,1988.0,Journal of Manufacturing Systems,Single machine setup-dependent sequencing using a setup complexity ranking scheme
https://doi.org/10.1016/0004-3702(90)90054-4,article,1990.0,Artificial Intelligence,Real-time heuristic search
https://doi.org/10.1016/j.aeue.2007.03.015,article,2008.0,AEU - International Journal of Electronics and Communications,Signal limitations of the current-mode filters employing current conveyors
https://doi.org/10.1016/j.commatsci.2018.04.019,article,2018.0,Computational Materials Science,γ-Graphyne analogues based on As and Sb elements
https://doi.org/10.3182/20090819-3-PL-3002.00052,article,2009.0,IFAC Proceedings Volumes,Continuous-Time Dynamic System Identification with Multisine Random Excitation Revisited* *This work was partially supported by Polish Ministry of Science and Higher Education.
https://doi.org/10.1006/dspr.2002.0452,article,2002.0,Digital Signal Processing,A New Joint Coding and Modulation Scheme for Channels with Clipping
https://doi.org/10.1016/j.clay.2014.03.014,article,2014.0,Applied Clay Science,Fourier transform infrared spectroscopy analysis for hydrothermal transformation of microcrystalline cellulose on montmorillonite
https://doi.org/10.1016/0094-5765(87)90057-9,article,1987.0,Acta Astronautica,Impact of modulation on optimization of ground terminal and mobile satellite payload
https://doi.org/10.1016/0950-7051(89)90007-5,article,1989.0,Knowledge-Based Systems,Generating legal arguments
https://doi.org/10.1016/0923-5965(91)90058-A,article,1991.0,Signal Processing: Image Communication,A stereoscopic television system (3D-TV) and compatible transmission on a MAC channel (3D-MAC)
https://doi.org/10.1016/j.ijpvp.2024.105351,article,2025.0,International Journal of Pressure Vessels and Piping,Using odometry drift to match ILI joint boundaries for run comparisons
https://doi.org/10.1016/j.probengmech.2015.12.009,article,2016.0,Probabilistic Engineering Mechanics,Towards an improved critical wave groups method for the probabilistic assessment of large ship motions in irregular seas
https://doi.org/10.1016/S0895-7177(02)00062-6,article,2002.0,Mathematical and Computer Modelling,Periodic solutions of a discrete time nonautonomous ratio-dependent predator-prey system
https://doi.org/10.1016/j.snb.2021.129450,article,2021.0,Sensors and Actuators B: Chemical,Towards a low cost fully integrated IGZO TFT NO2 detection and quantification: A solution-processed approach
https://doi.org/10.1016/j.jsv.2005.01.015,article,2005.0,Journal of Sound and Vibration,Development of hybrid method for the prediction of underwater propeller noise
https://doi.org/10.1016/j.compstruc.2019.03.011,article,2019.0,Computers & Structures,"On the material and material-adapted approaches to curve framing with applications in path estimation, shape reconstruction, and computer graphics"
https://doi.org/10.1016/j.mejo.2017.08.014,article,2017.0,Microelectronics Journal,A high output swing current-steering DAC using voltage controlled current source
https://doi.org/10.1016/B978-0-12-411588-0.00009-1,incollection,2013.0,Getting Started with the MSP430 Launchpad,Chapter 9 - 1s and 0s Revisited: The Digital Stream
https://doi.org/10.1016/j.sna.2009.11.036,article,2010.0,Sensors and Actuators A: Physical,A novel signal processing circuit for contactless motion detection
https://doi.org/10.1016/j.ijmachtools.2024.104243,article,2025.0,International Journal of Machine Tools and Manufacture,Electrical discharge-mechanical hybrid drilling of micro-holes in carbon fibre-reinforced polymers
https://doi.org/10.1016/B978-075065612-2/50001-9,incollection,2003.0,Newnes Guide to Radio and Communications Technology,1 - An introduction to radio
https://doi.org/10.1016/j.mssp.2017.07.009,article,2017.0,Materials Science in Semiconductor Processing,A low-cost copper oxide thin film memristive device based on successive ionic layer adsorption and reaction method
https://doi.org/10.1016/j.ijheatmasstransfer.2011.06.011,article,2011.0,International Journal of Heat and Mass Transfer,Contact conductance of rough surfaces composed of modified RMD patches
https://doi.org/10.1016/j.ijheatmasstransfer.2018.12.076,article,2019.0,International Journal of Heat and Mass Transfer,CHF experiments on the influence of inclination and gap size
https://doi.org/10.1016/j.snb.2014.12.057,article,2015.0,Sensors and Actuators B: Chemical,A microfluidic electrostatic separator based on pre-charged droplets
https://doi.org/10.1016/0894-1777(88)90045-3,article,1988.0,Experimental Thermal and Fluid Science,Quantitative measurement with the burst-mode laser Doppler anemometer
https://doi.org/10.1016/j.jsv.2016.02.032,article,2016.0,Journal of Sound and Vibration,Prediction of tonal ducted fan noise
https://doi.org/10.1016/j.aeue.2019.152845,article,2019.0,AEU - International Journal of Electronics and Communications,Traditional Op-Amp and new VCII: A comparison on analog circuits applications
https://doi.org/10.1016/j.jmbbm.2022.105154,article,2022.0,Journal of the Mechanical Behavior of Biomedical Materials,Exploring a parallel rheological framework to capture the mechanical behaviour of a thin-strut polymeric bioresorbable coronary scaffold
https://doi.org/10.1016/j.bios.2011.10.045,article,2012.0,Biosensors and Bioelectronics,Fabrication of a chitosan/glucose oxidase–poly(anilineboronic acid)–Aunano/Au-plated Au electrode for biosensor and biofuel cell
https://doi.org/10.1016/j.asoc.2014.10.043,article,2015.0,Applied Soft Computing,Implementation of adaptive fuzzy logic and PI controllers to regulate the DC bus voltage of shunt active power filter
https://doi.org/10.1016/j.ijrmms.2017.07.002,article,2017.0,International Journal of Rock Mechanics and Mining Sciences,Effect of grouting on shear behavior of rock joint
https://doi.org/10.1016/S1007-5704(02)00011-4,article,2003.0,Communications in Nonlinear Science and Numerical Simulation,On equations solvable by the inverse scattering method for the Dirac operator
https://doi.org/10.1016/j.snb.2014.01.099,article,2014.0,Sensors and Actuators B: Chemical,Artificial bacterial flagella functionalized with temperature-sensitive liposomes for controlled release
https://doi.org/10.1016/S0378-4754(66)80004-6,article,1966.0,Mathematics and Computers in Simulation,Generation of inverse functions by the method of steepest descent
https://doi.org/10.1016/j.cma.2017.01.006,article,2017.0,Computer Methods in Applied Mechanics and Engineering,Bayesian updating and model class selection with Subset Simulation
https://doi.org/10.1016/0005-1098(85)90096-2,article,1985.0,Automatica,Design and flight testing of a digital optimal control general aviation autopilot
https://doi.org/10.1016/j.mcm.2006.07.009,article,2007.0,Mathematical and Computer Modelling,Lumped thermal model for switched reluctance motor applied to mechanical design optimization
https://doi.org/10.1016/B978-0-12-384982-3.00001-8,incollection,2012.0,Signals and Systems for Bioengineers (Second Edition),Chapter 1 - The Big Picture: Bioengineering Signals and Systems
https://doi.org/10.1016/j.bios.2018.01.044,article,2018.0,Biosensors and Bioelectronics,Autonomous DNA nanomachine based on cascade amplification of strand displacement and DNA walker for detection of multiple DNAs
https://doi.org/10.1016/j.sse.2005.11.007,article,2006.0,Solid-State Electronics,Proton and gamma radiation effects in a new first-generation SiGe HBT technology
https://doi.org/10.1016/0951-8320(95)00045-4,article,1995.0,Reliability Engineering & System Safety,External maintenance rate prediction and design concepts for high reliability and availability on space station Freedom
https://doi.org/10.1016/B978-0-12-823799-1.00011-5,incollection,2022.0,Multi-Objective Combinatorial Optimization Problems and Solution Methods,4 - Improved crow search algorithm based on arithmetic crossover—a novel metaheuristic technique for solving engineering optimization problems
https://doi.org/10.1016/j.fusengdes.2017.03.167,article,2017.0,Fusion Engineering and Design,Response of the imaging cameras to hard radiation during JET operation
https://doi.org/10.1016/0045-7949(96)00089-2,article,1996.0,Computers & Structures,Aeroelastic analysis for flap of airfoil in transonic flow
https://doi.org/10.1016/S0082-0784(06)80214-6,article,1992.0,Symposium (International) on Combustion,"Metal dust combustion: Explosion limits, pressures, and temperatures"
https://doi.org/10.1016/j.fusengdes.2019.111412,article,2020.0,Fusion Engineering and Design,Control system of neutral particle analyzer in energy sweeping mode
https://doi.org/10.1016/0038-1101(82)90202-7,article,1982.0,Solid-State Electronics,Non-equilibrium ψs vs Vg characteristics of MOS capacitors and related effects
https://doi.org/10.1016/j.bspc.2011.05.008,article,2011.0,Biomedical Signal Processing and Control,On the design of a flexible stimulator for animal studies in auditory prostheses
https://doi.org/10.1016/S1620-7742(01)01303-4,article,2001.0,Comptes Rendus de l'Académie des Sciences - Series IIB - Mechanics,On the scattering of H-polarized electromagnetic field by an ideally conductive cylindrical body of a trapping type
https://doi.org/10.1016/B978-012257251-7/50005-8,incollection,2004.0,Characterization and Measurement of Magnetic Materials,Chapter 3 - Operation of Permanent Magnets
https://doi.org/10.1016/0250-6874(82)80025-5,article,1982.0,Sensors and Actuators,Some remarks on the selection of sensors for correlation velocity measurement systems
https://doi.org/10.1016/j.enconman.2018.06.068,article,2018.0,Energy Conversion and Management,Heterogeneously catalyzed transesterification of palm oil with methanol to produce biodiesel over calcined dolomite: The role of magnesium oxide
https://doi.org/10.1016/0166-3615(91)90039-C,article,1991.0,Computers in Industry,Integration of learning approaches for maintenance tasks
https://doi.org/10.1016/0301-679X(89)90069-8,article,1989.0,Tribology International,Oil/water partition for some hydroxyalkylamines and antimicrobial efficacy in metalworking coolants
https://doi.org/10.1016/0045-7825(79)90039-2,article,1979.0,Computer Methods in Applied Mechanics and Engineering,A practical method for limit torsion problems
https://doi.org/10.1016/j.asoc.2019.02.044,article,2019.0,Applied Soft Computing,Topology optimization techniques for mobile robot path planning
https://doi.org/10.1016/j.bios.2010.02.007,article,2010.0,Biosensors and Bioelectronics,A sensitive ligase-based ATP electrochemical assay using molecular beacon-like DNA
https://doi.org/10.1016/j.epsr.2023.109262,article,2023.0,Electric Power Systems Research,A novel spontaneous control for autonomous microgrid VSC system using BPF droop and improved hysteresis band control scheme
https://doi.org/10.1016/S0957-4158(97)00010-X,article,1997.0,Mechatronics,Development and analysis of an ERF pressure control valve
https://doi.org/10.1016/j.apacoust.2022.108667,article,2022.0,Applied Acoustics,Effect of the asymmetric bio-inspired trailing-edge serrations on sound suppression in a coupled owl-based airfoil
https://doi.org/10.1016/0924-4247(94)87010-1,article,1994.0,Sensors and Actuators A: Physical,An integrated optical position-sensitive detector with digital output and error correction
https://doi.org/10.1016/S1474-6670(17)34595-0,article,2003.0,IFAC Proceedings Volumes,A New Fault Detectior for Three-Phase Half-Wave Converter Using Wavelet Transform
https://doi.org/10.1016/j.sysconle.2004.10.003,article,2005.0,Systems & Control Letters,A variable structure convex programming based control approach for a class of uncertain linear systems
https://doi.org/10.1016/j.snb.2020.128757,article,2020.0,Sensors and Actuators B: Chemical,Two 3d-4f metal-organic frameworks as fluorescent sensor array for the discrimination of phosphates based on different response patterns
https://doi.org/10.1016/j.ocecoaman.2021.105781,article,2021.0,Ocean & Coastal Management,Coastal upwelling along the west coast of Sabah and its impact on coastal aquaculture management
https://doi.org/10.1016/0141-6359(91)90002-Z,article,1991.0,Precision Engineering,A future technology for silicon wafer processing for ULSI
https://doi.org/10.1016/j.nancom.2017.01.002,article,2017.0,Nano Communication Networks,"Electrochemistry for bio-device molecular communication: The potential to characterize, analyze and actuate biological systems"
https://doi.org/10.1016/S0378-4754(75)80009-7,article,1975.0,Mathematics and Computers in Simulation,Program generation system for modern hybrid computers
https://doi.org/10.1016/0169-5983(88)90094-9,article,1988.0,Fluid Dynamics Research,Coupling of vortex shedding with a cavity
https://doi.org/10.1016/S0377-0257(00)00188-9,article,2001.0,Journal of Non-Newtonian Fluid Mechanics,Work optimization in continuous and discrete systems with complex fluids
https://doi.org/10.1016/j.jnnfm.2016.02.011,article,2016.0,Journal of Non-Newtonian Fluid Mechanics,Viscoplastic flow in an extrusion damper
https://doi.org/10.1016/j.patcog.2007.06.018,article,2008.0,Pattern Recognition,A SAT-based parser and completer for pictures specified by tiling
https://doi.org/10.1016/j.combustflame.2013.12.023,article,2014.0,Combustion and Flame,Transverse initiation of an insensitive explosive in a layered slab geometry: Front shapes and post-shock flow measurements
https://doi.org/10.1016/j.sna.2013.05.031,article,2013.0,Sensors and Actuators A: Physical,"Network modeling of multiple-port, multiple-vibration-mode transducers and resonators"
https://doi.org/10.1016/B978-0-444-42520-1.50009-8,incollection,1985.0,Local Effects in the Analysis of Structures,On a Method to Evaluate Edge Effects in Elastic Plates
https://doi.org/10.1016/B978-012372533-2/50005-6,incollection,2007.0,3G Evolution,1 - Background of 3G evolution
https://doi.org/10.1016/0967-0661(95)00201-2,article,1996.0,Control Engineering Practice,Designing human-machine interfaces to match the user's mental models
https://doi.org/10.1016/S0924-4247(01)00584-2,article,2001.0,Sensors and Actuators A: Physical,A wind-sensor interface using thermal sigma delta modulation techniques
https://doi.org/10.1016/0011-9164(85)80066-7,article,1985.0,Desalination,Description and mathematical model of a large MSF desalination plant in SCADA configuration
https://doi.org/10.1016/j.tust.2020.103725,article,2021.0,Tunnelling and Underground Space Technology,Experimental investigation on splitting failure of high sidewall cavern under three-dimensional high in-situ stress
https://doi.org/10.1016/0019-0578(89)90007-4,article,1989.0,ISA Transactions,The fifth generation process control architecture
https://doi.org/10.1016/j.applthermaleng.2018.05.031,article,2018.0,Applied Thermal Engineering,Computational investigation of the dust hole effect on the heat transfer and friction factor characteristics in a U bend channel
https://doi.org/10.1016/j.measurement.2011.10.012,article,2012.0,Measurement,Surface electrode switching of a 16-electrode wireless EIT system using RF-based digital data transmission scheme with 8 channel encoder/decoder ICs
https://doi.org/10.1016/0022-460X(82)90527-2,article,1982.0,Journal of Sound and Vibration,Digital spectral analysis of the noise from short duration impulsively started jets
https://doi.org/10.1016/B978-0-08-034197-2.50005-7,incollection,1989.0,Automation and Instrumentation for Power Plants,RECENT TRENDS IN POWER PLANT CONTROL
https://doi.org/10.1016/j.mechatronics.2012.05.002,article,2012.0,Mechatronics,Feedforward signal prediction for accurate motion systems using digital filters
https://doi.org/10.1016/B978-0-08-049907-9.50036-2,incollection,1991.0,Analog Circuit Design,26 - Analog Extensions of Digital Time and Frequency Generation
https://doi.org/10.1016/j.microrel.2014.02.013,article,2014.0,Microelectronics Reliability,High-κ dielectric breakdown in nanoscale logic devices – Scientific insight and technology impact
https://doi.org/10.1016/S0960-1481(99)00036-1,article,2000.0,Renewable Energy,A comprehensive biomass combustion model
https://doi.org/10.1016/0038-1101(96)00067-6,article,1996.0,Solid-State Electronics,Measurement and two-dimensional simulation of thin-film SOI MOSFETs: Intrinsic gate capacitances at elevated temperatures
https://doi.org/10.1016/j.addma.2020.101459,article,2020.0,Additive Manufacturing,Biofabrication strategies for engineering heterogeneous artificial tissues
https://doi.org/10.1016/S0082-0784(06)80061-5,article,1992.0,Symposium (International) on Combustion,Mean reaction rates and flamelet statistics for reaction rate modelling in premixed turbulent flames
https://doi.org/10.1016/B978-0-408-01578-3.50005-4,incollection,1989.0,Basic Digital Signal Processing,Chapter 1 - Introduction to BASIC
https://doi.org/10.1016/j.cnsns.2020.105570,article,2021.0,Communications in Nonlinear Science and Numerical Simulation,CAR T cell therapy in B-cell acute lymphoblastic leukaemia: Insights from mathematical models
https://doi.org/10.1016/j.jfluidstructs.2004.04.009,article,2004.0,Journal of Fluids and Structures,Vortex-induced vibration of a heavy-lift launch vehicle during transonic flight
https://doi.org/10.1016/S1474-6670(17)47504-5,article,1994.0,IFAC Proceedings Volumes,Hamlet and The Computer: An Anthropological View of Automation in the New Generation Aircrafts
https://doi.org/10.1016/j.tsep.2018.03.004,article,2018.0,Thermal Science and Engineering Progress,Thermal disturbances attenuation using a Lyapunov controller for an ice-clamping device actuated by thermoelectric coolers
https://doi.org/10.1016/j.ijplas.2018.01.016,article,2018.0,International Journal of Plasticity,Multi-temperature indentation creep tests on nanotwinned copper
https://doi.org/10.1016/S0263-2241(01)00029-X,article,2002.0,Measurement,A current-mode BIST structure of DACs
https://doi.org/10.1016/j.tafmec.2005.03.006,article,2005.0,Theoretical and Applied Fracture Mechanics,Crack trajectory instability: Propagation in inhomogeneous medium
https://doi.org/10.1016/S0196-8904(98)00023-5,article,1998.0,Energy Conversion and Management,Finite time generalization of thermal exergy
https://doi.org/10.2196/15861,article,2020.0,Journal of Medical Internet Research,Promoting Reproducible Research for Characterizing Nonmedical Use of Medications Through Data Annotation: Description of a Twitter Corpus and Guidelines
https://doi.org/10.1016/j.measurement.2016.04.040,article,2016.0,Measurement,Performance analysis of a DRL-less AFE for battery-powered wearable EEG
https://doi.org/10.1016/j.trip.2024.101125,article,2024.0,Transportation Research Interdisciplinary Perspectives,The impact of road accidents on hospital admissions and the potential of ADAS in containing health expenditure: Evidence from Piedmont data
https://doi.org/10.1021/acschembio.8b01029,article,2019.0,ACS Chemical Biology,Interaction vs Preorganization in Enzyme Catalysis. A Dispute That Calls for Resolution
https://doi.org/10.1016/j.ymssp.2020.107479,article,2021.0,Mechanical Systems and Signal Processing,Real-time steering of curved sound beams in a feedback-based topological acoustic metamaterial
https://doi.org/10.1016/j.ijleo.2020.164970,article,2020.0,Optik,Spatial frequency spectrum of SPR-TFBG: A simple spectral analysis for in-situ refractometry
https://doi.org/10.1016/0951-8320(95)00044-3,article,1995.0,Reliability Engineering & System Safety,Synthesis of failure rates for space station external orbital replaceable units
https://doi.org/10.1016/B978-012088493-3/50006-3,incollection,2005.0,"Circuits, Signals, and Systems for Bioengineers",6 - Frequency characteristics of circuits and analog processes: The transfer function
https://doi.org/10.1016/S0026-2692(01)00154-9,article,2002.0,Microelectronics Journal,"Noise generation, propagation and effects on RF components in system-on-a-chip packaging"
https://doi.org/10.1016/j.fusengdes.2016.03.068,article,2016.0,Fusion Engineering and Design,Embedded multi-channel data acquisition system on FPGA for Aditya Tokamak
https://doi.org/10.1016/0020-7462(94)00037-B,article,1995.0,International Journal of Non-Linear Mechanics,Parametric self-excited non-linear system vibrations analysis with inertial excitation
https://doi.org/10.1016/0020-7462(66)90002-3,article,1966.0,International Journal of Non-Linear Mechanics,An iterative solution for rotationally symmetric non-linear membrane problems
https://doi.org/10.1016/S0011-9164(97)00104-5,article,1997.0,Desalination,Macroscopic fluid flow conditions in spiral-wound membrane elements
https://doi.org/10.1016/0038-1101(93)90237-K,article,1993.0,Solid-State Electronics,Acousto-electric deep-level transient spectroscopy in semiconductors
https://doi.org/10.1016/j.compositesb.2016.11.052,article,2017.0,Composites Part B: Engineering,Numerical modelling of the fracture of polyolefin fibre reinforced concrete by using a cohesive fracture approach
https://doi.org/10.1016/j.jmatprotec.2020.116800,article,2020.0,Journal of Materials Processing Technology,Microstructures refinement and mechanical properties enhancement of aluminum and magnesium alloys by combining distributary-confluence channel process for semisolid slurry preparation with high pressure die-casting
https://doi.org/10.1016/j.clay.2021.106340,article,2022.0,Applied Clay Science,"Controlled assembly of heterogeneous aggregates of clay, iron hydr(oxydes) and polysaccharide: Effects of preparation conditions"
https://doi.org/10.1016/B978-008044017-0/50007-X,incollection,2002.0,Advances in Steel Structures (ICASS '02),- Exploiting the special features of stainless steel in structural design
https://doi.org/10.1016/S1474-6670(17)45022-1,article,1995.0,IFAC Proceedings Volumes,Designing Human-Machine Interfaces to Match the User's Needs
https://doi.org/10.1016/j.camwa.2006.12.028,article,2007.0,Computers & Mathematics with Applications,New Changhee q-Euler numbers and polynomials associated with p-adic q-integrals
https://doi.org/10.1016/j.sigpro.2012.01.007,article,2012.0,Signal Processing,Consensus based distributed change detection using Generalized Likelihood Ratio methodology
https://doi.org/10.1016/S0967-0661(02)00174-0,article,2003.0,Control Engineering Practice,RD-CNN for driving a 2-D conveyor belt via memory shape alloys
https://doi.org/10.1006/jsvi.1995.0388,article,1995.0,Journal of Sound and Vibration,The effect of solid surfaces on turbulent jet noise
https://doi.org/10.1016/j.promfg.2019.02.291,article,2019.0,Procedia Manufacturing,Peak-to-Average Power Ratio Reduction Using New Swarm Intelligence Algorithm in OFDM Systems
https://doi.org/10.1016/j.nucengdes.2014.07.013,article,2015.0,Nuclear Engineering and Design,Dose rates modeling of pressurized water reactor primary loop components with SCALE6.0
https://doi.org/10.1016/j.renene.2014.07.015,article,2014.0,Renewable Energy,An analytical comparison of four approaches to modelling the daily variability of solar irradiance using meteorological records
https://doi.org/10.1016/j.enconman.2010.08.016,article,2011.0,Energy Conversion and Management,An Improved Harmony Search algorithm for optimal scheduling of the diesel generators in oil rig platforms
https://doi.org/10.1016/j.eml.2020.100643,article,2020.0,Extreme Mechanics Letters,Mechanics-guided design of shape-morphing composite sheets with hard and soft materials
https://doi.org/10.1016/j.sna.2010.05.003,article,2010.0,Sensors and Actuators A: Physical,Time-Mean Structure of Axisymmetric Synthetic Jets
https://doi.org/10.1016/j.engstruct.2022.114329,article,2022.0,Engineering Structures,Nonlinear truss modeling method for masonry-infilled reinforced concrete frames
https://doi.org/10.1016/j.egyai.2024.100379,article,2024.0,Energy and AI,Deep Weighted Fusion Learning (DWFL)-based multi-sensor fusion model for accurate building occupancy detection
https://doi.org/10.1016/j.vlsi.2019.08.003,article,2019.0,Integration,Power-efficient ReRAM-aware CNN model generation
https://doi.org/10.1016/j.ast.2023.108180,article,2023.0,Aerospace Science and Technology,Application of point interpolation mesh-free method for magneto/electro rheological vibrations of sandwich conical panels
https://doi.org/10.1016/j.vlsi.2014.02.003,article,2014.0,Integration,Electromigration-aware analog Router with multilayer multiport terminal structures
https://doi.org/10.1016/j.engstruct.2019.03.006,article,2019.0,Engineering Structures,Advanced 3-D beam element including warping and distortional effects for the analysis of spatial framed structures
https://doi.org/10.1016/j.renene.2016.04.070,article,2016.0,Renewable Energy,A biomimetic approach for modeling cloud shading with dynamic behavior
https://doi.org/10.1016/S0963-8695(03)00003-3,article,2003.0,NDT & E International,Study on the transformer equivalent circuit of eddy current nondestructive evaluation
https://doi.org/10.1016/j.aeue.2020.153551,article,2021.0,AEU - International Journal of Electronics and Communications,An ultra-low power analog QRS-detection circuit for ambulatory ECG monitoring
https://doi.org/10.1016/j.procir.2013.06.072,article,2013.0,Procedia CIRP,A Method to Simulate Structural Properties of Cellular Materials for Machining Processes
https://doi.org/10.1016/j.jsv.2017.11.007,article,2018.0,Journal of Sound and Vibration,Condition monitoring and fault diagnosis of motor bearings using undersampled vibration signals from a wireless sensor network
https://doi.org/10.1021/acschembio.9b00124,article,2019.0,ACS Chemical Biology,Novel Antimycobacterial Compounds Suppress NAD Biogenesis by Targeting a Unique Pocket of NaMN Adenylyltransferase
https://doi.org/10.1016/j.tafmec.2018.07.009,article,2018.0,Theoretical and Applied Fracture Mechanics,Analytical solution with validity analysis for an elliptical void and a rigid inclusion under uniform or nonuniform anti-plane loading
https://doi.org/10.1016/j.ifacol.2017.08.919,article,2017.0,IFAC-PapersOnLine,Closed Form Expressions of Linear Discrete Time System Responses**This work was supported by the University of Iceland.
https://doi.org/10.1016/j.ijsolstr.2023.112640,article,2024.0,International Journal of Solids and Structures,Planar piezoelectric metamaterials: Sound transmission and applicable frequency range in oblique incidence
https://doi.org/10.1016/j.mejo.2021.105235,article,2021.0,Microelectronics Journal,MESO-ADC: The ADC design using MESO device
https://doi.org/10.1016/j.ijmecsci.2023.108438,article,2023.0,International Journal of Mechanical Sciences,A grounded inerter-based oscillating TMD for suppressing harmonic and random vibrations
https://doi.org/10.1016/j.medengphy.2022.103941,article,2023.0,Medical Engineering & Physics,Comparative evaluation of a patient-specific customised plate designs and screws for partial mandibular reconstruction
https://doi.org/10.1016/j.conbuildmat.2022.129679,article,2022.0,Construction and Building Materials,Evaluation of the rheological and performance behaviour of bitumen modified with compounds including crumb rubber from waste tires
https://doi.org/10.1016/j.jmbbm.2015.11.025,article,2016.0,Journal of the Mechanical Behavior of Biomedical Materials,Towards Optical Coherence Tomography-based elastographic evaluation of human cartilage
https://doi.org/10.1016/j.engstruct.2013.05.016,article,2013.0,Engineering Structures,A simplified model for the analysis of free plan buildings using a wide-column model
https://doi.org/10.2196/55676,article,2024.0,Journal of Medical Internet Research,An Extensible Evaluation Framework Applied to Clinical Text Deidentification Natural Language Processing Tools: Multisystem and Multicorpus Study
https://doi.org/10.1016/j.engstruct.2013.04.019,article,2013.0,Engineering Structures,Mitigation of human-induced lateral vibrations on footbridges through walkway shaping
https://doi.org/10.1016/j.jmbbm.2022.105373,article,2022.0,Journal of the Mechanical Behavior of Biomedical Materials,Does adhesive luting promote improved fatigue performance of lithium disilicate simplified crowns?
https://doi.org/10.1016/j.pmcj.2010.03.005,article,2010.0,Pervasive and Mobile Computing,P2P social networking for the rest of US
https://doi.org/10.1016/j.optlastec.2024.111977,article,2025.0,Optics & Laser Technology,Beam quality measurement and image analysis of RF optical emission system
https://doi.org/10.1016/j.ijrmms.2024.105947,article,2024.0,International Journal of Rock Mechanics and Mining Sciences,The effect of strain rate on inelastic strain development in porous sandstones deformed under reservoir conditions
https://doi.org/10.1016/j.nucengdes.2023.112809,article,2024.0,Nuclear Engineering and Design,Generation modular reactors: A framework
https://doi.org/10.1016/j.bios.2012.08.059,article,2013.0,Biosensors and Bioelectronics,A method for fluorescence sensing of adenosine and alkaline phosphatase based on the inhibition of S-adenosylhomocysteine hydrolase activity
https://doi.org/10.1016/j.cviu.2024.104221,article,2025.0,Computer Vision and Image Understanding,Leaf cultivar identification via prototype-enhanced learning
https://doi.org/10.1016/j.commatsci.2004.09.050,article,2005.0,Computational Materials Science,Thermal properties of clustered systems of mixed composition: the temperature response of Si–Al clusters studied quantum mechanically
https://doi.org/10.1016/j.ijnonlinmec.2011.12.001,article,2012.0,International Journal of Non-Linear Mechanics,Turbulent field helicity fluctuations and mean helicity appearance
https://doi.org/10.1016/j.ifacol.2023.10.885,article,2023.0,IFAC-PapersOnLine,Neural motion planning in dynamic environments*
https://doi.org/10.1016/j.ijsolstr.2021.111369,article,2022.0,International Journal of Solids and Structures,Quasicontinuum method combined with microplane model
https://doi.org/10.1016/j.dt.2022.02.002,article,2023.0,Defence Technology,Numerical and experimental evaluation for density-related thermal insulation capability of entangled porous metallic wire material
https://doi.org/10.1016/j.jobe.2021.103950,article,2022.0,Journal of Building Engineering,Seismic evaluation of industrial steel moment resisting frames with shape memory alloys using performance-spectra-based method
https://doi.org/10.1016/j.apenergy.2020.115007,article,2020.0,Applied Energy,Rapid prediction method for thermal runaway propagation in battery pack based on lumped thermal resistance network and electric circuit analogy
https://doi.org/10.1051/epjn/2020012,article,2020.0,EPJ - Nuclear Sciences & Technologies,Newton’s second law analogy for the traveling wave of nuclear burning
https://doi.org/10.1016/S1474-6670(17)40146-7,article,1998.0,IFAC Proceedings Volumes,Network Support for Imaginative Communication in Technological Systems and Advanced Societies
https://doi.org/10.1016/j.actaastro.2024.03.003,article,2024.0,Acta Astronautica,From yachts to spacecraft: Legal aspects of space tourism ventures in comparison with the legal regime governing marine tourism
https://doi.org/10.1016/j.comcom.2024.07.011,article,2024.0,Computer Communications,Mission-critical UAV swarm coordination and cooperative positioning using an integrated ROS-LoRa-based communications architecture
https://doi.org/10.32604/cmc.2022.026185,article,2022.0,"Computers, Materials and Continua",A Sparse Optimization Approach for Beyond 5G mmWave Massive MIMO Networks
https://doi.org/10.1016/B978-0-32-395472-3.00062-0,incollection,2025.0,Case Studies in Mathematical Modeling for Medical Devices,Chapter 47 - Modeling with Matlab®⍟⍟This book has a companion website hosting complementary materials. Visit this URL to access it: https://data.mendeley.com/datasets/pmbm24cf54/.
https://doi.org/10.1007/s12205-018-0014-x,article,2018.0,KSCE Journal of Civil Engineering,Gaussian Process Regression and Classification for Probabilistic Damage Assessment of Spatially Distributed Systems
https://doi.org/10.1016/j.prime.2024.100725,article,2024.0,"e-Prime - Advances in Electrical Engineering, Electronics and Energy",Impact of deep cryogenic temperatures on gate stack dual material DG MOSFET performance: Analog and RF analysis
https://doi.org/10.1016/0142-694X(93)80043-C,article,1993.0,Design Studies,Rescuing CAD from rationalism
https://doi.org/10.1016/j.patcog.2023.109334,article,2023.0,Pattern Recognition,Detecting outliers from pairwise proximities: Proximity isolation forests
https://doi.org/10.1016/j.oceaneng.2023.116431,article,2024.0,Ocean Engineering,Revealing insights into hydrodynamic noise induced by different cavitating flows around a hydrofoil
https://doi.org/10.1016/j.biosx.2024.100443,article,2024.0,Biosensors and Bioelectronics: X,Collaborative biofluid analysis based multi-channel integrated wearable detection system for the monitoring of wound infection
https://doi.org/10.1016/j.enbuild.2019.04.008,article,2019.0,Energy and Buildings,Investigation of the accuracy of VFD analog output data and the energy performance of different voltage controls in a VFD-motor-belt-fan system
https://doi.org/10.1016/j.compfluid.2020.104429,article,2020.0,Computers & Fluids,Prismatic mesh generation using minimum distance fields
https://doi.org/10.1016/j.jweia.2022.105245,article,2023.0,Journal of Wind Engineering and Industrial Aerodynamics,A field study on the aerodynamics of freight trains with different stacking configurations
https://doi.org/10.1016/0895-7177(93)90262-W,article,1993.0,Mathematical and Computer Modelling,Subgraph generating functions in chemistry— An example for perfect matchings on honeycomb fragments
https://doi.org/10.1016/j.ijheatmasstransfer.2023.124574,article,2023.0,International Journal of Heat and Mass Transfer,Condensation Heat Transfer and Pressure Drop of Acoustically Actuated Horizontal Two-Phase Flow
https://doi.org/10.1016/j.sigpro.2012.01.010,article,2012.0,Signal Processing,Efficient importance sampling function design for sequential Monte Carlo PHD filter
https://doi.org/10.1016/j.compstruct.2024.118276,article,2024.0,Composite Structures,Non-linear buckling analysis of delaminated hat-stringer panels using variational asymptotic method
https://doi.org/10.1016/j.enbuild.2016.08.079,article,2016.0,Energy and Buildings,Temperature and humidity transient simulation and validation in a measured house without a HVAC system
https://doi.org/10.1016/j.medengphy.2023.104070,article,2023.0,Medical Engineering & Physics,Biomechanical investigation of a custom-made insole to decrease plantar pain of children with flatfoot: A technical note
https://doi.org/10.1016/j.robot.2023.104561,article,2024.0,Robotics and Autonomous Systems,Towards a more anthropomorphic interaction with robots in museum settings: An experimental study
https://doi.org/10.1021/acschembio.4c00096,article,2024.0,ACS Chemical Biology,High-Resolution Substrate Specificity Profiling of SARS-CoV‑2 Mpro; Comparison to SARS-CoV Mpro
https://doi.org/10.1016/j.nucengdes.2023.112282,article,2023.0,Nuclear Engineering and Design,Study on flow-induced noise characteristics of multistage depressurization valve in the nuclear power plant
https://doi.org/10.1016/j.enbuild.2022.112280,article,2022.0,Energy and Buildings,"Biobased phase change materials from a perspective of recycling, resources conservation and green buildings"
https://doi.org/10.1016/j.matcom.2012.06.007,article,2012.0,Mathematics and Computers in Simulation,Mathematical modeling of the flow in a pipeline with a leak
https://doi.org/10.1016/j.eml.2022.101675,article,2022.0,Extreme Mechanics Letters,Sparse binary metasurfaces for steering the flexural waves
https://doi.org/10.1016/j.geotexmem.2022.12.001,article,2023.0,Geotextiles and Geomembranes,Three-dimensional physical modeling of load transfer in basal reinforced embankments under differential settlement
https://doi.org/10.1016/j.jrmge.2023.12.021,article,2024.0,Journal of Rock Mechanics and Geotechnical Engineering,Impact of supercritical carbon dioxide on the frictional strength of and the transport through thin cracks in shale
https://doi.org/10.1016/j.oceaneng.2023.114892,article,2023.0,Ocean Engineering,Deriving spatial wave data from a network of buoys and ships
https://doi.org/10.1016/j.ergon.2023.103441,article,2023.0,International Journal of Industrial Ergonomics,Micromovements and discomfort associated with flight mission with helmet operation tasks with different levels of cognitive workload
https://doi.org/10.1016/j.mejo.2023.105978,article,2023.0,Microelectronics Journal,"A fast-convergence, tree-structured, fully-parallel digital background timing mismatch calibration method for four-channel TIADC based on perfect reconstruction filter bank"
https://doi.org/10.1016/j.flowmeasinst.2024.102647,article,2024.0,Flow Measurement and Instrumentation,Development and characterization of log periodic feedline based filter for water leakage detection in size invariant PVC pipes
https://doi.org/10.1006/jsvi.1998.1681,article,1998.0,Journal of Sound and Vibration,HIGH FREQUENCY NOISE GENERATION IN SMALL AXIAL FLOW FANS
https://doi.org/10.1016/B978-075067810-0/50008-5,incollection,2005.0,Analog and Digital Circuits for Electronic Control System Applications,Chapter 5 - Analog-to-Digital and Digital-to-Analog Conversions
https://doi.org/10.1016/j.jsv.2006.04.040,article,2006.0,Journal of Sound and Vibration,Comparison of multi-microphone transfer matrix measurements with acoustic network models of swirl burners
https://doi.org/10.1021/acschembio.0c00740,article,2021.0,ACS Chemical Biology,"Covalent Inactivation of Mycobacterium tuberculosis Isocitrate Lyase by cis-2,3-Epoxy-Succinic Acid"
https://doi.org/10.1021/acschembio.1c00535,article,2021.0,ACS Chemical Biology,The Coenzyme A Level Modulator Hopantenate (HoPan) Inhibits Phosphopantotenoylcysteine Synthetase Activity
https://doi.org/10.1016/j.knosys.2017.09.008,article,2017.0,Knowledge-Based Systems,Compositional approaches for representing relations between words: A comparative study
https://doi.org/10.1016/j.sse.2022.108238,article,2022.0,Solid-State Electronics,Design of operational transconductance amplifier with Gate-All-Around Nanosheet MOSFET using experimental data from room temperature to 200 °C
https://doi.org/10.1016/j.petsci.2021.12.008,article,2022.0,Petroleum Science,Evaluation of natural gas hydrate resources in the South China Sea by combining volumetric and trend-analysis methods
https://doi.org/10.1016/j.nucengdes.2023.112870,article,2024.0,Nuclear Engineering and Design,Single-phase heat transfer prediction in helical coiled tubes in turbulent regime
https://doi.org/10.1016/j.cnsns.2012.05.028,article,2012.0,Communications in Nonlinear Science and Numerical Simulation,Implementation of orbital attitude control laws on a nonholonomic platform
https://doi.org/10.1016/j.actaastro.2022.10.033,article,2023.0,Acta Astronautica,Personal growth and values in a 90-day head-down bed rest experiment
https://doi.org/10.1016/j.actaastro.2022.12.034,article,2023.0,Acta Astronautica,Training astronauts for scientific exploration on planetary surfaces: The ESA PANGAEA programme
https://doi.org/10.1016/j.dsp.2024.104433,article,2024.0,Digital Signal Processing,Effect of reconstruction error in subtractive dither structure
https://doi.org/10.1016/j.combustflame.2021.111619,article,2022.0,Combustion and Flame,Evaluation of models and important parameters for firebrand burning
https://doi.org/10.1016/j.jcsr.2022.107305,article,2022.0,Journal of Constructional Steel Research,Assessment of deformation in bridge bearing areas using measurements and welding simulation
https://doi.org/10.1016/j.jrmge.2024.12.003,article,2024.0,Journal of Rock Mechanics and Geotechnical Engineering,Structure-type rockburst in deep tunnels: Physical modeling and numerical simulation
https://doi.org/10.1016/j.compfluid.2014.12.006,article,2015.0,Computers & Fluids,Hybrid prediction of the aerodynamic noise radiated by a rectangular cylinder at incidence
https://doi.org/10.1016/j.measurement.2024.114327,article,2024.0,Measurement,Metrological characterisation of tool pre-setting optical systems based on 2D imaging
https://doi.org/10.1016/j.protcy.2014.09.001,article,2014.0,Procedia Technology,Experimental Analysis of Cutting Forces in Actuated Face Milling of Micro Patterns
https://doi.org/10.1016/S0301-679X(02)00134-2,article,2003.0,Tribology International,Stress gradient effects in fretting fatigue
https://doi.org/10.1016/j.aeue.2025.155717,article,2025.0,AEU - International Journal of Electronics and Communications,A ramp-based background calibration technique for timing mismatch in time-interleaved ADCs
https://doi.org/10.1016/S1369-8001(03)00077-5,article,2003.0,Materials Science in Semiconductor Processing,Challenges for signal integrity prediction in the next decade
https://doi.org/10.1016/j.vlsi.2023.102112,article,2024.0,Integration,Modelling and design of asynchronous receptive circuit for cone pathways
https://doi.org/10.1016/j.engstruct.2023.116984,article,2024.0,Engineering Structures,Probabilistic wind uplift resistance framework for the relative evaluation of wood-frame load paths
https://doi.org/10.1021/acssynbio.3c00730,article,2024.0,ACS Synthetic Biology,Efficient Mutasynthesis of “Non-Natural” Antitubercular Ilamycins with Low Cytotoxicity
https://doi.org/10.1016/j.inffus.2023.101810,article,2023.0,Information Fusion,A unified feature-spatial cycle consistency fusion framework for robust image matching
https://doi.org/10.1016/j.vlsi.2023.102100,article,2024.0,Integration,Design of robust analog integrated circuit based on process corner performance variability minimization
https://doi.org/10.1016/j.aeue.2020.153243,article,2020.0,AEU - International Journal of Electronics and Communications,Analog and RF performance evaluation of negative capacitance SOI junctionless transistor
https://doi.org/10.1016/j.destud.2013.06.002,article,2013.0,Design Studies,Expert representation of design repository space: A comparison to and validation of algorithmic output
https://doi.org/10.1016/j.microrel.2008.11.008,article,2009.0,Microelectronics Reliability,Study of gate dielectric permittivity variation with different equivalent oxide thickness on channel engineered deep sub-micrometer n-MOSFET device for mixed signal applications
https://doi.org/10.1016/S1474-6670(17)40225-4,article,1998.0,IFAC Proceedings Volumes,Quantification of Data Clusters for Bioprocess Performance Classification via Artificial Neural Networks
https://doi.org/10.1016/0924-4247(92)80027-Z,article,1992.0,Sensors and Actuators A: Physical,Colour measurement system for the testing of an integrated silicon colour sensor
https://doi.org/10.1016/j.ast.2015.01.016,article,2015.0,Aerospace Science and Technology,"Effect of an excrescence in the slat cove: Flow-field, acoustic radiation and coherent structures"
https://doi.org/10.1016/j.mejo.2009.10.001,article,2009.0,Microelectronics Journal,A curvature-compensated CMOS voltage reference using Vth2 characteristics
https://doi.org/10.2196/jmir.4305,article,2015.0,Journal of Medical Internet Research,A Scalable Framework to Detect Personal Health Mentions on Twitter
https://doi.org/10.3182/20060522-3-FR-2904.00058,article,2006.0,IFAC Proceedings Volumes,UBIQUITOUS AUTOMATION – A GOAL FOR FUTURE WORKSPACES?
https://doi.org/10.1016/j.mssp.2024.108298,article,2024.0,Materials Science in Semiconductor Processing,Unlocking the potential of effect of gamma irradiation on α-Fe2O3 nanoparticles for high-performance resistive switching applications
https://doi.org/10.1016/j.ast.2019.105544,article,2020.0,Aerospace Science and Technology,Analysis of spurious sound due to vortical flow through permeable surfaces
https://doi.org/10.1016/0022-460X(89)90609-3,article,1989.0,Journal of Sound and Vibration,"Fluid vibration in piping systems—A structural mechanics approach, II: Applications"
https://doi.org/10.1016/0925-9635(94)00240-1,article,1995.0,Diamond and Related Materials,Photoinduced absorption lines related to nickel impurity in annealed synthetic diamonds
https://doi.org/10.1016/0925-9635(94)05245-X,article,1995.0,Diamond and Related Materials,Diamond devices and electrical properties
https://doi.org/10.1016/j.enconman.2016.06.007,article,2016.0,Energy Conversion and Management,Thermodynamic assessment of CO2 to carbon nanofiber transformation for carbon sequestration in a combined cycle gas or a coal power plant
https://doi.org/10.2196/jmir.5634,article,2016.0,Journal of Medical Internet Research,Effects of the Web Behavior Change Program for Activity and Multimodal Pain Rehabilitation: Randomized Controlled Trial
https://doi.org/10.1016/j.isatra.2017.07.030,article,2017.0,ISA Transactions,Design and application of discrete wavelet packet transform based multiresolution controller for liquid level system
https://doi.org/10.1016/j.enganabound.2010.08.016,article,2011.0,Engineering Analysis with Boundary Elements,Deriving exact Green’s functions and integral formulas for a thermoelastic wedge
https://doi.org/10.1016/B978-0-323-85172-5.00023-X,incollection,2021.0,"Electronic Devices, Circuits, and Systems for Biomedical Applications",Chapter 13 - Design and applications of rail-to-rail FC-OTA and second-generation CCII+ cell
https://doi.org/10.1016/0167-1987(86)90458-7,article,1986.0,Soil and Tillage Research,Optimum energy model for tillage
https://doi.org/10.1016/j.bspc.2022.103562,article,2022.0,Biomedical Signal Processing and Control,Electrodermal activity based autonomic sleep staging using wrist wearable
https://doi.org/10.1016/j.asej.2016.08.018,article,2018.0,Ain Shams Engineering Journal,On some rotational flows of non-integer order rate type fluids with shear stress on the boundary
https://doi.org/10.1016/j.jare.2016.10.004,article,2017.0,Journal of Advanced Research,Quantitative structure-activity relationship and molecular docking studies of a series of quinazolinonyl analogues as inhibitors of gamma amino butyric acid aminotransferase
https://doi.org/10.1016/S1474-6670(17)31149-7,article,2004.0,IFAC Proceedings Volumes,Adaptive Force Feedback for Stable Haptic Interfaces
https://doi.org/10.1016/0141-9331(81)90403-8,article,1981.0,Microprocessors and Microsystems,Testing and evaluation of digital control systems
https://doi.org/10.1016/j.vlsi.2020.08.001,article,2021.0,Integration,MOS based pseudo-resistors exhibiting Tera Ohms of Incremental Resistance for biomedical applications: Analysis and proof of concept
https://doi.org/10.1016/j.aeue.2017.08.049,article,2017.0,AEU - International Journal of Electronics and Communications,Low-voltage subthreshold CMOS current mode circuits: Design and applications
https://doi.org/10.1016/S0169-7552(97)00084-6,article,1997.0,Computer Networks and ISDN Systems,Tensorial calculus of line and plane in homogeneous coordinates
https://doi.org/10.1016/j.compfluid.2012.01.017,article,2013.0,Computers & Fluids,Surface conformed linear mesh and data subdivision technique for large-scale flow simulation and visualization in Variable Intensity Computational Environment
https://doi.org/10.1016/S0021-9290(96)80018-2,article,1996.0,Journal of Biomechanics,Endpoint error in smoothing and differentiating raw kinematic data: An evaluation of four popular methods
https://doi.org/10.1016/j.snb.2013.12.096,article,2014.0,Sensors and Actuators B: Chemical,A microscale mechanical stimulator for generating identical in-plane surface strains toward live cells on multiple loading sites
https://doi.org/10.1016/S0140-3664(99)00074-2,article,1999.0,Computer Communications,Logistical quality of service in NetSolve
https://doi.org/10.1016/j.jbiomech.2021.110894,article,2022.0,Journal of Biomechanics,Preclinical modeling of mechanical thrombectomy
https://doi.org/10.1016/j.euromechflu.2016.01.002,article,2016.0,European Journal of Mechanics - B/Fluids,Instability waves and aerodynamic noise in a subsonic transitional turbulent jet
https://doi.org/10.1006/rtim.1996.0004,article,1996.0,Real-Time Imaging,Using Content-Based Search to Download Digital Video into a Client Station
https://doi.org/10.1016/S1474-6670(17)50781-8,article,1992.0,IFAC Proceedings Volumes,LMS and FRLS 2-D Lattice Filters
https://doi.org/10.1016/j.jksus.2018.02.005,article,2020.0,Journal of King Saud University - Science,Quantitative structure–activity relationship and molecular docking of 4-Alkoxy-Cinnamic analogues as anti-mycobacterium tuberculosis
https://doi.org/10.1016/B978-075067946-6/50018-3,incollection,2005.0,Programming the PIC Microcontroller with MBASIC,Chapter 16 - Digital-to-Analog Conversion
https://doi.org/10.1016/0142-694X(92)90216-W,article,1992.0,Design Studies,An evolutionary process model of design
https://doi.org/10.3182/20080706-5-KR-1001.02386,article,2008.0,IFAC Proceedings Volumes,FEASIBILITY TEST RESULTS OF BILATERAL TELEOPERATION USING THE ENERGY-BOUNDING ALGORITHM
https://doi.org/10.1016/j.bios.2014.07.023,article,2015.0,Biosensors and Bioelectronics,Highly sensitive fluorescence detection of target DNA by coupling exonuclease-assisted cascade target recycling and DNAzyme amplification
https://doi.org/10.1016/B978-0-444-70536-5.50011-7,incollection,1988.0,Handbook of Human-Computer Interaction,Chapter 6 - Direct Manipulation
https://doi.org/10.1016/B978-008043948-8/50010-2,incollection,2001.0,"Structural Engineering, Mechanics and Computation",- The BEM for Vibration Analysis of Non-Homogeneous Bodies
https://doi.org/10.1016/B978-0-08-097063-9.10008-1,incollection,2011.0,Electronics Simplified (Third Edition),Chapter 8 - Elements of Television
https://doi.org/10.1016/S0094-5765(03)80015-2,article,2003.0,Acta Astronautica,Thermal protection of re-entry vehicles with the usage of inflatable systems
https://doi.org/10.1016/j.cja.2020.11.012,article,2021.0,Chinese Journal of Aeronautics,High-adaption locomotion with stable robot body for planetary exploration robot carrying potential instruments on unstructured terrain
https://doi.org/10.1016/j.proeng.2011.11.2496,article,2011.0,Procedia Engineering,Optimization and Application of Real-Valued Negative Selection Algorithm
https://doi.org/10.1016/j.optlaseng.2020.106106,article,2020.0,Optics and Lasers in Engineering,Extending low-coherence interferometry dynamic range using heterodyne detection
https://doi.org/10.1016/S1474-6670(17)55293-3,article,1987.0,IFAC Proceedings Volumes,Control Net - A Distributed Network for Digital Control
https://doi.org/10.1016/B978-1-85617-508-1.00007-4,incollection,2009.0,Scalable VoIP Mobility,Chapter 7 - Voice over Cellular and Licensed Spectrum
https://doi.org/10.1016/0019-0578(96)00004-3,article,1996.0,ISA Transactions,The evaluation of safety instrumented systems — tools to peer past the hype
https://doi.org/10.1016/j.matdes.2020.108998,article,2020.0,Materials & Design,Coupling effects of gamma irradiation and absorbed moisture on silicone foam
https://doi.org/10.1016/B978-0-7506-8976-2.00003-1,incollection,2009.0,Digital Signal Processing,Chapter 3 - DSP System General Model
https://doi.org/10.1016/j.proeng.2015.12.649,article,2015.0,Procedia Engineering,Prediction of Fretting-fatigue Crack Nucleation Using a Surface Shear - Sliding Size Crack Analog Parameter
https://doi.org/10.1016/S0141-9331(05)80001-8,article,1993.0,Microprocessors and Microsystems,A correlation coprocessor for accurate real-time ultrasonic ranging of multiple objects using the transputer
https://doi.org/10.1016/B978-0-323-91280-8.00010-1,incollection,2024.0,Interstellar Travel,Chapter 9 - Optimal crew size at both departure and arrival
https://doi.org/10.1016/j.cviu.2021.103209,article,2021.0,Computer Vision and Image Understanding,Towards closing the gap in weakly supervised semantic segmentation with DCNNs: Combining local and global models
https://doi.org/10.1016/j.engstruct.2023.116961,article,2023.0,Engineering Structures,Exact distortional behaviour of single-box multicell curved composite box girders with corrugated steel webs in the elastic stage
https://doi.org/10.1016/j.jweia.2009.06.008,article,2009.0,Journal of Wind Engineering and Industrial Aerodynamics,Numerical simulation of wind flow near a forest edge
https://doi.org/10.1016/0263-8231(90)90065-7,article,1990.0,Thin-Walled Structures,Analysis and design of light gage steel roof systems
https://doi.org/10.1016/j.vlsi.2020.04.007,article,2020.0,Integration,A 0.3nV/√Hz input-referred-noise analog front-end for radiation-induced thermo-acoustic pulses
https://doi.org/10.1016/j.sna.2007.07.018,article,2008.0,Sensors and Actuators A: Physical,Microcontroller-based full control of ultrasonic motor with frequency and voltage adjusting
https://doi.org/10.1016/j.ast.2010.02.003,article,2010.0,Aerospace Science and Technology,Conceptual study of micro-tab device in airframe noise reduction: (I) 2D computation
https://doi.org/10.1016/j.sigpro.2006.02.012,article,2006.0,Signal Processing,1/fα signal synthesis with precision control
https://doi.org/10.1016/S0954-1810(97)00028-9,article,1998.0,Artificial Intelligence in Engineering,Solution reuse for model generation in numerical simulation
https://doi.org/10.1039/d3na00138e,article,2023.0,Nanoscale Advances,Synthesis and application of polypyrrole nanofibers: a review
https://doi.org/10.1016/j.asoc.2020.106073,article,2020.0,Applied Soft Computing,Masked Conditional Neural Networks for sound classification
https://doi.org/10.1016/S0045-7949(98)00180-1,article,1999.0,Computers & Structures,On the use of the P–TFE method for panel flutter optimization
https://doi.org/10.1016/j.mejo.2021.105141,article,2021.0,Microelectronics Journal,Nanosheet field effect transistors-A next generation device to keep Moore's law alive: An intensive study
https://doi.org/10.1016/j.fusengdes.2023.113923,article,2023.0,Fusion Engineering and Design,Characterization of cesium and H−/D− density in the negative ion source SPIDER
https://doi.org/10.1016/j.desal.2020.114778,article,2021.0,Desalination,Nafion-coated Prussian blue electrodes to enhance the stability and efficiency of battery desalination system
https://doi.org/10.1016/j.eml.2018.02.002,article,2018.0,Extreme Mechanics Letters,3D printed electrically-driven soft actuators
https://doi.org/10.1016/B978-075063740-4/50008-0,incollection,1999.0,Radio Spectrum Conservation,"Chapter 8 - Fighting interference: Space, time and format"
https://doi.org/10.1016/j.snb.2023.134953,article,2024.0,Sensors and Actuators B: Chemical,Catalytic hairpin assembly-mediated SERS biosensor for double detection of MiRNAs using gold nanoclusters-doped COF substrate
https://doi.org/10.1016/j.snb.2012.08.044,article,2012.0,Sensors and Actuators B: Chemical,Fabrication of biomimetic device with PS-b-PNIPAAm copolymer pillars mimicking a gecko foot pad
https://doi.org/10.1016/S0017-9310(02)00017-0,article,2002.0,International Journal of Heat and Mass Transfer,Dynamical energy limits in traditional and work-driven operations I. Heat-mechanical systems
https://doi.org/10.1016/j.engstruct.2021.112290,article,2021.0,Engineering Structures,Bond of recycled coarse aggregate concrete: Model uncertainty and reliability-based calibration of design equations
https://doi.org/10.1016/j.petsci.2024.02.009,article,2024.0,Petroleum Science,"A novel fracture-cavity reservoir outcrop geological knowledge base construction method considering parameter collection and processing, mutual transformation of data-knowledge, application and update"
https://doi.org/10.1016/B978-0-08-041273-3.50075-6,article,1991.0,IFAC Proceedings Volumes,Application of image processing to measurement of total length in root system
https://doi.org/10.1016/j.matdes.2020.109155,article,2020.0,Materials & Design,Topological and morphological design of additively-manufacturable spatially-varying periodic cellular solids
https://doi.org/10.1016/j.euromechsol.2020.104125,article,2021.0,European Journal of Mechanics - A/Solids,A mechanics and signal processing based approach for estimating the size of spall in rolling element bearing
https://doi.org/10.1016/B978-075067841-4/50022-1,incollection,2005.0,Data Conversion Handbook,SECTION 5-2 - Testing ADCs
https://doi.org/10.1006/jsvi.1995.0169,article,1995.0,Journal of Sound and Vibration,Estimation of the direct acoustic radiation from a transitional boundary layer using velocity measurements
https://doi.org/10.1016/j.apenergy.2018.07.003,article,2018.0,Applied Energy,Wind power field reconstruction from a reduced set of representative measuring points
https://doi.org/10.1016/j.dsp.2007.02.003,article,2007.0,Digital Signal Processing,An informed source separation of astrophysical ice analogs
https://doi.org/10.1016/0894-1777(95)00078-X,article,1996.0,Experimental Thermal and Fluid Science,Measurements of the mean heat transfer in a shock wave-turbulent boundary layer interaction
https://doi.org/10.1016/j.jpdc.2004.05.005,article,2004.0,Journal of Parallel and Distributed Computing,STICS: SCSI-to-IP cache for storage area networks
https://doi.org/10.1016/j.measurement.2022.110992,article,2022.0,Measurement,Effect of passing metro trains on uncertainty of vibration source intensity: monitoring tests
https://doi.org/10.1016/S0263-2241(98)00061-X,article,1998.0,Measurement,A survey on the dynamic characterization of A/D converters
https://doi.org/10.1680/jstbu.16.00101,article,2017.0,Proceedings of the Institution of Civil Engineers - Structures and Buildings,Compressive behaviour of high-strength steel cross-sections
https://doi.org/10.1016/0010-4485(87)90285-5,article,1987.0,Computer-Aided Design,Use of structural analogy in generation of smooth surfaces for engineering purposes
https://doi.org/10.1016/B978-008043865-8/50042-8,incollection,2000.0,World Renewable Energy Congress VI,Chapter 42 - Daylight and Solar Energy Characterisation of Glazing Units for Buildings: Implementation of ISO and CEN Standards
https://doi.org/10.1016/S0167-8191(05)80027-4,article,1991.0,Parallel Computing,Toward a taxonomy of performance metrics
https://doi.org/10.1016/j.destud.2019.10.003,article,2019.0,Design Studies,Advancing an understanding of design cognition and design metacognition: Progress and prospects
https://doi.org/10.1016/B978-0-12-385185-7.00021-4,incollection,2011.0,Analog Circuit Design,21 - The care and feeding of high performance ADCs: get all the bits you paid for
https://doi.org/10.1016/j.jnnfm.2006.11.007,article,2007.0,Journal of Non-Newtonian Fluid Mechanics,The limiting hole pressure in three dimensions
https://doi.org/10.1016/j.compfluid.2013.06.006,article,2013.0,Computers & Fluids,Application of surface conformed linear mesh and data subdivision technique to a spinning projectile
https://doi.org/10.1016/B978-0-08-036937-2.50014-X,incollection,1989.0,Artificial Intelligence in Real-Time Control 1988,THE KNOWLEDGE-BASED OPTIMIZING OF ELECTRONIC CONTROLLERS
https://doi.org/10.1016/j.cad.2017.12.004,article,2018.0,Computer-Aided Design,Computer-aided design of resistance micro-fluidic circuits for 3D printing
https://doi.org/10.1016/j.tws.2009.03.006,article,2009.0,Thin-Walled Structures,Lateral stiffness of steel plate shear wall systems
https://doi.org/10.1016/j.diamond.2022.109620,article,2023.0,Diamond and Related Materials,Fe3O4 nanospheres deposited on Prussian blue analogue-derived Ni-Co/CNTs networks for electromagnetic wave absorption
https://doi.org/10.1016/j.proeng.2012.04.177,article,2012.0,Procedia Engineering,Usage of IP technologies to reduce noise levels in audio and recording cabins
https://doi.org/10.1016/S0304-3886(03)00105-0,article,2003.0,Journal of Electrostatics,An automated design system methodology and strategy for electrostatic discharge protection circuits in RF CMOS and BiCMOS silicon germanium technology
https://doi.org/10.1016/j.snb.2024.135734,article,2024.0,Sensors and Actuators B: Chemical,Europium-macrocycle based lab-on-a-molecule fluorescent probe and its multianalyte detection of phosphate and aluminum ions
https://doi.org/10.1016/j.ifacol.2019.12.579,article,2019.0,IFAC-PapersOnLine,Reinforcement Learning Approach for Navigation of Ground Robotic Platform in Statically and Dynamically Generated Environments
https://doi.org/10.1016/j.conbuildmat.2025.140355,article,2025.0,Construction and Building Materials,Real-time observations of cracking damage in thin film strength tests of asphalt binders
https://doi.org/10.1016/j.engfracmech.2021.107874,article,2021.0,Engineering Fracture Mechanics,A new framework based on XFEM for cracked semipermeable piezoelectric material
https://doi.org/10.1016/j.clay.2024.107476,article,2024.0,Applied Clay Science,"Trivalent lanthanide sorption onto illite in the presence of carbonate: A study combining thermodynamic sorption modeling, time-resolved laser fluorescence spectroscopy, and parallel factor analysis"
https://doi.org/10.1016/j.est.2025.115983,article,2025.0,Journal of Energy Storage,Flexible thermal power units integrated with molten salt thermal storage: Thermal energy distribution active adjustment method and thermodynamic evaluation
https://doi.org/10.1016/j.mejo.2024.106550,article,2025.0,Microelectronics Journal,"Simulation study of inversion, accumulation, and junctionless mode monolayer MoS2/Ge heterojunction nanosheet at 1.5 nm node"
https://doi.org/10.1016/j.asej.2023.102314,article,2024.0,Ain Shams Engineering Journal,Dust analysis in photo-voltaic solar plants with satellite data
https://doi.org/10.1016/j.actaastro.2021.12.015,article,2022.0,Acta Astronautica,From impact refugees to deterritorialized states: Foresighting extreme legal-policy cases in asteroid impact scenarios
https://doi.org/10.1016/j.microrel.2021.114265,article,2021.0,Microelectronics Reliability,Hot-carrier evaluation of a zero-cost transistor developed via process optimization in an embedded non-volatile memory CMOS technology
https://doi.org/10.1016/j.ifacol.2024.10.267,article,2024.0,IFAC-PapersOnLine,Hands-on lab practices on control in a distance education university
https://doi.org/10.1016/j.est.2024.115137,article,2025.0,Journal of Energy Storage,A salt-free aqueous battery system: Insights into proton dynamics and electrochemical mechanisms
https://doi.org/10.1021/acschembio.0c00409,article,2020.0,ACS Chemical Biology,Carbocyclic Substrate Analogues Reveal Kanosamine Biosynthesis Begins with the α‑Anomer of Glucose 6‑Phosphate
https://doi.org/10.1016/j.ijheatmasstransfer.2017.05.048,article,2017.0,International Journal of Heat and Mass Transfer,Experimental validation of heat/mass transfer analogy for two-dimensional laminar and turbulent boundary layers
https://doi.org/10.1016/j.jsv.2013.08.029,article,2013.0,Journal of Sound and Vibration,"Effects of mean flow convection, quadrupole sources and vortex shedding on airfoil overall sound pressure level"
https://doi.org/10.1016/j.ifacol.2022.09.065,article,2022.0,IFAC-PapersOnLine,Performance Space Supported Design of Analog Electronic Circuits
https://doi.org/10.1016/j.biosystemseng.2021.08.003,article,2021.0,Biosystems Engineering,Viscosity of chia seed water suspension using two mixers and two approaches
https://doi.org/10.1016/j.ifacol.2019.09.123,article,2019.0,IFAC-PapersOnLine,A thermal–electrical analogy model of a four–floor building with occupancy estimation for heating system control⁎⁎This work is supported by Engineering and Physical Sciences Research Council (EPSRC): EP/M015637/1.
https://doi.org/10.1016/j.conbuildmat.2022.128294,article,2022.0,Construction and Building Materials,Eco-efficient transformation of mineral wool wastes into lightweight aggregates at low firing temperature and associated environmental assessment
https://doi.org/10.1016/j.ijheatmasstransfer.2018.07.085,article,2018.0,International Journal of Heat and Mass Transfer,Study on analogy principle of overall cooling effectiveness for composite cooling structures with impingement and effusion
https://doi.org/10.1021/acschembio.2c00902,article,2023.0,ACS Chemical Biology,Design of Class I/IV Bromodomain-Targeting Degraders for Chromatin Remodeling Complexes
https://doi.org/10.1007/s12205-013-0381-2,article,2014.0,KSCE Journal of Civil Engineering,Evaluation of hydraulic conductivity of reconstructed granular media generated using low-order probability functions
https://doi.org/10.1016/S0167-8922(06)80031-3,incollection,2006.0,Tribology in Electrical Environments,Chapter 18 Evaluation of stiffness and damping coefficients of cylindrical journal bearings by electrical analogy
https://doi.org/10.1016/j.bspc.2024.107214,article,2025.0,Biomedical Signal Processing and Control,Deep learning algorithm for room temperature detection using bioelectric potential of plant data
https://doi.org/10.1016/j.cie.2022.108624,article,2022.0,Computers & Industrial Engineering,A new technology implementation via mathematical modeling for the sequence-dependent setup times of industrial problems
https://doi.org/10.1016/j.mejo.2022.105386,article,2022.0,Microelectronics Journal,Power-aware feature selection for optimized Analog-to-Feature converter
https://doi.org/10.1021/acschembio.1c00978,article,2022.0,ACS Chemical Biology,Fluorinated Phosphoadenosine 5′-Phosphosulfate Analogues for Continuous Sulfotransferase Activity Monitoring and Inhibitor Screening by 19F NMR Spectroscopy
https://doi.org/10.1016/j.ijmultiphaseflow.2017.04.005,article,2017.0,International Journal of Multiphase Flow,Improvement of cavitation mass transfer modeling based on local flow properties
https://doi.org/10.1016/j.procir.2012.04.039,article,2012.0,Procedia CIRP,Gear Hobbing: a Contribution to Analogy Testing and its Wear Mechanisms
https://doi.org/10.1016/j.ejcon.2024.101039,article,2024.0,European Journal of Control,Minimizing the homogeneous L2-gain of homogeneous differentiators
https://doi.org/10.1016/j.compstruct.2021.115099,article,2022.0,Composite Structures,Circuit-analog radar absorbing structures using a periodic pattern etched on Ni-coated glass fabric
https://doi.org/10.1016/j.dsp.2018.07.016,article,2018.0,Digital Signal Processing,A hierarchical CBIR framework using adaptive tetrolet transform and novel histograms from color and shape features
https://doi.org/10.1016/j.optlastec.2022.109105,article,2023.0,Optics & Laser Technology,Fast one-pot laser-based fabrication of ZnO/TiO2-reduced graphene oxide nanocomposite for photocatalytic applications
https://doi.org/10.1021/acschembio.2c00784,article,2023.0,ACS Chemical Biology,Anticancer Properties of Hexosamine Analogs Designed to Attenuate Metabolic Flux through the Hexosamine Biosynthetic Pathway
https://doi.org/10.1016/j.aeue.2021.153948,article,2021.0,AEU - International Journal of Electronics and Communications,On the distortion analysis of electronic analog multipliers
https://doi.org/10.1016/j.ijmultiphaseflow.2024.105007,article,2024.0,International Journal of Multiphase Flow,Morphodynamics of melting ice over turbulent warm water streams
https://doi.org/10.1016/j.sse.2018.05.003,article,2018.0,Solid-State Electronics,Digital and analog TFET circuits: Design and benchmark
https://doi.org/10.1016/j.measurement.2025.117379,article,2025.0,Measurement,Non-contact electrocardiogram measurement chair using capacitive coupling electrodes and its signal processing analysis
https://doi.org/10.1016/j.ymssp.2024.111374,article,2024.0,Mechanical Systems and Signal Processing,Simultaneous vibration suppression and energy harvesting system design via electromagnetic shunt damper for high temperature superconducting pinning maglev
https://doi.org/10.1016/j.jbiomech.2018.08.035,article,2018.0,Journal of Biomechanics,Novel method for emboli analog formation towards improved stroke retrieval devices
https://doi.org/10.1016/j.ijheatmasstransfer.2018.10.034,article,2019.0,International Journal of Heat and Mass Transfer,Numerical evaluation of heat/mass transfer analogy for leading edge showerhead film cooling on a first-stage vane
https://doi.org/10.1016/j.marstruc.2020.102802,article,2021.0,Marine Structures,Vibration analysis of super-yachts: Validation of the Holden Method and estimation of the structural damping
https://doi.org/10.1016/j.optlaseng.2025.108945,article,2025.0,Optics and Lasers in Engineering,A coarse-to-fine attention-guided autofocusing for holography under high noisy scenes with explainable neural network
https://doi.org/10.1016/B978-0-12-408052-2.00017-7,incollection,2016.0,RF and mm-Wave Power Generation in Silicon,Chapter 17 - THz power generation beyond transistor fmax
https://doi.org/10.1016/j.ijheatmasstransfer.2013.11.076,article,2014.0,International Journal of Heat and Mass Transfer,Transient thermal boundary layers over rough surfaces
https://doi.org/10.1021/acschembio.3c00736,article,2024.0,ACS Chemical Biology,A Humanized Mouse Model Coupled with Computational Analysis Identifies Potent Glycolipid Agonist of Invariant NKT Cells
https://doi.org/10.1016/j.ergon.2022.103374,article,2022.0,International Journal of Industrial Ergonomics,Development of a high-powered Motorcycle Seat Discomfort Survey (MSDS): Traffic police motorcycle
https://doi.org/10.1016/B978-0-323-95488-4.00037-1,incollection,2024.0,Reference Module in Biomedical Sciences,Evolution of the Immune System
https://doi.org/10.1016/j.measurement.2023.112490,article,2023.0,Measurement,Design of portable high-speed oscilloscope analyzer for multifunctional integrated signal testing
https://doi.org/10.1016/j.optlaseng.2021.106880,article,2022.0,Optics and Lasers in Engineering,Analog ghost hidden in 2D random binary patterns for free-space optical data transmission
https://doi.org/10.1016/j.conbuildmat.2019.06.165,article,2019.0,Construction and Building Materials,Evaluation of the effect of knots on rolling shear strength of cross laminated timber (CLT)
https://doi.org/10.1016/j.ijpe.2018.07.013,article,2018.0,International Journal of Production Economics,Framework for conformity assessment based on an analogy with the Uncertainty Principle of Quantum Mechanics (FCAUP)
https://doi.org/10.1021/acschembio.4c00720,article,2025.0,ACS Chemical Biology,Silyl-Lipid Functionalized N‑Acyl Homoserine Lactones as Modulators of Bacterial Cell–Cell Communication
https://doi.org/10.1016/j.mejo.2025.106685,article,2025.0,Microelectronics Journal,A 0.000159 mm2 2.9 μm-pitch 4.3fJ/Conv 6-bit SAR ADC for high throughput parallel readout of analog SRAM computing-in-memory
https://doi.org/10.1016/j.ijrmms.2023.105432,article,2023.0,International Journal of Rock Mechanics and Mining Sciences,Fractal analysis of anisotropic shear-fracture roughness from rocks and analogue laboratory models: A new approach for heterogeneous-slip characterization
https://doi.org/10.1016/j.enconman.2012.08.022,article,2013.0,Energy Conversion and Management,Comparison of different modeling approaches for thermoelectric elements
https://doi.org/10.1016/j.ress.2022.108973,article,2023.0,Reliability Engineering & System Safety,Quantitative evaluation of common cause failures in high safety-significant safety-related digital instrumentation and control systems in nuclear power plants
https://doi.org/10.1016/j.apacoust.2021.108613,article,2022.0,Applied Acoustics,Experimental and computational investigation of the effect of blade sweep on acoustic characteristics of axial fan
https://doi.org/10.1016/j.sysconle.2023.105563,article,2023.0,Systems & Control Letters,Approximated multi-agent fitted Q iteration
https://doi.org/10.1016/j.mechmachtheory.2022.104913,article,2022.0,Mechanism and Machine Theory,Geometry of intersecting-axis conical twin-screw rotors
https://doi.org/10.1016/j.bioflm.2025.100272,article,2025.0,Biofilm,A biofilm-targeting lipo-peptoid to treat Pseudomonas aeruginosa and Staphylococcus aureus co-infections
https://doi.org/10.1016/j.medntd.2022.100163,article,2022.0,Medicine in Novel Technology and Devices,A transcriptome-based analysis reveals functional differences among Dendrobium officinale Kimura & Migo species from different growing regions and with different quality levels
https://doi.org/10.1016/j.apergo.2023.104216,article,2024.0,Applied Ergonomics,"The influence of exercise on pain, disability and quality of life in office workers with chronic neck pain: A systematic review and meta-analysis"
https://doi.org/10.1016/j.jsv.2019.04.001,article,2019.0,Journal of Sound and Vibration,Assessment of methodologies for the solution of the Ffowcs Williams and Hawkings equation using LES of incompressible single-phase flow around a finite-size square cylinder
https://doi.org/10.2196/14112,article,2019.0,Journal of Medical Internet Research,Promoting Social Connection and Deepening Relations Among Older Adults: Design and Qualitative Evaluation of Media Parcels
https://doi.org/10.1016/j.cirpj.2020.01.006,article,2020.0,CIRP Journal of Manufacturing Science and Technology,Prediction of part distortion in re-contouring processes
https://doi.org/10.1016/j.engfracmech.2019.106710,article,2019.0,Engineering Fracture Mechanics,Development of analogy method for thermal-fatigue crack propagation in pressurized cylinder by using permeation diffusion-fracture model
https://doi.org/10.1016/j.ijheatmasstransfer.2020.119888,article,2020.0,International Journal of Heat and Mass Transfer,Nonlinear heat waves and some analogies with nonlinear optics
https://doi.org/10.1016/j.vlsi.2016.03.003,article,2016.0,Integration,Γ (Gamma): A SaaS-enabled fast and accurate analog design System
https://doi.org/10.1016/j.prime.2024.100756,article,2024.0,"e-Prime - Advances in Electrical Engineering, Electronics and Energy",Gain improvement of HMSIW Antenna with SRRs
https://doi.org/10.1016/j.autcon.2021.103594,article,2021.0,Automation in Construction,Object manipulation in immersive virtual environments: Hand Motion tracking technology and snap-to-fit function
https://doi.org/10.1016/j.jsv.2024.118453,article,2024.0,Journal of Sound and Vibration,High-fidelity aero-acoustic evaluations of a heavy-lift eVTOL in hover
https://doi.org/10.1016/j.applthermaleng.2024.125297,article,2025.0,Applied Thermal Engineering,Structural optimization of dimple-plate heat exchanger via artificial neural network and multi-objective genetic algorithm
https://doi.org/10.1016/j.trgeo.2024.101291,article,2024.0,Transportation Geotechnics,Optimized characterization of the permanent deformation of unbound soils and granular materials considering the master curve concept
https://doi.org/10.1016/j.ijheatmasstransfer.2021.121098,article,2021.0,International Journal of Heat and Mass Transfer,Thermal waves emitted by moving sources and the Doppler effect
https://doi.org/10.1016/j.measurement.2021.110069,article,2021.0,Measurement,Intelligent embedded system for decision support in pulsed eddy current corrosion detection using Extreme Learning Machine
https://doi.org/10.1016/j.probengmech.2012.12.002,article,2013.0,Probabilistic Engineering Mechanics,Analogies between spectral methods and multiaxial criteria in fatigue damage evaluation
https://doi.org/10.1016/j.vlsi.2010.02.001,article,2010.0,Integration,An automated high-level topology generation procedure for continuous-time ΣΔ modulator
https://doi.org/10.1016/j.icheatmasstransfer.2022.106242,article,2022.0,International Communications in Heat and Mass Transfer,Numerical study of convective heat transfer to supercritical CO2 in vertical heated tubes
https://doi.org/10.1016/j.dsp.2024.104732,article,2024.0,Digital Signal Processing,Enhancing efficiency in spaceborne phased array systems: MVDR algorithm and FPGA integration
https://doi.org/10.1016/j.comnet.2008.06.002,article,2008.0,Computer Networks,Policy relationship annotations of predefined AS-level topologies
https://doi.org/10.1016/j.cad.2015.09.007,article,2016.0,Computer-Aided Design,High-order curvilinear meshing using a thermo-elastic analogy
https://doi.org/10.1016/j.csite.2024.105555,article,2025.0,Case Studies in Thermal Engineering,Experimental and numerical study on cavitation flow characteristics of refrigerants with different thermophysical properties in confined micro-clearance
https://doi.org/10.1016/j.measurement.2023.112734,article,2023.0,Measurement,A novel modem model insensitive to the effect of the modulated carrier and the demodulated-signal phase adapted for capacitive sensors
https://doi.org/10.1016/j.apacoust.2024.110359,article,2025.0,Applied Acoustics,Design and characterizations of a multi–sound receiver using fly Ormia ochracea's ears–inspired MEMS directional microphone array
https://doi.org/10.1016/j.euromechsol.2016.09.007,article,2017.0,European Journal of Mechanics - A/Solids,Electroelastic fields for a piezoelectric threading dislocation in various growth orientations of gallium nitride
https://doi.org/10.1016/j.conbuildmat.2020.120419,article,2020.0,Construction and Building Materials,Rolling shear modulus and strength of cross-laminated timber treated with micronized copper azole type C (MCA-C)
https://doi.org/10.1016/j.mejo.2012.05.010,article,2012.0,Microelectronics Journal,A design automation system for CMOS analog integrated circuits using New Hybrid Shuffled Frog Leaping Algorithm
https://doi.org/10.1016/j.euromechsol.2025.105609,article,2025.0,European Journal of Mechanics - A/Solids,Analysis of a prismatic elastic contact of finite length
https://doi.org/10.1016/j.destud.2019.01.001,article,2019.0,Design Studies,Crowdsourcing inspiration: Using crowd generated inspirational stimuli to support designer ideation
https://doi.org/10.1016/j.actaastro.2013.03.002,article,2013.0,Acta Astronautica,NEEMO 15: Evaluation of human exploration systems for near-Earth asteroids
https://doi.org/10.1016/j.ast.2022.107692,article,2022.0,Aerospace Science and Technology,An improved stall prediction model for axial compressor stage based on diffuser analogy
https://doi.org/10.1021/acschembio.2c00672,article,2023.0,ACS Chemical Biology,Clotrimazole-Based Modulators of the TRPM3 Ion Channel Reveal Narrow Structure–Activity Relationship
https://doi.org/10.1016/j.applthermaleng.2023.121364,article,2024.0,Applied Thermal Engineering,Design and optimization of thermoelectric generators for harnessing geothermal anomalies: A computational model and validation with experimental field results
https://doi.org/10.1016/j.inffus.2016.10.003,article,2017.0,Information Fusion,MRI segmentation fusion for brain tumor detection
https://doi.org/10.1016/j.rineng.2025.104783,article,2025.0,Results in Engineering,Improved automatic modulation recognition using deep learning with additive attention
https://doi.org/10.1016/j.buildenv.2018.09.050,article,2018.0,Building and Environment,Quantification of heat energy losses through the building envelope: A state-of-the-art analysis with critical and comprehensive review on infrared thermography
https://doi.org/10.1016/j.ijsolstr.2024.113050,article,2024.0,International Journal of Solids and Structures,Flexural wave propagation in canonical quasicrystalline-generated waveguides
https://doi.org/10.1016/j.mejo.2021.105267,article,2021.0,Microelectronics Journal,RF/Analog performance of GaAs Multi-Fin FinFET with stress effect
https://doi.org/10.1016/j.measurement.2006.05.005,article,2007.0,Measurement,Truncated Gaussian noise in ADC histogram tests
https://doi.org/10.1016/j.ndteint.2024.103218,article,2024.0,NDT & E International,Pseudo-noise pulse-compression thermography: A powerful tool for time-domain thermography analysis
https://doi.org/10.1016/j.mejo.2022.105363,article,2022.0,Microelectronics Journal,Comprehensive performance enhancement of a negative-capacitance nanosheet field-effect transistor with a steep sub-threshold swing at the sub-5-nm node
https://doi.org/10.1016/j.snb.2024.136519,article,2024.0,Sensors and Actuators B: Chemical,Development of borazine-assisted-oriented molecularly imprinted electrochemical sensor for the detection of umifenovir in serum and urine by EIS and DPV methods
https://doi.org/10.1016/j.matcom.2022.06.025,article,2023.0,Mathematics and Computers in Simulation,"Multi-force effect on fluid flow, heat and mass transfer, and entropy generation in a stratified fluid-saturated porous enclosure"
https://doi.org/10.1016/j.ifacol.2019.09.145,article,2019.0,IFAC-PapersOnLine,Proxy Functions for Approximate Reinforcement Learning
https://doi.org/10.1016/j.aeue.2023.154750,article,2023.0,AEU - International Journal of Electronics and Communications,Active loaded source-coupled logic: Applications and performance comparison
https://doi.org/10.1016/j.cie.2019.06.032,article,2019.0,Computers & Industrial Engineering,A dynamic multiple attribute decision making model with learning of fuzzy cognitive maps
https://doi.org/10.1021/acschembio.4c00022,article,2024.0,ACS Chemical Biology,"Design, Synthesis, and Mechanistic Studies of (R)‑3-Amino-5,5-difluorocyclohex-1-ene-1-carboxylic Acid as an Inactivator of Human Ornithine Aminotransferase"
https://doi.org/10.1016/j.geotexmem.2005.07.001,article,2006.0,Geotextiles and Geomembranes,Numerical procedures for deformation calculations in the reinforced soil walls
https://doi.org/10.1016/j.ijheatmasstransfer.2022.123171,article,2022.0,International Journal of Heat and Mass Transfer,On the 1D heat equation for laser-medium interaction including convection and radiation at the boundaries
https://doi.org/10.1016/j.nucengdes.2014.12.038,article,2015.0,Nuclear Engineering and Design,Evaluation of electromagnetic interference environment of the instrumentation and control systems in nuclear power units
https://doi.org/10.1016/j.spc.2022.01.010,article,2022.0,Sustainable Production and Consumption,Can TRIZ (Theory of Inventive Problem Solving) strategies improve material substitution in eco-design?
https://doi.org/10.1016/j.patcog.2023.109844,article,2023.0,Pattern Recognition,Deep fidelity in DNN watermarking: A study of backdoor watermarking for classification models
https://doi.org/10.1016/j.mejo.2024.106412,article,2024.0,Microelectronics Journal,Z-shaped gate tunnel FET with graphene channel: An extensive investigation of its analog and linearity performance
https://doi.org/10.1016/j.jksus.2018.02.003,article,2019.0,Journal of King Saud University - Science,"New group of azastilbene analogs of resveratrol: Synthesis, anticandidal activity and toxicity evaluation"
https://doi.org/10.1016/j.aeue.2023.154920,article,2023.0,AEU - International Journal of Electronics and Communications,Background offset mismatch and loop delay mismatch calibration for fixed-window level crossing ADC
https://doi.org/10.1016/j.compscitech.2019.03.012,article,2019.0,Composites Science and Technology,"High performance high-density polyethylene/hydroxyapatite nanocomposites for load-bearing bone substitute: fabrication, in vitro and in vivo biocompatibility evaluation"
https://doi.org/10.1016/j.renene.2019.01.018,article,2019.0,Renewable Energy,A novel clustering algorithm based on mathematical morphology for wind power generation prediction
https://doi.org/10.1016/j.tust.2023.105413,article,2023.0,Tunnelling and Underground Space Technology,Outcome-Based blind tests for leakage diagnosis in underground watermains by acoustic technologies
https://doi.org/10.1039/d1ma01202a,article,2022.0,Materials Advances,"Thermomorphological and mechanical properties of vulcanized octenyl succinate/terpenoid-derivatized corn starch composites††Electronic supplementary information (ESI) available: Additional synthetic and characterization including PXRD data, IR spectra, NMR spectra, TGA and DSC data, details on calculations and mechanical testing. See DOI: https://doi.org/10.1039/d1ma01202a"
https://doi.org/10.1016/j.compfluid.2010.09.034,article,2013.0,Computers & Fluids,Assessment of combustion noise in a premixed swirled combustor via Large-Eddy Simulation
https://doi.org/10.1016/j.cie.2014.11.017,article,2015.0,Computers & Industrial Engineering,Game interface enhancement under smartphone platform focused on touchscreen interaction
https://doi.org/10.1016/j.buildenv.2015.12.003,article,2016.0,Building and Environment,Theoretical and experimental study of condensation rates on radiant cooling surfaces in humid air
https://doi.org/10.1016/j.sse.2022.108267,article,2022.0,Solid-State Electronics,Trade-off analysis between gm/ID and fT of nanosheet NMOS transistors with different metal gate stack at high temperature
https://doi.org/10.1016/j.dsp.2021.103363,article,2022.0,Digital Signal Processing,Receive filter design for MIMO radar with one-bit ADCs
https://doi.org/10.1016/j.cnsns.2021.106234,article,2022.0,Communications in Nonlinear Science and Numerical Simulation,On a discrete composition of the fractional integral and Caputo derivative
https://doi.org/10.1016/j.compfluid.2021.105136,article,2021.0,Computers & Fluids,Unsteady continuous adjoint to URANS coupled with FW-H analogy for aeroacoustic shape optimization
https://doi.org/10.1016/B978-0-08-100880-5.00004-9,incollection,2017.0,Fast and Effective Embedded Systems Design (Second Edition),Chapter 4 - Analog Output
https://doi.org/10.1016/j.oceaneng.2024.117804,article,2024.0,Ocean Engineering,Oblique wave scattering by single and double inverse T-type breakwaters
https://doi.org/10.1016/S1474-6670(17)33759-X,article,2003.0,IFAC Proceedings Volumes,On-Chip Testing of Linear Time Invariant Systems Using Maximum-Length Sequences
https://doi.org/10.1016/j.optlaseng.2022.107141,article,2022.0,Optics and Lasers in Engineering,Direct generation of 2D arrays of random numbers for high-fidelity optical ghost diffraction and information transmission through scattering media
https://doi.org/10.1016/j.measurement.2018.11.015,article,2019.0,Measurement,Non-Uniform Wavelet Bandpass Sampling Analog-to-Information Converter: A hardware implementation and its experimental assessment
https://doi.org/10.1016/j.prime.2024.100738,article,2024.0,"e-Prime - Advances in Electrical Engineering, Electronics and Energy",Deep Learning based enhanced hybrid beamforming using RSSI signals in MIMO systems
https://doi.org/10.1016/j.mssp.2023.107509,article,2023.0,Materials Science in Semiconductor Processing,Visible-light-induced photo-Fenton degradation of organic pollutants over K2Mn[Fe(CN)6]
https://doi.org/10.1016/j.applthermaleng.2025.125612,article,2025.0,Applied Thermal Engineering,Heat transfer analysis of the flat plate heat pipe − like system with ordered porous wick structure: Effect of gravitational orientation
https://doi.org/10.1016/j.knosys.2022.109987,article,2022.0,Knowledge-Based Systems,Automated circuit sizing with multi-objective optimization based on differential evolution and Bayesian inference
https://doi.org/10.1016/j.measurement.2021.109764,article,2021.0,Measurement,A reduced-code method for integral nonlinearity testing in DACs
https://doi.org/10.1021/acschembio.1c00394,article,2022.0,ACS Chemical Biology,Investigate Natural Product Indolmycin and the Synthetically Improved Analogue Toward Antimycobacterial Agents
https://doi.org/10.1016/j.ymssp.2015.09.008,article,2016.0,Mechanical Systems and Signal Processing,Isolation of ultrasonic scattering by wavefield baseline subtraction
https://doi.org/10.1016/j.vlsi.2025.102389,article,2025.0,Integration,Rich dynamics and analog implementation of a Hopfield neural network in integer and fractional order domains
https://doi.org/10.1016/j.patrec.2010.08.012,article,2011.0,Pattern Recognition Letters,Moving-edge detection via heat flow analogy
https://doi.org/10.1016/j.ijleo.2023.170533,article,2023.0,Optik,Linear LED driver design and its implementation for visible light communication applications
https://doi.org/10.1016/j.est.2024.112228,article,2024.0,Journal of Energy Storage,Analytical equations to estimate hydrogen storage efficiency factor and storage capacity in saline aquifers
https://doi.org/10.1016/j.commatsci.2020.110067,article,2021.0,Computational Materials Science,Polymer design using genetic algorithm and machine learning
https://doi.org/10.1016/j.fusengdes.2023.113623,article,2023.0,Fusion Engineering and Design,Evaluation of ITER Real-Time Framework in plasma diagnostics applications
https://doi.org/10.1016/j.measurement.2018.03.032,article,2018.0,Measurement,Level-crossing ADC design and evaluation methodology for normal and pathological electrocardiogram signals measurement
https://doi.org/10.1016/j.oceaneng.2020.107781,article,2020.0,Ocean Engineering,Estimation of sea state parameters by the wave buoy analogy with comparisons to third generation spectral wave models
https://doi.org/10.1016/j.finel.2014.03.008,article,2014.0,Finite Elements in Analysis and Design,An adaptive mesh refinement method for a medium with discrete fracture network: The enriched Persson’s method
https://doi.org/10.1016/j.ijrmms.2024.105819,article,2024.0,International Journal of Rock Mechanics and Mining Sciences,Roles of heat and stress transfer in triggering fault instability in conjugate faulted reservoirs
https://doi.org/10.1016/j.vlsi.2018.09.003,article,2019.0,Integration,A study of analog decision feedback equalization for ADC-Based serial link receivers
https://doi.org/10.1016/j.est.2025.115435,article,2025.0,Journal of Energy Storage,Progress in defect engineering of high-performance Prussian blue analogues as cathode materials for sodium-ion batteries
https://doi.org/10.1016/j.proeng.2016.06.632,article,2016.0,Procedia Engineering,Damage Quantification for the Machining of CFRP: An Introduction about Characteristic Values Considering Shape and Orientation of Drilling-induced Delamination
https://doi.org/10.1016/j.compfluid.2023.105809,article,2023.0,Computers & Fluids,RANS thermal modelling of a natural convection boundary layer at low Prandtl number
https://doi.org/10.1016/j.measurement.2019.107397,article,2020.0,Measurement,Foundations of uncertainty in evaluation of nominal properties
https://doi.org/10.1016/S1474-6670(17)62020-2,article,1983.0,IFAC Proceedings Volumes,Formalisation of an Approximate Reasoning: The Analogical Reasoning
https://doi.org/10.1016/j.microrel.2011.07.053,article,2011.0,Microelectronics Reliability,Control of the electromagnetic compatibility: An issue for IC reliability
https://doi.org/10.1016/B978-0-12-804226-7.00008-9,incollection,2016.0,Creative Design Engineering,Chapter 8 - Basic Principles of Concept Generation
https://doi.org/10.1016/j.renene.2018.07.058,article,2019.0,Renewable Energy,"The effect of electricity markets, and renewable electricity penetration, on the levelised cost of energy of an advanced electro-fuel system incorporating carbon capture and utilisation"
https://doi.org/10.1016/j.petsci.2023.12.009,article,2024.0,Petroleum Science,Concise extraction and characterization of the pore-throat network in unconventional hydrocarbon reservoirs: A new perspective
https://doi.org/10.1016/j.procir.2017.11.055,article,2018.0,Procedia CIRP,Towards a Biologically-inspired Urban-industrial Ecosystem
https://doi.org/10.1016/j.jare.2021.09.003,article,2022.0,Journal of Advanced Research,Calix[n]arene-based immunogens: A new non-proteic strategy for anti-cocaine vaccine
https://doi.org/10.1016/j.vlsi.2016.05.001,article,2016.0,Integration,Automatic generation of test infrastructures for analog integrated circuits by controllability and observability co-optimization
https://doi.org/10.1016/j.bspc.2021.103358,article,2022.0,Biomedical Signal Processing and Control,Cardiac-vascular-respiratory coupling analysis during 6-degree head-down tilt microgravity analogue
https://doi.org/10.1016/j.mejo.2015.09.014,article,2015.0,Microelectronics Journal,Efficiency evaluation of analog/RF alternate test: Comparative study of indirect measurement selection strategies
https://doi.org/10.1016/j.csite.2023.103786,article,2023.0,Case Studies in Thermal Engineering,Numerical analysis for MHD blood-nanofluid flow through a non-linearly stretched sheet interpolated in a permeable medium along heat generation
https://doi.org/10.1016/j.ifacol.2020.12.2350,article,2020.0,IFAC-PapersOnLine,Human-vehicle interaction with a metaphor based collision avoidance interaction pattern
https://doi.org/10.1016/j.measurement.2015.04.019,article,2015.0,Measurement,A complete system to generate electrical noise with arbitrary power spectral density
https://doi.org/10.1016/j.ijrefrig.2015.12.001,article,2016.0,International Journal of Refrigeration,"A review of elastocaloric cooling: Materials, cycles and system integrations"
https://doi.org/10.1016/j.ifacol.2018.06.239,article,2018.0,IFAC-PapersOnLine,Technical Debt indication in PLC Code for automated Production Systems: Introducing a Domain Specific Static Code Analysis Tool
https://doi.org/10.1016/j.nucengdes.2014.11.006,article,2015.0,Nuclear Engineering and Design,Status and perspective of turbulence heat transfer modelling for the industrial application of liquid metal flows
https://doi.org/10.1016/j.engfracmech.2024.110767,article,2025.0,Engineering Fracture Mechanics,Self-affine roughness and spatial-temporal correlation of shear-induced micro-fractures in rough DEM rock joints
https://doi.org/10.1016/j.apacoust.2022.108966,article,2022.0,Applied Acoustics,Acoustic travelling wave separation in the time domain using electronic time delay circuits and leaky recursion
https://doi.org/10.1016/j.actaastro.2024.07.017,article,2024.0,Acta Astronautica,Predicting muscle function and mass with electrical impedance myography: A study in rat analogs of micro- and partial gravity
https://doi.org/10.1016/j.ifacol.2023.10.1804,article,2023.0,IFAC-PapersOnLine,Bode Integral Limitation For Irrational Systems
https://doi.org/10.1016/j.cja.2022.11.020,article,2023.0,Chinese Journal of Aeronautics,Interaction tonal noise generated by contra-rotating open rotors
https://doi.org/10.2196/18284,article,2020.0,Journal of Medical Internet Research,Comparison of a Mobile Health Electronic Visual Analog Scale App With a Traditional Paper Visual Analog Scale for Pain Evaluation: Cross-Sectional Observational Study
https://doi.org/10.1016/j.optlastec.2023.110377,article,2024.0,Optics & Laser Technology,Analogy to Debye model in metamaterials: Resonant frequency shifting due to coupling
https://doi.org/10.1016/j.jbiomech.2013.10.022,article,2014.0,Journal of Biomechanics,Time-dependent functional maturation of scaffold-free cartilage tissue analogs
https://doi.org/10.1016/j.enbuild.2011.09.030,article,2011.0,Energy and Buildings,Evaluating sustainable retrofits in existing buildings under uncertainty
https://doi.org/10.1016/j.aeue.2021.153684,article,2021.0,AEU - International Journal of Electronics and Communications,Synthesis of active-RC filters using genetic algorithms
https://doi.org/10.1016/B978-008045157-2/50073-0,incollection,2006.0,Intelligent Production Machines and Systems,- Neuro-fuzzy case-based design: An application in structural design
https://doi.org/10.1016/j.addma.2022.103126,article,2022.0,Additive Manufacturing,"Utilization of a TSP solver for generating non-retractable, direction favouring toolpath for additive manufacturing"
https://doi.org/10.1016/j.microrel.2023.115068,article,2023.0,Microelectronics Reliability,A simple sensor device for power cycle degradation sensing
https://doi.org/10.1680/jstbu.22.00099,article,2023.0,Proceedings of the Institution of Civil Engineers - Structures and Buildings,Torsional strength limitation of reinforced concrete beams
https://doi.org/10.1016/j.measurement.2017.04.025,article,2017.0,Measurement,Linearity evaluation of high-speed sampling ADC board
https://doi.org/10.1016/j.compgeo.2024.106518,article,2024.0,Computers and Geotechnics,ResGRU: A deep learning approach for settlement prediction in CFRD based on the spatiotemporal feature fusion method
https://doi.org/10.2196/26732,article,2021.0,Journal of Medical Internet Research,Clinician-Created Educational Video Resources for Shared Decision-making in the Outpatient Management of Chronic Disease: Development and Evaluation Study
https://doi.org/10.1016/j.buildenv.2023.110625,article,2023.0,Building and Environment,Effective Moisture Temperature: Ventilation performance index accounting for effects of air temperature and relative humidity on thermal comfort
https://doi.org/10.1016/j.wear.2010.11.040,article,2011.0,Wear,Evaluation of erosion resistance for metal–ceramic composites and cermets using a water-jet testing apparatus
https://doi.org/10.1016/j.mejo.2024.106373,article,2024.0,Microelectronics Journal,Variation-aware automated design and optimization of sub-1V bandgap voltage reference
https://doi.org/10.1016/j.cogr.2022.03.007,article,2022.0,Cognitive Robotics,Pinocchio: A language for action representation
https://doi.org/10.1016/S0022-460X(02)01531-6,article,2003.0,Journal of Sound and Vibration,Direct computation of the noise radiated by a subsonic cavity flow and application of integral methods
https://doi.org/10.1016/j.jnlssr.2021.10.001,article,2022.0,Journal of Safety Science and Resilience,Resilience in supply systems – What the food industry can learn from energy sector
https://doi.org/10.1016/j.engappai.2021.104170,article,2021.0,Engineering Applications of Artificial Intelligence,Coral reefs optimization algorithms for agent-based model calibration
https://doi.org/10.1016/j.microrel.2020.113621,article,2020.0,Microelectronics Reliability,Growth of intermetallic compounds in solder joints based on strongly coupled thermo–mechano–electro–diffusional theory
https://doi.org/10.1016/j.icheatmasstransfer.2020.104745,article,2020.0,International Communications in Heat and Mass Transfer,A novel relation for heat flow using Maxwell thermoelectricity analogy
https://doi.org/10.1016/j.engappai.2016.10.003,article,2017.0,Engineering Applications of Artificial Intelligence,A study on metadata structure and recommenders of biological systems to support bio-inspired design
https://doi.org/10.1016/j.measurement.2018.04.090,article,2018.0,Measurement,Surface texture evaluation using 3D reconstruction from images by parametric anisotropic BRDF
https://doi.org/10.1016/j.actaastro.2022.07.042,article,2022.0,Acta Astronautica,Use of space analog missions as an educational tool in primary schools
https://doi.org/10.1016/j.ijthermalsci.2025.109893,article,2025.0,International Journal of Thermal Sciences,Micro-CT investigation of urea crystal structures for frost analysis
https://doi.org/10.1016/j.ijrmms.2009.12.005,article,2010.0,International Journal of Rock Mechanics and Mining Sciences,Experimental study on a geo-mechanical model of a high arch dam
https://doi.org/10.1016/j.sigpro.2024.109464,article,2024.0,Signal Processing,Phase retrieval from integrated intensity of auto-convolution
https://doi.org/10.1016/j.matdes.2025.113779,article,2025.0,Materials & Design,Programmable helix-tubular composites with bio-inspired architecture
https://doi.org/10.1016/j.dsp.2023.104238,article,2023.0,Digital Signal Processing,A real-time dynamic range expansion approach of multi-channel sampling system
https://doi.org/10.1016/j.knosys.2022.108911,article,2022.0,Knowledge-Based Systems,Multi-level out-of-vocabulary words handling approach
https://doi.org/10.1016/j.mechmachtheory.2022.105214,article,2023.0,Mechanism and Machine Theory,Origami-like quasi-mechanisms with an antiprismatic skeleton
https://doi.org/10.1016/j.istruc.2023.03.130,article,2023.0,Structures,A new and convenient method for strength evaluation of cracked cylindrical shell based on the ratio of crack tip stresses
https://doi.org/10.1021/acschembio.9b00671,article,2019.0,ACS Chemical Biology,N-Acyl Homoserine Lactone Analog Modulators of the Pseudomonas aeruginosa Rhll Quorum Sensing Signal Synthase
https://doi.org/10.1016/j.jmatprotec.2024.118495,article,2024.0,Journal of Materials Processing Technology,Study on the keyhole oscillation mechanism of laser welding based on electro-mechano-acoustical analogy theory
https://doi.org/10.1016/j.aeue.2009.11.013,article,2010.0,AEU - International Journal of Electronics and Communications,Multiphase sinusoidal oscillators using second generation current conveyors
https://doi.org/10.1016/B978-0-12-811453-7.00015-9,incollection,2017.0,Digital Signal Processing 101 (Second Edition),Chapter 15 - Analog and Time Division Multiple Access Wireless Communications
https://doi.org/10.1016/j.aeue.2018.06.001,article,2018.0,AEU - International Journal of Electronics and Communications,Analog active filter design using a multi objective genetic algorithm
https://doi.org/10.1016/j.jksus.2024.103221,article,2024.0,Journal of King Saud University - Science,"Integrated analysis of wireline logs analysis, seismic interpretation, and machine learning for reservoir characterisation: Insights from the late Eocene McKee Formation, onshore Taranaki Basin, New Zealand"
https://doi.org/10.1016/j.optlastec.2024.112329,article,2025.0,Optics & Laser Technology,DAC-free WDM-OFDM-VLC system enabled by delta-sigma modulation with partial pre-emphasis and precoding techniques
https://doi.org/10.1021/acschembio.9b00998,article,2020.0,ACS Chemical Biology,A Versatile Chemoenzymatic Synthesis for the Discovery of Potent Cryptophycin Analogs
https://doi.org/10.1016/j.mejo.2022.105662,article,2023.0,Microelectronics Journal,Enhanced analog/RF performance of hybrid charge plasma based junctionless C-FinFET amplifiers at 10 nm technology node
https://doi.org/10.1016/j.measurement.2023.113600,article,2023.0,Measurement,Analysis of uncertainty and variation in underground train-induced vibration based on measured data
https://doi.org/10.1016/j.jare.2020.05.014,article,2020.0,Journal of Advanced Research,FPAA-based implementation of fractional-order chaotic oscillators using first-order active filter blocks
https://doi.org/10.1016/j.cirpj.2020.09.014,article,2020.0,CIRP Journal of Manufacturing Science and Technology,Grinding burn limits: Generation of surface layer modification charts for discontinuous profile grinding with analogy trials
https://doi.org/10.1016/j.cirpj.2023.08.012,article,2023.0,CIRP Journal of Manufacturing Science and Technology,Fundamental investigation on process damping potentials of cutting tools with flank face chamfers
https://doi.org/10.1016/j.ijft.2024.100967,article,2025.0,International Journal of Thermofluids,Turbulent Heat Transfer over roughness: a comprehensive review of theories and turbulent flow structure
https://doi.org/10.1016/j.compind.2012.01.006,article,2012.0,Computers in Industry,The development of a modified TRIZ Technical System ontology
https://doi.org/10.1016/j.ijsolstr.2020.09.020,article,2020.0,International Journal of Solids and Structures,Conjugate-beam analogy for inflexed laminates
https://doi.org/10.1016/j.microrel.2023.114954,article,2023.0,Microelectronics Reliability,Impact of interface trap charges on analog/RF and linearity performances of PGP negative capacitance FET
https://doi.org/10.1016/j.engappai.2020.104102,article,2021.0,Engineering Applications of Artificial Intelligence,Shortening the gap between pre- and post-layout analog IC performance by reducing the LDE-induced variations with multi-objective simulated quantum annealing
https://doi.org/10.1016/j.wear.2025.206062,article,2025.0,Wear,Use of a novel sensor to investigate the complicated boundary between biotribology and surface topology and their impact on tactile graphic perception
https://doi.org/10.1016/j.microrel.2023.115168,article,2023.0,Microelectronics Reliability,TLP/VFTLP investigation on eNVM 1T1R PCM in FD-SOI UTBB CMOS technology at room temperature
https://doi.org/10.1016/j.ijthermalsci.2024.108994,article,2024.0,International Journal of Thermal Sciences,Effect of SCWSP-VGs and thermal performance investigation of pillow-plate type heat exchanger (PPHX)
https://doi.org/10.1016/j.est.2024.114594,article,2024.0,Journal of Energy Storage,Defect-riched prussian blue analogues with superior adsorption-catalysis toward lithium polysulfides for high performance lithium-sulfur batteries
https://doi.org/10.1016/j.compfluid.2022.105351,article,2022.0,Computers & Fluids,Effects of cell quality in grid boundary layer on the simulated flow around a square cylinder
https://doi.org/10.1016/j.ijleo.2018.01.090,article,2018.0,Optik,Schrödinger solitons in gravitational-like potentials with embedded barriers and wells: Possible applications for the optical soliton supercontinuum generation and the ocean coast line protection
https://doi.org/10.1016/j.aeue.2012.03.015,article,2012.0,AEU - International Journal of Electronics and Communications,0.5V bulk-driven analog building blocks
https://doi.org/10.1016/j.jmbbm.2024.106877,article,2025.0,Journal of the Mechanical Behavior of Biomedical Materials,"Design, additive manufacturing, and characterization of an organ-on-chip microfluidic device for oral mucosa analogue growth"
https://doi.org/10.1016/j.microrel.2021.114044,article,2021.0,Microelectronics Reliability,Stochastic behavioral models for system level reliability analysis including non-normal and correlated process variation
https://doi.org/10.1021/acschembio.2c00126,article,2022.0,ACS Chemical Biology,"Drugging the Sarcomere, a Delicate Balance: Position of N‑Terminal Charge of the Inhibitor W7"
https://doi.org/10.1016/j.enbuild.2025.115675,article,2025.0,Energy and Buildings,An analytical solution to the radiation-convective heat transfer in a parallel-plates direct absorption solar heat collection duct
https://doi.org/10.1016/j.gloei.2020.10.008,article,2020.0,Global Energy Interconnection,Comprehensive review and performance evaluation of maximum power point tracking algorithms for photovoltaic system
https://doi.org/10.1016/j.aeue.2017.07.014,article,2017.0,AEU - International Journal of Electronics and Communications,Current conveyor-based differential capacitance analog interface for displacement sensing application
https://doi.org/10.1016/j.aeue.2023.154824,article,2023.0,AEU - International Journal of Electronics and Communications,An ultra-low power fully-programmable analog general purpose type-2 fuzzy inference system
https://doi.org/10.1016/j.aeue.2024.155263,article,2024.0,AEU - International Journal of Electronics and Communications,Multi-phase sinusoidal oscillator design based on first-order shadow filters
https://doi.org/10.1016/j.measurement.2025.116728,article,2025.0,Measurement,Application of physics-informed neural networks in fault diagnosis and fault-tolerant control design for electric vehicles: A review
https://doi.org/10.1016/j.mejo.2024.106239,article,2024.0,Microelectronics Journal,High-speed cascode cross-coupled CMOS dynamic comparator with auxiliary inverter pair
https://doi.org/10.1016/j.procir.2024.08.015,article,2024.0,Procedia CIRP,Characterization of the performance of microbial-based metalworking fluids in grinding using cell analogues
https://doi.org/10.1016/j.measen.2024.101761,article,2025.0,Measurement: Sensors,"Dynamic calibration of acquisition cards used in vibration measurements, contribution of the theoretical and real resolution in the uncertainty budget"
https://doi.org/10.1021/acschembio.2c00075,article,2022.0,ACS Chemical Biology,Generation of Potent and Stable GLP‑1 Analogues Via “Serine Ligation”
https://doi.org/10.1016/j.snb.2024.137071,article,2025.0,Sensors and Actuators B: Chemical,Dual-mode ratiometric biosensor based on self-feedback amplification strategy for the sensitive evaluation of methylated DNA
https://doi.org/10.1016/j.vlsi.2022.11.001,article,2023.0,Integration,An energy-efficient analog circuit for detecting QRS complexes from ECG signal
https://doi.org/10.1039/d4ma00790e,article,2024.0,Materials Advances,Bifunctional molybdenum and vanadium materials: semiconductor properties for advanced electronics and catalytic efficiency in linalool oxidation††Electronic supplementary information (ESI) available. CCDC 2367284–2367289. For ESI and crystallographic data in CIF or other electronic format see DOI: https://doi.org/10.1039/d4ma00790e
https://doi.org/10.1016/j.actaastro.2025.03.003,article,2025.0,Acta Astronautica,Exploring cardiovascular health and alternative biological fluid sampling methods in extreme environments: Lessons from a 12-Day Mars Analog Mission
https://doi.org/10.1016/j.ijsolstr.2024.113005,article,2024.0,International Journal of Solids and Structures,The stick-slip bending behavior of the multilevel helical structures: A 3D thin rod model with frictional contact
https://doi.org/10.1039/d4ma00006d,article,2024.0,Materials Advances,Full Ce substitution on La in Tl2LaCl5: impact and performance††Electronic supplementary information (ESI) available. See DOI: https://doi.org/10.1039/d4ma00006d
https://doi.org/10.1016/j.yofte.2021.102697,article,2021.0,Optical Fiber Technology,The architecture of hybrid mm-wave ARoF Super-PON system for 5G implementation
https://doi.org/10.1016/j.ijrmms.2023.105445,article,2023.0,International Journal of Rock Mechanics and Mining Sciences,Example framework for evaluation of synthetic rock-like materials as applied to a commercial gypsum cement
https://doi.org/10.1016/j.asej.2024.102965,article,2024.0,Ain Shams Engineering Journal,Normalized signature graph of analog circuits for fault classification using digital testing
https://doi.org/10.1016/j.mejo.2024.106287,article,2024.0,Microelectronics Journal,A power-efficient CMOS image sensor with current-mode 1-bit log-gradient feature extractor for always-on object detection
https://doi.org/10.1139/cjc-2020-0014,article,2020.0,Canadian Journal of Chemistry,Evaluating heteroleptic copper(I)-based complexes bearing π-extended diimines in different photocatalytic processes
https://doi.org/10.2196/jmir.6.1.e3,article,2004.0,Journal of Medical Internet Research,A Multimedia Interactive Education System for Prostate Cancer Patients: Development and Preliminary Evaluation
https://doi.org/10.1016/j.jksus.2022.102397,article,2023.0,Journal of King Saud University - Science,Masitinib analogues with the N-methylpiperazine group replaced – A new hope for the development of anti-COVID-19 drugs
https://doi.org/10.1016/j.expthermflusci.2020.110316,article,2021.0,Experimental Thermal and Fluid Science,Comparison of bubble parameters between boiling and hydrogen evolving systems
https://doi.org/10.1016/j.coastaleng.2018.04.024,article,2018.0,Coastal Engineering,Wind generation of waves: Energy and momentum transfer - An overview with physical discussion
https://doi.org/10.1021/acschembio.9b00943,article,2020.0,ACS Chemical Biology,Methionine Adenosyltransferase Engineering to Enable Bioorthogonal Platforms for AdoMet-Utilizing Enzymes
https://doi.org/10.1016/S0924-4247(98)00011-9,article,1998.0,Sensors and Actuators A: Physical,Global model generation for a capacitive silicon accelerometer by finite-element analysis
https://doi.org/10.1016/j.renene.2023.119931,article,2024.0,Renewable Energy,A simplified assessment method based on Hooke's law to estimate the grid-friendly ability of buildings
https://doi.org/10.1016/j.bioflm.2024.100224,article,2024.0,Biofilm,Synergistic combinations of novel polymyxins and rifampicin with improved eradication of colistin-resistant Pseudomonas aeruginosa biofilms
https://doi.org/10.1016/S1474-6670(17)50921-0,article,1992.0,IFAC Proceedings Volumes,An Intelligent Ultrasonic Sensor for Ranging in an Industrial Distributed Control System
https://doi.org/10.1016/S0167-4730(02)00031-0,article,2002.0,Structural Safety,Load duration effects in wood members and connections: order statistics and critical loads
https://doi.org/10.1016/j.jsv.2012.03.016,article,2012.0,Journal of Sound and Vibration,Slat noise modeling and prediction
https://doi.org/10.1016/j.bios.2006.07.038,article,2006.0,Biosensors and Bioelectronics,"The microcontact imprinting of proteins: The effect of cross-linking monomers for lysozyme, ribonuclease A and myoglobin"
https://doi.org/10.1016/j.apacoust.2010.08.004,article,2010.0,Applied Acoustics,Computational bluff body aerodynamic noise prediction using a statistical approach
https://doi.org/10.1016/S0360-8352(99)00006-6,article,1999.0,Computers & Industrial Engineering,Scheduling in job shops with machine breakdowns: an experimental study
https://doi.org/10.1016/j.aeue.2017.10.039,article,2018.0,AEU - International Journal of Electronics and Communications,Design of a memristor based fuzzy processor
https://doi.org/10.1016/S0003-6870(03)00079-6,article,2003.0,Applied Ergonomics,Folding and unfolding manual wheelchairs: an ergonomic evaluation of health-care workers
https://doi.org/10.1016/j.microrel.2012.06.110,article,2012.0,Microelectronics Reliability,Subthreshold analog/RF performance of underlap DG FETs with asymmetric source/drain extensions
https://doi.org/10.1016/j.snb.2024.136668,article,2025.0,Sensors and Actuators B: Chemical,Ingenious entropy-driven DNA circuit intercommunicating with DNAzyme-powered DNA walker for dual-mode biosensing
https://doi.org/10.1016/j.compind.2017.09.002,article,2018.0,Computers in Industry,An argumentation reasoning approach for data processing
https://doi.org/10.1016/j.jbiomech.2014.02.026,article,2014.0,Journal of Biomechanics,Flow of a blood analogue fluid in a compliant abdominal aortic aneurysm model: Experimental modelling
https://doi.org/10.1016/S1359-8368(96)00041-8,article,1997.0,Composites Part B: Engineering,Three-dimensional analysis of thick composite plates with multiple layers
https://doi.org/10.1016/j.tsep.2022.101525,article,2022.0,Thermal Science and Engineering Progress,"Energetic and exergetic study of a potential interconnection of a natural gas engine, heat pumps with a thermal and a mechanical compressor"
https://doi.org/10.1016/j.engstruct.2023.116290,article,2023.0,Engineering Structures,A layered beam-based model for analyzing the stress of rolling shear for the cross-laminated timber panels under out-of-plane bending
https://doi.org/10.1016/0924-4247(91)87060-G,article,1991.0,Sensors and Actuators A: Physical,Construction of a multisensor module system exemplified by an intelligent internal thread sensor
https://doi.org/10.1021/acssynbio.1c00549,article,2022.0,ACS Synthetic Biology,Engineering Transcription Factor BmoR Mutants for Constructing Multifunctional Alcohol Biosensors
https://doi.org/10.1016/S1474-6670(17)50920-9,article,1992.0,IFAC Proceedings Volumes,A Highly-Integrated Intelligent Sensor for Gas-Liquid-Chromatography
https://doi.org/10.1016/0925-5273(92)90100-L,article,1992.0,International Journal of Production Economics,Options in advanced energy-related production processes
https://doi.org/10.1016/j.mejo.2005.06.001,article,2005.0,Microelectronics Journal,Built-in self-test of global interconnects of field programmable analog arrays
https://doi.org/10.1016/j.proci.2024.105544,article,2024.0,Proceedings of the Combustion Institute,An ab initio kinetic study on H-abstraction reactions of gasoline surrogates by NO2
https://doi.org/10.1016/j.ymssp.2013.11.010,article,2014.0,Mechanical Systems and Signal Processing,Lifting approach to simplify output-only continuous-scan laser vibrometry
https://doi.org/10.1016/j.tra.2024.104120,article,2024.0,Transportation Research Part A: Policy and Practice,Using topic modeling to unravel the nuanced effects of built environment on bicycle-metro integrated usage
https://doi.org/10.1016/S0020-7683(99)00156-0,article,2000.0,International Journal of Solids and Structures,Interface forces in composite steel–concrete structure
https://doi.org/10.1016/j.applthermaleng.2021.116718,article,2021.0,Applied Thermal Engineering,Experimental study of local air-side heat transfer coefficient on real-scale heat exchanger fins by employing an absorption-based mass transfer method
https://doi.org/10.1016/0307-904X(94)90319-0,article,1994.0,Applied Mathematical Modelling,Three-dimensional flow around a submerged body in finite-depth water
https://doi.org/10.1016/j.jsv.2021.115970,article,2021.0,Journal of Sound and Vibration,Experimental study of thermo-acoustic wave modulation in a cracked plate
https://doi.org/10.1016/S0898-1221(01)85016-1,article,2001.0,Computers & Mathematics with Applications,Nonlinear solution adaptive structured grids via heat-conduction analogies
https://doi.org/10.1021/acschembio.1c00879,article,2022.0,ACS Chemical Biology,Acetyl-CoA-Mediated Post-Biosynthetic Modification of Desferrioxamine B Generates N- and N‑O‑Acetylated Isomers Controlled by a pH Switch
https://doi.org/10.1016/j.bspc.2023.105256,article,2023.0,Biomedical Signal Processing and Control,Application of peripheral neural information to model and control agonist/antagonistic muscular coordination dynamics using the Poincaré approach
https://doi.org/10.1016/S0013-7944(97)00080-5,article,1997.0,Engineering Fracture Mechanics,Method of caustics in fracture mechanics of mechanically anisotropic materials
https://doi.org/10.1016/S0026-2692(98)00026-3,article,1998.0,Microelectronics Journal,CMOS-compatible smart temperature sensors
https://doi.org/10.1016/j.jmps.2019.01.013,article,2019.0,Journal of the Mechanics and Physics of Solids,On a family of numerical models for couple stress based flexoelectricity for continua and beams
https://doi.org/10.1016/S0890-6955(98)00017-0,article,1998.0,International Journal of Machine Tools and Manufacture,Micro-end-milling—III. Wear estimation and tool breakage detection using acoustic emission signals
https://doi.org/10.1016/j.jbiomech.2005.02.008,article,2006.0,Journal of Biomechanics,An optimized protocol for hip joint centre determination using the functional method
https://doi.org/10.1016/j.aeue.2005.03.017,article,2006.0,AEU - International Journal of Electronics and Communications,CCII-based PID controllers employing grounded passive components
https://doi.org/10.1016/0263-2241(96)00005-X,article,1996.0,Measurement,Reproducibility of the gold melting point of the type S thermocouple by the wire-bridge method with change of the heating rate
https://doi.org/10.1016/B978-0-7506-8627-3.00008-X,incollection,2008.0,Analog Circuits,"Chapter 8 - Noise: The Three Categories—Device, Conducted, and Emitted"
https://doi.org/10.1016/B978-0-08-101272-7.00022-5,incollection,2018.0,Handbook of Properties of Textile and Technical Fibres (Second Edition),22 - Small-diameter silicon carbide fibers
https://doi.org/10.1016/0020-7683(95)00094-1,article,1996.0,International Journal of Solids and Structures,Stability of elastic bars on uncertain foundations using a convex model
https://doi.org/10.1016/j.aeue.2018.08.023,article,2018.0,AEU - International Journal of Electronics and Communications,Reduction of self-heating effect using selective buried oxide (SELBOX) charge plasma based junctionless transistor
https://doi.org/10.1016/S0924-4247(01)00526-X,article,2001.0,Sensors and Actuators A: Physical,Distributed measurement and control system based on microcontrollers with automatic program generation
https://doi.org/10.1016/j.snb.2021.130679,article,2021.0,Sensors and Actuators B: Chemical,Dual-emission samarium macrocycle as a lab-on-a-molecule enables high-throughput discrimination of anionic sulfonate surfactants
https://doi.org/10.1016/S0925-4005(97)00270-0,article,1997.0,Sensors and Actuators B: Chemical,Glucose biosensor based on a reagentless graphite-epoxy screen-printable biocomposite
https://doi.org/10.1016/j.bios.2022.114961,article,2023.0,Biosensors and Bioelectronics,Cu2+@NMOFs-to-bimetallic CuFe PBA transformation: An instant catalyst with oxidase-mimicking activity for highly sensitive impedimetric biosensor
https://doi.org/10.1021/acschembio.8b00340,article,2018.0,ACS Chemical Biology,Fluorinated Analogues of Desferrioxamine B from Precursor-Directed Biosynthesis Provide New Insight into the Capacity of DesBCD
https://doi.org/10.1016/j.sna.2007.02.025,article,2008.0,Sensors and Actuators A: Physical,A novel method for estimating the angle from analog co-sinusoidal quadrature signals
https://doi.org/10.1016/j.ast.2024.109021,article,2024.0,Aerospace Science and Technology,Isolated propeller aeroacoustics at positive and negative thrust
https://doi.org/10.1016/j.actaastro.2006.09.015,article,2007.0,Acta Astronautica,NEEMO 7 undersea mission
https://doi.org/10.1016/j.sse.2010.04.001,article,2010.0,Solid-State Electronics,Analysis of subthreshold photo-leakage current in ZnO thin-film transistors using indium-ion implantation
https://doi.org/10.1016/S0924-4247(97)80089-1,article,1996.0,Sensors and Actuators A: Physical,Digital stochastic magnetic-field detection
https://doi.org/10.1016/j.engfailanal.2025.109428,article,2025.0,Engineering Failure Analysis,File wear analysis of root canal treatment in simulated root canals – A vibrational and high-speed imagery approach
https://doi.org/10.1016/j.aeue.2021.153855,article,2021.0,AEU - International Journal of Electronics and Communications,Active emulation circuits of fractional-order memristive elements and its applications
https://doi.org/10.1016/j.jsv.2022.116751,article,2022.0,Journal of Sound and Vibration,Transient analysis of trailing edge noise assisted by wavelet-based beamforming and flow visualisation
https://doi.org/10.1016/j.ijheatmasstransfer.2009.12.008,article,2010.0,International Journal of Heat and Mass Transfer,The meshless analog equation method for solving heat transfer to molten polymer flow in tubes
https://doi.org/10.1016/S1474-6670(17)53698-8,article,1988.0,IFAC Proceedings Volumes,The Knowledge-Based Optimizing of Electronic Controllers
https://doi.org/10.1016/j.engstruct.2007.11.016,article,2008.0,Engineering Structures,An improved model for the dynamic analysis of plates stiffened by parallel beams
https://doi.org/10.1016/j.enbuild.2016.10.019,article,2016.0,Energy and Buildings,"Net zero-energy buildings in Germany: Design, model calibration and lessons learned from a case-study in Berlin"
https://doi.org/10.1016/B978-0-12-378640-1.00008-1,incollection,2014.0,Wireless Receiver Architectures and Design,Chapter 8 - Receiver Architectures
https://doi.org/10.1016/j.icheatmasstransfer.2021.105759,article,2022.0,International Communications in Heat and Mass Transfer,Application of macrolayer dryout model for the critical current density of water electrolysis
https://doi.org/10.1016/0921-8890(89)90006-7,article,1989.0,Robotics and Autonomous Systems,A framework for programmable and flexible construction systems
https://doi.org/10.1016/j.sna.2004.02.022,article,2004.0,Sensors and Actuators A: Physical,Development of network capable smart transducer interface for traditional sensors and actuators
https://doi.org/10.1016/j.apenergy.2015.07.059,article,2015.0,Applied Energy,Comparison of numerical weather prediction based deterministic and probabilistic wind resource assessment methods
https://doi.org/10.1016/j.icte.2019.06.002,article,2020.0,ICT Express,Experimental characterization of Sigma Delta Radio over fiber system for 5G C-RAN downlink
https://doi.org/10.1016/0920-3796(96)00442-5,article,1996.0,Fusion Engineering and Design,Analogue feedback control system of RFX
https://doi.org/10.1016/j.aeue.2021.153666,article,2021.0,AEU - International Journal of Electronics and Communications,Controllability of the unijunction transistor based integrate-and-fire electronic spiking neuron
https://doi.org/10.1016/j.bios.2013.10.063,article,2014.0,Biosensors and Bioelectronics,Enzyme-free amplified detection of nucleic acids based on self-sustained replication of RNAzyme and its application in tumor cell detection
https://doi.org/10.1016/B978-0-12-386001-9.00008-8,incollection,2012.0,Electrical Engineering 101 (Third Edition),Chapter 0 - What Is Electricity Really?
https://doi.org/10.1016/j.ijheatmasstransfer.2024.126000,article,2024.0,International Journal of Heat and Mass Transfer,"Analysis of vapor bubble diameter, departure frequency and dynamics in a single cavity"
https://doi.org/10.1016/j.pecs.2021.100925,article,2021.0,Progress in Energy and Combustion Science,Influence of functional groups on low-temperature combustion chemistry of biofuels
https://doi.org/10.1016/0890-6955(95)00074-7,article,1996.0,International Journal of Machine Tools and Manufacture,Study of the correlation between surface roughness and cutting vibrations to develop an on-line roughness measuring technique in hard turning
https://doi.org/10.1016/j.buildenv.2006.03.018,article,2008.0,Building and Environment,Ventilation rates in schools
https://doi.org/10.1016/j.mejo.2008.08.017,article,2009.0,Microelectronics Journal,Impact of gate-oxide tunneling on mixed-signal design and simulation of a nano-CMOS VCO
https://doi.org/10.1016/B978-012374212-4.50123-1,incollection,2008.0,Cancer Imaging,27 - Malignant Lymphoma: 18F-Fluorodeoxyglucose-Positron Emission Tomography
https://doi.org/10.1016/S0065-2717(01)80013-7,incollection,2001.0,Chemistry and Biology of Hyaluronan,Turbulent flow and convection: The prediction of turbulent flow and convection in a round tube
https://doi.org/10.1016/j.ijmultiphaseflow.2020.103541,article,2021.0,International Journal of Multiphase Flow,Bubble drag in electrolytically generated microbubble swarms with bubble-vortex interactions
https://doi.org/10.1016/0263-8223(93)90219-G,article,1993.0,Composite Structures,Increasing the limit of usability of CFRP tubes by built-in stresses
https://doi.org/10.1016/j.ijheatmasstransfer.2023.124770,article,2024.0,International Journal of Heat and Mass Transfer,An extended B′ formulation for ablating-surface boundary conditions
https://doi.org/10.1016/0959-1524(93)80007-X,article,1993.0,Journal of Process Control,Experimental evaluation of a multivariable adaptive nonlinear predictive controller
https://doi.org/10.1016/j.camwa.2018.01.049,article,2018.0,Computers & Mathematics with Applications,Rational and semi-rational solutions of the y-nonlocal Davey–Stewartson I equation
https://doi.org/10.1016/0141-9331(96)01095-2,article,1996.0,Microprocessors and Microsystems,Microcontroller based LCR meter
https://doi.org/10.1016/j.ergon.2007.03.001,article,2007.0,International Journal of Industrial Ergonomics,Occupational risks factors identified and interventions suggested by welders and computer numeric control workers to control low back disorders in two steel companies
https://doi.org/10.1016/j.vlsi.2003.08.004,article,2003.0,Integration,IPRAIL—intellectual property reuse-based analog IC layout automation
https://doi.org/10.1016/j.vlsi.2012.10.002,article,2013.0,Integration,Solution of PDEs-electrically coupled systems with electrical analogy
https://doi.org/10.1016/j.jmatprotec.2013.07.002,article,2013.0,Journal of Materials Processing Technology,Experimental and finite element analysis of temperature and energy partition to the workpiece while grinding with a flexible robot
https://doi.org/10.1016/j.jsv.2019.114907,article,2019.0,Journal of Sound and Vibration,3DOF-rigid-pendulum analogy for nonlinear liquid slosh in spherical propellant tanks
https://doi.org/10.1021/acschembio.2c00492,article,2022.0,ACS Chemical Biology,Divergent Evolution of Lanthipeptide Stereochemistry
https://doi.org/10.1016/j.mejo.2018.04.003,article,2018.0,Microelectronics Journal,A charge-sharing switching scheme for SAR ADCs in biomedical applications
https://doi.org/10.1016/j.measurement.2010.10.004,article,2011.0,Measurement,A novel approach of analog circuit fault diagnosis using support vector machines classifier
https://doi.org/10.1016/j.vlsi.2010.09.003,article,2011.0,Integration,Directly performance-constrained template-based layout retargeting and optimization for analog integrated circuits
https://doi.org/10.1016/j.proeng.2010.11.033,article,2010.0,Procedia Engineering,High linearity 32-channel CMOS X-ray readout integrated circuit
https://doi.org/10.1016/j.microrel.2007.07.088,article,2007.0,Microelectronics Reliability,Lifetime estimation of analog circuits from the electrical characteristics of stressed MOSFETs
https://doi.org/10.1016/j.bios.2006.10.038,article,2007.0,Biosensors and Bioelectronics,An oxidative stress-specific bacterial cell array chip for toxicity analysis
https://doi.org/10.1016/j.proci.2004.08.213,article,2005.0,Proceedings of the Combustion Institute,Rate constants for D+C2H4→C2H3D+H at high temperature: implications to the high pressure rate constant for H+C2H4→C2H5
https://doi.org/10.1006/jsvi.1995.0110,article,1995.0,Journal of Sound and Vibration,Efficient calculation of the green function for acoustic propagation above a homogeneous impedance plane
https://doi.org/10.1016/j.mechmat.2016.11.014,article,2017.0,Mechanics of Materials,Extraction of plasticity parameters from a single test using a spherical indenter and FEM modelling
https://doi.org/10.1016/j.aeue.2016.03.009,article,2016.0,AEU - International Journal of Electronics and Communications,Pseudo-differential second-order band-reject filter using current conveyors
https://doi.org/10.1016/j.ifacol.2021.11.173,article,2021.0,IFAC-PapersOnLine,Electromagnetic energy harvesting from train induced railway bridge vibrations
https://doi.org/10.1016/S0026-2692(02)00096-4,article,2002.0,Microelectronics Journal,Testing second-order delta–sigma modulators using pseudo-random patterns
https://doi.org/10.1016/j.icheatmasstransfer.2021.105634,article,2021.0,International Communications in Heat and Mass Transfer,Large eddy simulation of separated flow to investigate heat transfer characteristics in an asymmetric diffuser subjected to constant wall heat flux
https://doi.org/10.1016/j.jsv.2014.09.013,article,2015.0,Journal of Sound and Vibration,Tandem cylinder aerodynamic sound control using porous coating
https://doi.org/10.1016/j.procir.2024.04.016,article,2024.0,Procedia CIRP,Design Hormones: Nature-Inspired Generative Design Methodology for Additive Manufacturing
https://doi.org/10.1016/j.micpro.2013.04.011,article,2013.0,Microprocessors and Microsystems,An infrastructure for accurate characterization of single-event transients in digital circuits
https://doi.org/10.1016/j.compositesb.2020.108052,article,2020.0,Composites Part B: Engineering,Digital volume correlation technique for characterizing subsurface deformation behavior of a laminated composite
https://doi.org/10.1016/j.bios.2004.04.007,article,2004.0,Biosensors and Bioelectronics,Fabrication and characterization of 3D hydrogel microarrays to measure antigenicity and antibody functionality for biosensor applications
https://doi.org/10.1016/0925-9635(95)00325-8,article,1995.0,Diamond and Related Materials,Theoretical aspects of diamond films and laser action
https://doi.org/10.1016/S0029-5493(00)00365-4,article,2001.0,Nuclear Engineering and Design,An experimental study on evaporative heat transfer coefficient and applications for passive cooling of AP600 steel containment
https://doi.org/10.1016/j.apor.2022.103201,article,2022.0,Applied Ocean Research,Numerical analysis of marine propellers low frequency noise during maneuvering. Part II: Passive and active noise control strategies
https://doi.org/10.1016/j.jmbbm.2013.01.029,article,2013.0,Journal of the Mechanical Behavior of Biomedical Materials,A non-biological model system to simulate the in vivo mechanical behavior of prosthetic meshes
https://doi.org/10.1016/S0020-7225(98)00048-2,article,1998.0,International Journal of Engineering Science,Recent advances in the spherical harmonics method
https://doi.org/10.1016/S0082-0784(98)80423-2,article,1998.0,Symposium (International) on Combustion,"Oxidation of oxygenated octane improvers: MTBE, ETBE, DIPE, and TAME"
https://doi.org/10.1016/j.aeue.2015.07.010,article,2015.0,AEU - International Journal of Electronics and Communications,Zero-power mismatch-independent digital to analog converter
https://doi.org/10.1016/j.ijheatfluidflow.2019.108481,article,2019.0,International Journal of Heat and Fluid Flow,One-dimensional turbulence investigation of variable density effects due to heat transfer in a low Mach number internal air flow
https://doi.org/10.1016/S0168-874X(98)00014-6,article,1998.0,Finite Elements in Analysis and Design,Admissible modeling errors or modeling simplifications?
https://doi.org/10.3182/20130902-3-CN-3020.00159,article,2013.0,IFAC Proceedings Volumes,FM Noise Generator Based on Hybrid Method
https://doi.org/10.1016/B978-0-12-385185-7.00031-7,incollection,2011.0,Analog Circuit Design,31 - Take the mystery out of the switched-capacitor filter: The system designer's filter compendium
https://doi.org/10.1016/j.nucengdes.2019.110342,article,2019.0,Nuclear Engineering and Design,An overview of the AHFM-NRG formulations for the accurate prediction of turbulent flow and heat transfer in low-Prandtl number flows
https://doi.org/10.1016/j.asoc.2009.08.013,article,2010.0,Applied Soft Computing,Enhanced affine invariant matching of broken boundaries based on particle swarm optimization and the dynamic migrant principle
https://doi.org/10.1016/S0920-3796(01)00397-0,article,2001.0,Fusion Engineering and Design,Progress and plans for MAST plasma control
https://doi.org/10.1016/j.aeue.2021.153728,article,2021.0,AEU - International Journal of Electronics and Communications,Digital pattern synthesis with a compact MIMO antenna of half-wavelength diameter
https://doi.org/10.1016/j.ijleo.2015.12.158,article,2016.0,Optik,Design and implementation of camera CCD readout for a remote sensing LEO satellite
https://doi.org/10.1021/acssynbio.9b00230,article,2019.0,ACS Synthetic Biology,Mevalonate Pathway Promiscuity Enables Noncanonical Terpene Production
https://doi.org/10.1016/j.actaastro.2024.07.049,article,2024.0,Acta Astronautica,Specific rhizobacterial assembly enhances the physiological adaptation of soil-cultivated wheat to simulated microgravity
https://doi.org/10.2196/22324,article,2020.0,Journal of Medical Internet Research,Efficacy of Electronic Acupuncture Shoes for Chronic Low Back Pain: Double-Blinded Randomized Controlled Trial
https://doi.org/10.1016/j.snb.2006.05.013,article,2007.0,Sensors and Actuators B: Chemical,Design and construction of a low cost single-supply embedded telemetry system for amperometric biosensor applications
https://doi.org/10.1016/j.vlsi.2018.10.008,article,2019.0,Integration,A new current-mode computational analog block free from the body-effect
https://doi.org/10.1016/j.ergon.2011.07.001,article,2011.0,International Journal of Industrial Ergonomics,Investigation of musculoskeletal symptoms and ergonomic risk factors among female sewing machine operators in Turkey
https://doi.org/10.1016/j.ymssp.2023.110865,article,2023.0,Mechanical Systems and Signal Processing,A Fourier-based explanation of 1D-CNNs for machine condition monitoring applications
https://doi.org/10.1016/j.proci.2008.07.009,article,2009.0,Proceedings of the Combustion Institute,Investigation of the rich premixed laminar acetylene/oxygen/argon flame: Comprehensive flame structure and special concerns of polyynes
https://doi.org/10.1016/j.oceaneng.2021.109828,article,2021.0,Ocean Engineering,Study of a FWH-based permeable-surface formulation for propeller hydroacoustics
https://doi.org/10.1016/j.actaastro.2011.10.015,article,2013.0,Acta Astronautica,Field geologic observation and sample collection strategies for planetary surface exploration: Insights from the 2010 Desert RATS geologist crewmembers
https://doi.org/10.1016/0029-5493(94)90336-0,article,1994.0,Nuclear Engineering and Design,Issues affecting advanced passive light-water reactor safety analysis
https://doi.org/10.1016/j.vlsi.2012.10.001,article,2013.0,Integration,Compact low-power implementation for continuous-time ΣΔ modulators
https://doi.org/10.1016/j.jnca.2019.102509,article,2020.0,Journal of Network and Computer Applications,PGFit: Static permission analysis of health and fitness apps in IoT programming frameworks
https://doi.org/10.1016/j.sna.2017.02.007,article,2017.0,Sensors and Actuators A: Physical,Calibration scheme for a new type of 3D Hall sensor
https://doi.org/10.1016/j.actaastro.2006.08.009,article,2007.0,Acta Astronautica,The Digital Astronaut: An integrated modeling and database system for space biomedical research and operations
https://doi.org/10.1016/0026-2714(95)00083-6,article,1996.0,Microelectronics Reliability,Evaluation of probability mass function of flow in a communication network considering a multistate model of network links
https://doi.org/10.1016/j.jmbbm.2018.04.010,article,2018.0,Journal of the Mechanical Behavior of Biomedical Materials,Osteogenesis of 3D printed porous Ti6Al4V implants with different pore sizes
https://doi.org/10.1016/j.ijfatigue.2004.06.008,article,2005.0,International Journal of Fatigue,Modeling effects of nonmetallic inclusions on LCF in DS nickel-base superalloys
https://doi.org/10.1016/0026-2714(92)90034-I,article,1992.0,Microelectronics Reliability,Ignorance and uncertainty in reliability reasoning
https://doi.org/10.1016/j.compind.2015.06.008,article,2016.0,Computers in Industry,Current trends on ICT technologies for enterprise information systems
https://doi.org/10.1016/j.na.2023.113319,article,2023.0,Nonlinear Analysis,Global regularity and stability analysis of the Patlak–Keller–Segel system with flow advection in a bounded domain: A semigroup approach
https://doi.org/10.1016/j.conbuildmat.2011.01.012,article,2011.0,Construction and Building Materials,Simple lower bound limit analysis homogenization model for in- and out-of-plane loaded masonry walls
https://doi.org/10.1016/j.sse.2023.108783,article,2023.0,Solid-State Electronics,Evidence of Transport Degradation in 22 nm FD-SOI Charge Trapping Transistors for Neural Network Applications
https://doi.org/10.1016/0957-4158(95)00047-9,article,1995.0,Mechatronics,A required mechanical engineering course in microprocessors
https://doi.org/10.1016/0951-5240(95)00006-F,article,1995.0,Computer Integrated Manufacturing Systems,Human-computer interaction issues in developing a bearing design support system: a case study
https://doi.org/10.1016/j.mssp.2014.12.026,article,2015.0,Materials Science in Semiconductor Processing,Estimation of analog/RF figures-of-merit using device design engineering in gate stack double gate MOSFET
https://doi.org/10.1016/j.expthermflusci.2013.02.015,article,2013.0,Experimental Thermal and Fluid Science,Comparison between PSP and TLC steady state techniques for adiabatic effectiveness measurement on a multiperforated plate
https://doi.org/10.1016/j.bios.2023.115483,article,2023.0,Biosensors and Bioelectronics,HCR/DNAzyme-triggered cascaded feedback cycle amplification for self-powered dual-photoelectrode detection of femtomolar HPV16
https://doi.org/10.1016/j.jmbbm.2012.12.004,article,2013.0,Journal of the Mechanical Behavior of Biomedical Materials,Anisotropic mode-dependent damage of cortical bone using the extended finite element method (XFEM)
https://doi.org/10.1016/B978-0-12-378640-1.00007-X,incollection,2014.0,Wireless Receiver Architectures and Design,Chapter 7 - Frequency Synthesis and Gain Control
https://doi.org/10.1016/S1474-6670(17)63579-1,article,1981.0,IFAC Proceedings Volumes,An Information Retrieval System with Ability of Analogical Inference Using Semantic Network and Function of Fuzzification
https://doi.org/10.1006/jpdc.1995.1137,article,1995.0,Journal of Parallel and Distributed Computing,Techniques for Scheduling I/O in a High Performance Multimedia-on-Demand Server
https://doi.org/10.1016/j.mejo.2022.105610,article,2022.0,Microelectronics Journal,Impact of band gap and gate dielectric engineering on novel Si0.1Ge0.9-GaAs lateral N-type charge plasma based JLTFET
https://doi.org/10.1016/j.mejo.2023.105858,article,2023.0,Microelectronics Journal,A 24-kHz BW 90.5-dB SNDR 96-dB DR continuous-time delta-sigma modulator using FIR DAC feedback
https://doi.org/10.1016/j.mejo.2012.07.003,article,2012.0,Microelectronics Journal,A new current-mode CMOS analog programmable arbitrary nonlinear function synthesizer
https://doi.org/10.1016/0026-2692(92)90092-F,article,1992.0,Microelectronics Journal,Programmable quasi-passive algorithmic digital- analogue converter
https://doi.org/10.1016/S1474-6670(17)44481-8,article,1997.0,IFAC Proceedings Volumes,A Mechatronics Test-Bed for Embedded Distributed Control Systems
https://doi.org/10.1016/j.wear.2018.12.037,article,2019.0,Wear,Development of an application-oriented tool life equation for dry gear finish hobbing
https://doi.org/10.1016/j.sna.2020.112191,article,2020.0,Sensors and Actuators A: Physical,A high-resolution area-change-based capacitive MEMS tilt sensor
https://doi.org/10.1016/j.yofte.2017.04.002,article,2017.0,Optical Fiber Technology,56Gbps signal generation from one 10-G class laser diode for 400G intra-data center interconnection
https://doi.org/10.1016/j.aeue.2019.153036,article,2020.0,AEU - International Journal of Electronics and Communications,Soft fault diagnosis of linear circuits with the special attention paid to the circuits containing current conveyors
https://doi.org/10.1016/j.snb.2019.127124,article,2020.0,Sensors and Actuators B: Chemical,Characterization and evaluation of ionic liquids for use in rapidly-actuated hydraulic microvalves
https://doi.org/10.1016/j.cemconres.2004.01.003,article,2004.0,Cement and Concrete Research,Polytypes and polymorphs in the related Friedel's salt [Ca2Al(OH)6]+[X·2H2O]− halide series
https://doi.org/10.1016/S0008-8846(02)00957-2,article,2003.0,Cement and Concrete Research,Tricalcium aluminate hydration in the presence of calcium sulfite hemihydrate
https://doi.org/10.1016/j.ijrefrig.2021.11.033,article,2022.0,International Journal of Refrigeration,Heat and mass transfer in falling films technology applied to the generator and the rectifier of an ammonia-water absorption refrigeration cycle
https://doi.org/10.1016/B978-0-7506-8976-2.00001-8,incollection,2009.0,Digital Signal Processing,Chapter 1 - Why DSP?
https://doi.org/10.1016/S1359-8368(02)00013-6,article,2002.0,Composites Part B: Engineering,On the elastic modulus of hybrid particle/short-fiber/polymer composites
https://doi.org/10.1016/j.jmbbm.2020.103962,article,2020.0,Journal of the Mechanical Behavior of Biomedical Materials,Fatigue performance of fully-stabilized zirconia polycrystals monolithic restorations: The effects of surface treatments at the bonding surface
https://doi.org/10.1016/j.tust.2024.106315,article,2025.0,Tunnelling and Underground Space Technology,Numerical simulation of large tunnel alignments under seismic loading: The Large Hadron Collider as a case study
https://doi.org/10.1016/j.microrel.2012.08.014,article,2013.0,Microelectronics Reliability,An on-chip sensor to measure and compensate static NBTI-induced degradation in analog circuits
https://doi.org/10.1016/0141-9331(91)90148-9,article,1991.0,Microprocessors and Microsystems,Creation and animation of computer-generated images combined with a camera and smart graphics card
https://doi.org/10.1016/j.ijnonlinmec.2008.03.005,article,2008.0,International Journal of Non-Linear Mechanics,Shear deformation effect in non-linear analysis of composite beams of variable cross section
https://doi.org/10.1016/S0196-8904(00)00038-8,article,2000.0,Energy Conversion and Management,Constructal theory of economics structure generation in space and time
https://doi.org/10.1016/B978-0-12-820947-9.00012-X,incollection,2023.0,Pervasive Cardiovascular and Respiratory Monitoring Devices,Chapter 4 - Modeling and simulation of biomedical systems
https://doi.org/10.1016/j.wear.2019.203084,article,2019.0,Wear,A local degraded adhesion model for creep forces evaluation: An approximate approach to the tangential contact problem
https://doi.org/10.1016/j.icheatmasstransfer.2021.105536,article,2021.0,International Communications in Heat and Mass Transfer,Non-Fourier thermal and mass transport in hybridnano-Williamson fluid under chemical reaction in Forchheimer porous medium
https://doi.org/10.1016/j.tsep.2024.102721,article,2024.0,Thermal Science and Engineering Progress,Development and Experimental Validation of a Two-stage Thermoelectric Heat Pump Computational Model for Heating Applications
https://doi.org/10.1016/j.asej.2020.01.007,article,2020.0,Ain Shams Engineering Journal,Nature-inspired algorithms for feed-forward neural network classifiers: A survey of one decade of research
https://doi.org/10.1016/S0735-1933(97)00040-7,article,1997.0,International Communications in Heat and Mass Transfer,Rapid determination of spatio-temporal temperatures and heat transfer in simple bodies cooled by convection: Usage of calculators in lieu of heisler-gröber charts
https://doi.org/10.1021/acschembio.9b00863,article,2020.0,ACS Chemical Biology,Biosynthetic Study of Cephalosporin P1 Reveals a Multifunctional P450 Enzyme and a Site-Selective Acetyltransferase
https://doi.org/10.1016/j.compfluid.2005.07.006,article,2007.0,Computers & Fluids,Numerical prediction of sound generated from flows with a low Mach number
https://doi.org/10.1016/j.aml.2011.05.012,article,2011.0,Applied Mathematics Letters,A new class of generalized Apostol–Bernoulli polynomials and some analogues of the Srivastava–Pintér addition theorem
https://doi.org/10.1016/j.aeue.2021.153710,article,2021.0,AEU - International Journal of Electronics and Communications,Design of multi-wing 3D chaotic systems with only stable equilibria or no equilibrium point using rotation symmetry
https://doi.org/10.1016/j.vlsi.2017.10.014,article,2018.0,Integration,Analog behavioral equivalence boundary computation under the effect of process variations
https://doi.org/10.1016/j.ijmecsci.2018.02.038,article,2018.0,International Journal of Mechanical Sciences,"Performance enhancement of tubular multilayers via compliance-tailoring: 3D printing, testing and modeling"
https://doi.org/10.1016/j.microrel.2008.12.002,article,2009.0,Microelectronics Reliability,Evolutionary derivation of optimal test sets for neural network based analog and mixed signal circuits fault diagnosis approach
https://doi.org/10.1016/j.conbuildmat.2016.12.028,article,2017.0,Construction and Building Materials,Experimental research of the AE responses and fracture evolution characteristics for sand-paraffin similar material
https://doi.org/10.1016/j.inffus.2024.102271,article,2024.0,Information Fusion,Digital twin-assisted dual transfer: A novel information-model adaptation method for rolling bearing fault diagnosis
https://doi.org/10.1016/0378-7796(93)90081-O,article,1993.0,Electric Power Systems Research,Artificial neural networks and their applications to power systems—a bibliographical survey
https://doi.org/10.1016/S0924-4247(98)00064-8,article,1998.0,Sensors and Actuators A: Physical,A novel micromachined accelerometer capacitive interface
https://doi.org/10.1016/j.vlsi.2019.01.003,article,2019.0,Integration,"Fast locking, startup-circuit free, low area, 32-phase analog DLL"
https://doi.org/10.1016/j.cja.2022.04.004,article,2022.0,Chinese Journal of Aeronautics,Airside pressure drop characteristics of three analogous serpentine tube heat exchangers considering heat transfer for aero-engine cooling
https://doi.org/10.1016/j.snb.2019.01.073,article,2019.0,Sensors and Actuators B: Chemical,Magnetic field assisted preconcentration of biomolecules for lateral flow assaying
https://doi.org/10.1016/j.jsv.2019.01.016,article,2019.0,Journal of Sound and Vibration,A methodology for the prediction of the sonic boom in tunnels of high-speed trains
https://doi.org/10.1016/j.robot.2016.09.013,article,2017.0,Robotics and Autonomous Systems,R-SLAM: Resilient localization and mapping in challenging environments
https://doi.org/10.2196/jmir.2632,article,2013.0,Journal of Medical Internet Research,A Method for the Design and Development of Medical or Health Care Information Websites to Optimize Search Engine Results Page Rankings on Google
https://doi.org/10.1016/S0029-5493(01)00505-2,article,2002.0,Nuclear Engineering and Design,Simple evaluation method for radiation streaming through bent ducts having arbitrary rectangular sections and a plane radiation source
https://doi.org/10.1016/S1005-8885(16)60045-6,article,2016.0,The Journal of China Universities of Posts and Telecommunications,Energy-efficiency based downlink multi-user hybrid beamforming for millimeter wave massive MIMO system
https://doi.org/10.1016/j.proci.2006.07.015,article,2007.0,Proceedings of the Combustion Institute,Global stretch effects in premixed turbulent combustion
https://doi.org/10.1016/j.apenergy.2021.117158,article,2021.0,Applied Energy,Optimizing operational costs and PV production at utility scale: An optical fiber network analogy for solar park clustering
https://doi.org/10.1016/j.jmbbm.2020.103821,article,2020.0,Journal of the Mechanical Behavior of Biomedical Materials,3D metal printing in dentistry: An in vitro biomechanical comparative study of two additive manufacturing technologies for full-arch implant-supported prostheses
https://doi.org/10.1016/j.sse.2021.108063,article,2021.0,Solid-State Electronics,Assessment of 2D-FET Based Digital and Analog Circuits on Paper
https://doi.org/10.1016/j.compstruct.2020.112649,article,2020.0,Composite Structures,Active and passive confinement of shape modified low strength concrete columns using SMA and FRP systems
https://doi.org/10.1016/j.est.2020.101881,article,2020.0,Journal of Energy Storage,One-pot electrochemical assembling of porous cobalt hydroxide/nitrogen-doped porous graphene onto Ni foam as a binder-free electrode for supercapacitor applications
https://doi.org/10.1021/acschembio.4c00384,article,2024.0,ACS Chemical Biology,Exploring the Biosynthetic Potential of Tistrella Species for Producing Didemnin Antitumor Agents
https://doi.org/10.1016/j.aeue.2020.153460,article,2020.0,AEU - International Journal of Electronics and Communications,Improved coded/uncoded monobit receiver for transmit-reference UWB communication systems: Performance evaluation and digital circuit design
https://doi.org/10.1016/j.knosys.2015.12.003,article,2016.0,Knowledge-Based Systems,Computing force field-based directional maps in subquadratic time
https://doi.org/10.1016/j.trgeo.2019.100286,article,2019.0,Transportation Geotechnics,Buried rigid pipe-soil interaction in dense and medium sand backfills under downward relative movement: 2D finite element analysis
https://doi.org/10.1016/j.firesaf.2019.03.010,article,2019.0,Fire Safety Journal,On the influence of circulation on fire whirl height
https://doi.org/10.1016/j.clay.2005.01.002,article,2005.0,Applied Clay Science,Thermal loading of smectite-rich rocks: Natural processes vs. laboratory experiments
https://doi.org/10.1016/S1474-6670(17)55248-9,article,1987.0,IFAC Proceedings Volumes,A Model for Developmental Systems
https://doi.org/10.1016/j.snb.2005.07.025,article,2006.0,Sensors and Actuators B: Chemical,"A novel biochip technology for detection of explosives–TNT: Synthesis, characterisation and application"
https://doi.org/10.1016/j.wear.2019.05.001,article,2019.0,Wear,"Wear performance and characterisation of coatings for nuclear applications: WC-(W,Cr)2C-Ni and hard chromium plate"
https://doi.org/10.1016/j.microrel.2008.10.013,article,2009.0,Microelectronics Reliability,Stability of thin film resistors – Prediction and differences base on time-dependent Arrhenius law
https://doi.org/10.1016/j.snb.2012.11.050,article,2013.0,Sensors and Actuators B: Chemical,A miniaturized chemocapacitor system for the detection of volatile organic compounds
https://doi.org/10.1016/j.asoc.2006.02.008,article,2007.0,Applied Soft Computing,Immune optimization algorithm for constrained nonlinear multiobjective optimization problems
https://doi.org/10.1016/j.dsp.2013.03.007,article,2013.0,Digital Signal Processing,Design of IIR filters using a pole-zero mapping approach
https://doi.org/10.1016/j.snb.2021.129598,article,2021.0,Sensors and Actuators B: Chemical,CO2 gas sensing with an electrolyte-gated transistor using impedance spectroscopy
https://doi.org/10.1016/j.asoc.2013.06.015,article,2013.0,Applied Soft Computing,Biogeography and geo-sciences based land cover feature extraction
https://doi.org/10.1016/B978-0-12-802319-8.00010-3,incollection,2015.0,Offshore Gas Hydrates,Chapter Ten - Martian Hydrate Feasibility: Extending Extreme Seafloor Environments
https://doi.org/10.1016/j.engappai.2024.108527,article,2024.0,Engineering Applications of Artificial Intelligence,Using a generative adversarial network for the inverse design of soft morphing composite beams
https://doi.org/10.1016/j.conbuildmat.2017.03.186,article,2017.0,Construction and Building Materials,Performance of statically indeterminate reinforced glass beams – Experimental comparison with determinate systems and effect of a discontinuous glass section
https://doi.org/10.32604/fdmp.2022.017594,article,2022.0,Fluid Dynamics and Materials Processing,Optimal Scheduling of Electrical Energy Systems Using a Fluid Dynamic Analogy
https://doi.org/10.1016/j.camwa.2016.04.048,article,2016.0,Computers & Mathematics with Applications,A stable method for the evaluation of Gaussian radial basis function solutions of interpolation and collocation problems
https://doi.org/10.1016/j.actaastro.2017.11.009,article,2018.0,Acta Astronautica,Long-duration space exploration and emotional health: Recommendations for conceptualizing and evaluating risk
https://doi.org/10.1016/j.sna.2008.07.001,article,2008.0,Sensors and Actuators A: Physical,Design and evaluation of a fast model-based algorithm for ultrasonic range measurements
https://doi.org/10.1016/j.ergon.2014.12.001,article,2016.0,International Journal of Industrial Ergonomics,"The impact of computer-based procedures on team performance, communication, and situation awareness"
https://doi.org/10.1016/j.apacoust.2012.11.015,article,2013.0,Applied Acoustics,Influence of blade compactness and segmentation strategy on tonal noise prediction of an automotive engine cooling fan
https://doi.org/10.1016/S0360-8352(99)00076-5,article,1999.0,Computers & Industrial Engineering,Application of visual analog scales (VAS) for the comparative evaluation of tool and equipment designs and work methods
https://doi.org/10.1016/j.flowmeasinst.2019.101679,article,2020.0,Flow Measurement and Instrumentation,Numerical and experimental investigation of the metering characteristic and pressure losses of the rotary tubular spool valve
https://doi.org/10.1016/j.apenergy.2015.01.120,article,2016.0,Applied Energy,Real-time estimation of battery state-of-charge with unscented Kalman filter and RTOS μCOS-II platform
https://doi.org/10.1016/j.tust.2019.103140,article,2020.0,Tunnelling and Underground Space Technology,Pressure-induced dipole theory and pressure pulsation in shallow urban road tunnels with top vents
https://doi.org/10.1016/j.diamond.2021.108784,article,2022.0,Diamond and Related Materials,Simulation insights of a new dual gate graphene nano-ribbon tunnel field-effect transistors for THz applications
https://doi.org/10.1016/S0378-4754(70)80023-4,article,1970.0,Mathematics and Computers in Simulation,Performance testing of analog computers
https://doi.org/10.1016/j.sna.2020.112020,article,2020.0,Sensors and Actuators A: Physical,Amplitude stability analysis and experimental investigation of an AC excitation signal for capacitive sensors
https://doi.org/10.1016/j.euromechflu.2017.12.009,article,2018.0,European Journal of Mechanics - B/Fluids,Experimental investigation of the effect of non-Newtonian behavior of blood flow in the Fontan circulation
https://doi.org/10.1016/j.knosys.2012.04.011,article,2012.0,Knowledge-Based Systems,Identifying the semantic orientation of terms using S-HAL for sentiment analysis
https://doi.org/10.1016/j.jweia.2017.04.004,article,2017.0,Journal of Wind Engineering and Industrial Aerodynamics,Incoming windblown sand drift to civil infrastructures: A probabilistic evaluation
https://doi.org/10.1016/j.ijepes.2018.02.010,article,2018.0,International Journal of Electrical Power & Energy Systems,Critical Boundary Index (CBI) based on active and reactive power deviations
https://doi.org/10.1016/j.bios.2014.10.011,article,2015.0,Biosensors and Bioelectronics,A novel composite of molecularly imprinted polymer-coated PdNPs for electrochemical sensing norepinephrine
https://doi.org/10.1007/s12205-015-0726-0,article,2016.0,KSCE Journal of Civil Engineering,An analogy between various machine-learning techniques for detecting construction materials in digital images
https://doi.org/10.3182/20090210-3-CZ-4002.00057,article,2009.0,IFAC Proceedings Volumes,"Measurement, signal processing and visualisation of actimetry, electrocardiography and body temperature."
https://doi.org/10.1016/j.icheatmasstransfer.2023.106642,article,2023.0,International Communications in Heat and Mass Transfer,Investigation of natural convection heat transfer of self-heating packed beds
https://doi.org/10.1016/j.enganabound.2019.05.026,article,2019.0,Engineering Analysis with Boundary Elements,Chorin’s approaches revisited: Vortex Particle Method vs Finite Volume Method
https://doi.org/10.1016/j.knosys.2009.02.011,article,2009.0,Knowledge-Based Systems,Discovering pattern-based subspace clusters by pattern tree
https://doi.org/10.1016/j.conbuildmat.2014.09.110,article,2014.0,Construction and Building Materials,Mechanical performance of dry process fine crumb rubber asphalt mixtures placed on the Portuguese road network
https://doi.org/10.1016/j.actaastro.2020.08.018,article,2020.0,Acta Astronautica,"Cognitive performance during prolonged periods in isolated, confined, and extreme environments"
https://doi.org/10.1016/j.jnnfm.2022.104873,article,2022.0,Journal of Non-Newtonian Fluid Mechanics,Computational investigation into the effect of constitutive formulations for flow modeling of high elasticity
https://doi.org/10.1016/j.imavis.2007.08.003,article,2008.0,Image and Vision Computing,Unsupervised texture classification: Automatically discover and classify texture patterns
https://doi.org/10.1016/j.bjbas.2017.04.003,article,2017.0,Beni-Suef University Journal of Basic and Applied Sciences,"Design and combinatorial library generation of 1H 1,4 benzodiazepine 2,5 diones as photosystem-II inhibitors: A public QSAR approach"
https://doi.org/10.1016/B978-0-08-102505-5.00025-2,incollection,2018.0,Analog Design and Simulation Using OrCAD Capture and PSpice (Second Edition),Chapter 25 - Optimizer
https://doi.org/10.1016/j.fusengdes.2014.03.037,article,2014.0,Fusion Engineering and Design,Evaluation of applicability of laser-based distance meter to measure Li-jet thickness for IFMIF/EVEDA project
https://doi.org/10.1016/j.apenergy.2016.01.127,article,2016.0,Applied Energy,Application of ‘potential carbon’ in energy planning with carbon emission constraints
https://doi.org/10.1016/j.apacoust.2011.02.001,article,2011.0,Applied Acoustics,Otoacoustic emission retrograde standing waves caused by eartip foams
https://doi.org/10.1016/j.ijrmms.2019.03.027,article,2019.0,International Journal of Rock Mechanics and Mining Sciences,Multiscale evaluation of potential damage in jetted lateral boreholes
https://doi.org/10.1016/j.artint.2020.103402,article,2021.0,Artificial Intelligence,Pruning external minimality checking for answer set programs using semantic dependencies
https://doi.org/10.1016/j.biosystemseng.2017.03.014,article,2017.0,Biosystems Engineering,Evaluation and characterisation of Passive Infrared Detectors to monitor pig activities in an environmental research building
https://doi.org/10.1016/j.pmcj.2019.05.002,article,2019.0,Pervasive and Mobile Computing,When analog meets digital: Source-Encoded Physical-Layer Network Coding
https://doi.org/10.1016/j.compstruct.2009.06.007,article,2010.0,Composite Structures,Residual flexural strength after low-velocity impact in glass/polyester composite beams
https://doi.org/10.1016/j.measurement.2020.108031,article,2020.0,Measurement,On the wavelet-based compressibility of continuous-time sampled ECG signal for e-health applications
https://doi.org/10.1016/j.mejo.2017.05.005,article,2017.0,Microelectronics Journal,On-chip training of memristor crossbar based multi-layer neural networks
https://doi.org/10.1016/j.ijheatmasstransfer.2019.119034,article,2020.0,International Journal of Heat and Mass Transfer,Influence of enhanced mass transfer induced by Brownian motion on supported nanoliquids membrane: Experimental correlation and numerical modelling
https://doi.org/10.1016/j.mejo.2015.03.018,article,2015.0,Microelectronics Journal,Electrical characterization and TCAD simulations of multi-gate bulk nMOSFET
https://doi.org/10.1016/S1270-9638(01)01098-7,article,2001.0,Aerospace Science and Technology,Aeroacoustic analysis of high tip-speed rotating blades
https://doi.org/10.1016/j.compstruc.2006.06.002,article,2006.0,Computers & Structures,Subdomain generation using emergent ant colony optimization
https://doi.org/10.1016/j.mechatronics.2010.09.002,article,2011.0,Mechatronics,Hybrid charge control for stick–slip piezoelectric actuators
https://doi.org/10.1016/j.ocecoaman.2012.05.010,article,2013.0,Ocean & Coastal Management,"Geomorphological analogues for large estuarine engineering projects: A case study of barrages, causeways and tidal energy projects"
https://doi.org/10.1016/j.matdes.2022.111252,article,2022.0,Materials & Design,Acquiring Mg-Ag microalloying TiB2/Al-4.5Cu composite simultaneously with ultrahigh strength and ductility via optimized salt-metal reaction and multistage heat treatment
https://doi.org/10.1016/j.proci.2012.07.004,article,2013.0,Proceedings of the Combustion Institute,Cellular pattern formation in detonation propagation
https://doi.org/10.1016/j.optlastec.2023.110407,article,2024.0,Optics & Laser Technology,Diffusion-assisted quantum noise stream cipher for physical layer security in UFMC
https://doi.org/10.1016/j.sse.2017.02.009,article,2017.0,Solid-State Electronics,"PLL application research of a broadband MEMS phase detector: Theory, measurement and modeling"
https://doi.org/10.1016/j.ijplas.2022.103451,article,2022.0,International Journal of Plasticity,Enhanced tensile properties and intersecting nanotwins formation mechanism of Ti44Al48Nb8 alloy via electromagnetic levitation processing
https://doi.org/10.1016/j.apenergy.2013.06.024,article,2013.0,Applied Energy,Configuring wall layers for improved insulation performance
https://doi.org/10.1016/j.jweia.2017.05.006,article,2017.0,Journal of Wind Engineering and Industrial Aerodynamics,Aerodynamic flow control for a generic truck cabin using synthetic jets
https://doi.org/10.1016/j.advengsoft.2018.07.003,article,2018.0,Advances in Engineering Software,Progression of plastic strain on heavy-haul railway rail under random pure rolling and its influence on crack initiation
https://doi.org/10.1016/j.conengprac.2005.03.015,article,2005.0,Control Engineering Practice,Eigenvalue-based wide area stability monitoring of power systems
https://doi.org/10.1016/j.snb.2019.02.048,article,2019.0,Sensors and Actuators B: Chemical,Molecularly imprinted paper-based analytical device obtained by a polymerization-free synthesis
https://doi.org/10.1016/j.sse.2014.12.007,article,2015.0,Solid-State Electronics,Wide frequency band assessment of 28nm FDSOI technology platform for analogue and RF applications
https://doi.org/10.1016/j.measurement.2012.07.016,article,2012.0,Measurement,Characterization of arbitrary waveform generator by low resolution and oversampling signal acquisition
https://doi.org/10.1016/j.arcontrol.2011.10.009,article,2011.0,Annual Reviews in Control,Regularity of minimizers for higher order variational problems in one independent variable
https://doi.org/10.1016/B978-0-12-816713-7.00038-6,incollection,2019.0,DHM and Posturography,Chapter 38 - Task analysis—Ergonomically designed socio-technical work processes or human–machine interfaces using digital ergonomic tools and methods
https://doi.org/10.1016/j.sse.2014.04.001,article,2014.0,Solid-State Electronics,In depth static and low-frequency noise characterization of n-channel FinFETs on SOI substrates at cryogenic temperature
https://doi.org/10.1016/j.cma.2003.09.022,article,2004.0,Computer Methods in Applied Mechanics and Engineering,Embedded crack vs. smeared crack models: a comparison of elementwise discontinuous crack path approaches with emphasis on mesh bias
https://doi.org/10.1016/j.conbuildmat.2015.10.089,article,2015.0,Construction and Building Materials,Characteristics of Australian brown coal fly ash blended geopolymers
https://doi.org/10.1016/S0379-7112(02)00088-7,article,2003.0,Fire Safety Journal,A real-time shipboard fire-detection system based on grey-fuzzy algorithms
https://doi.org/10.1016/j.mejo.2021.105081,article,2021.0,Microelectronics Journal,Simulation study on ferroelectric layer thickness dependence RF/Analog and linearity parameters in ferroelectric tunnel junction TFET
https://doi.org/10.1016/j.soildyn.2012.01.012,article,2012.0,Soil Dynamics and Earthquake Engineering,Designing a unified wireless system for vibration control
https://doi.org/10.1016/j.ijepes.2011.10.008,article,2012.0,International Journal of Electrical Power & Energy Systems,Design and performance evaluation of SSSC supplementary modulation controller in power systems using SPEF method
https://doi.org/10.1016/j.cviu.2016.08.001,article,2017.0,Computer Vision and Image Understanding,Stereo reconstruction using top-down cues
https://doi.org/10.1016/j.buildenv.2018.02.017,article,2018.0,Building and Environment,Sustainable social housing: The comparison of the Mexican funding program for housing solutions and building sustainability rating systems
https://doi.org/10.1016/0169-7552(95)00114-0,article,1995.0,Computer Networks and ISDN Systems,Using Coollists to index HTML documents in the Web
https://doi.org/10.1016/j.snb.2020.129354,article,2021.0,Sensors and Actuators B: Chemical,Comparison of various data analysis techniques applied for the classification of oligopeptides and amino acids by voltammetric electronic tongue
https://doi.org/10.1016/j.epsr.2019.105973,article,2019.0,Electric Power Systems Research,A practical approach to estimate grounding impedance of a vertical rod in a two-layer soil
https://doi.org/10.1016/j.apergo.2015.07.020,article,2016.0,Applied Ergonomics,Assessments of risky driving: A Go/No-Go simulator driving task to evaluate risky decision-making and associated behavioral patterns
https://doi.org/10.1016/j.mejo.2003.12.004,article,2004.0,Microelectronics Journal,Fast and accurate DAC modeling techniques based on wavelet theory
https://doi.org/10.1016/j.apacoust.2020.107699,article,2021.0,Applied Acoustics,Role of individual and personality traits in occupational noise-induced psychological effects
https://doi.org/10.1016/j.ijrefrig.2018.11.009,article,2019.0,International Journal of Refrigeration,Freezing times using time derivative of temperature on surface of foods
https://doi.org/10.1016/j.proeng.2017.10.333,article,2017.0,Procedia Engineering,Effect of Local Cooling on Thermal Comfort of People in a Sleeping Posture
https://doi.org/10.1016/j.actaastro.2021.09.035,article,2022.0,Acta Astronautica,Acceptability of the Cognition Test Battery in astronaut and astronaut-surrogate populations
https://doi.org/10.1016/j.proeng.2015.07.215,article,2015.0,Procedia Engineering,Validation of the Aerodynamic Loading on Basic Flying Disc Geometries Derived from CFD Simulations
https://doi.org/10.1016/B978-0-08-102267-2.00021-X,incollection,2019.0,5G NR,Chapter 4 - New Radio Access Physical Layer Aspects (Part 2)
https://doi.org/10.1016/S1566-2535(03)00004-6,article,2003.0,Information Fusion,Ensemble feature selection with the simple Bayesian classification
https://doi.org/10.1016/0165-1684(82)90041-X,article,1982.0,Signal Processing,The two-dimensional minimum-bias window function
https://doi.org/10.1016/j.ijmultiphaseflow.2018.01.011,article,2018.0,International Journal of Multiphase Flow,Investigation and quantification of flow unsteadiness in shock-particle cloud interaction
https://doi.org/10.1016/S0038-1101(97)00260-8,article,1998.0,Solid-State Electronics,SiC flame sensors for gas turbine control systems
https://doi.org/10.1016/0017-9310(86)90169-9,article,1986.0,International Journal of Heat and Mass Transfer,Natural convection of gas/vapour mixtures in a porous medium
https://doi.org/10.1016/j.ijimpeng.2008.09.006,article,2009.0,International Journal of Impact Engineering,Progress in braided composite tube crush simulation
https://doi.org/10.1016/S1474-6670(17)45219-0,article,1995.0,IFAC Proceedings Volumes,Designing Human-Machine Systems to Match the User's Needs
https://doi.org/10.1016/0141-9331(96)82011-4,article,1995.0,Microprocessors and Microsystems,An evolutionary technique for local microcode compaction
https://doi.org/10.1016/j.apacoust.2023.109294,article,2023.0,Applied Acoustics,An artificial neural network (ANN) approach to model Tire-Pavement interaction noise (TPIN) based on tire noise separation
https://doi.org/10.1016/j.enconman.2008.03.022,article,2008.0,Energy Conversion and Management,Oxyfuel carbonation/calcination cycle for low cost CO2 capture in existing power plants
https://doi.org/10.1016/j.medengphy.2014.11.002,article,2015.0,Medical Engineering & Physics,Modelling the heart with the atrioventricular plane as a piston unit
https://doi.org/10.1016/B978-0-408-01578-3.50008-X,incollection,1989.0,Basic Digital Signal Processing,Chapter 4 - Digital processing of analogue signals
https://doi.org/10.1016/S0378-4754(64)80027-6,article,1964.0,Mathematics and Computers in Simulation,An evaluation of static and dynamic errors in the solution of a first-order partial differential equation on an analog computer
https://doi.org/10.1016/0030-3992(96)00113-2,article,1996.0,Optics & Laser Technology,A digital transducer and digital microphone using an optical technique
https://doi.org/10.1016/B978-0-12-174070-2.50007-1,incollection,1989.0,Computational Fluid Mechanics,Numerical Solution of Boltzmann's Equation**The work presented in this paper was performed at the Courant Institute of Mathematical Sciences and was partially supported by the Atomic Energy Commission under Contract No. AT(30–1)-1480. Reproduction in whole or in part is permitted for any purpose of the United States Government.
https://doi.org/10.1016/j.coastaleng.2005.02.007,article,2005.0,Coastal Engineering,The flow in the surf zone: a fully nonlinear Boussinesq-type of approach
https://doi.org/10.1016/0022-460X(79)90578-9,article,1979.0,Journal of Sound and Vibration,Development of an electroacoustic analogue model of the middle ear and acoustic reflex
https://doi.org/10.1016/0166-3615(93)90113-F,article,1993.0,Computers in Industry,PROCODE—automated coding system in group technology for rotational parts
https://doi.org/10.1016/j.apenergy.2015.02.021,article,2015.0,Applied Energy,A synergetic pretreatment technology for woody biomass conversion
https://doi.org/10.1016/j.ijmst.2020.12.004,article,2021.0,International Journal of Mining Science and Technology,Proactive interburden fracturing using UIS drilling with validation monitoring
https://doi.org/10.1016/0736-5845(94)90029-9,article,1994.0,Robotics and Computer-Integrated Manufacturing,Designer®—Intelligent expert system for intelligent manufacturing systems design
https://doi.org/10.1016/0022-460X(84)90309-2,article,1984.0,Journal of Sound and Vibration,The application of cepstral techniques to the measurement of transfer functions and acoustical reflection coefficients
https://doi.org/10.1016/j.bios.2016.09.028,article,2017.0,Biosensors and Bioelectronics,Tailoring gas sensor arrays via the design of short peptides sequences as binding elements
https://doi.org/10.1016/j.applthermaleng.2016.03.155,article,2016.0,Applied Thermal Engineering,A reconstruction of Maxwell model for effective thermal conductivity of composite materials
https://doi.org/10.1016/S0263-2241(03)00051-4,article,2003.0,Measurement,Application of a quartz resonator to a force sensor built in a robot finger for use in a grasp or recognition environment
https://doi.org/10.1016/0022-460X(72)90435-X,article,1972.0,Journal of Sound and Vibration,"Analysis of internally generated sound in continuous materials: 2. A critical review of the conceptual adequacy and physical scope of existing theories of aerodynamic noise, with special reference to supersonic jet noise"
https://doi.org/10.1016/j.bios.2012.12.059,article,2013.0,Biosensors and Bioelectronics,A novel enzyme-free and label-free fluorescence aptasensor for amplified detection of adenosine
https://doi.org/10.1016/S1474-6670(17)45883-6,article,1994.0,IFAC Proceedings Volumes,Experimental Systems For Mechatronics And Control Education
https://doi.org/10.1016/j.bios.2015.10.005,article,2016.0,Biosensors and Bioelectronics,A label-free fluorescence strategy for selective detection of nicotinamide adenine dinucleotide based on a dumbbell-like probe with low background noise
https://doi.org/10.1016/j.bios.2011.01.036,article,2011.0,Biosensors and Bioelectronics,Development of a sensitive long-wavelength fluorogenic probe for nitroreductase: A new fluorimetric indictor for analyte determination by dehydrogenase-coupled biosensors
https://doi.org/10.1016/S0925-4005(01)00810-3,article,2001.0,Sensors and Actuators B: Chemical,Design and simulations of SOI CMOS micro-hotplate gas sensors
https://doi.org/10.1016/j.fusengdes.2009.10.007,article,2010.0,Fusion Engineering and Design,Data acquisition system implemented with various platforms for KSTAR diagnostic systems
https://doi.org/10.1016/0043-1648(94)90255-0,article,1994.0,Wear,The plane transient contact problem for rough sliding bodies with wear and heat generation
https://doi.org/10.1016/j.actaastro.2018.04.019,article,2018.0,Acta Astronautica,OCEANUS: A high science return Uranus orbiter with a low-cost instrument suite
https://doi.org/10.1016/j.ijthermalsci.2016.06.004,article,2016.0,International Journal of Thermal Sciences,On the bimodal nature of a confined buoyant plume. Part II: Flow structure echoes in state space
https://doi.org/10.1016/j.enganabound.2012.04.004,article,2012.0,Engineering Analysis with Boundary Elements,Numerical studies of geometry effects of a two-dimensional microfluidic four-roll mill on droplet elongation and rotation
https://doi.org/10.1016/j.vlsi.2007.10.004,article,2008.0,Integration,Zero skew clock routing in X-architecture based on an improved greedy matching algorithm
https://doi.org/10.1016/j.jweia.2012.03.020,article,2012.0,Journal of Wind Engineering and Industrial Aerodynamics,Basic meteorological stations as wind data source: A mesoscalar test
https://doi.org/10.1016/0003-682X(83)90002-6,article,1983.0,Applied Acoustics,An investigation into noise radiation from flow control valves with particular reference to flow rate measurement
https://doi.org/10.1016/0007-3628(70)90005-8,article,1970.0,Building Science,A plastic hinge analog
https://doi.org/10.1016/B978-0-434-90154-8.50027-7,incollection,1987.0,Newnes Engineering Science Pocket Book,24 - Electrical measuring instruments and measurements
https://doi.org/10.1016/j.ijheatmasstransfer.2012.11.006,article,2013.0,International Journal of Heat and Mass Transfer,Role of fluid heating in dense gas–solid flow as revealed by particle-resolved direct numerical simulation
https://doi.org/10.1016/0021-8928(94)90039-6,article,1994.0,Journal of Applied Mathematics and Mechanics,The impression of a strip-like punch into a half-space which deforms exponentially
https://doi.org/10.1016/j.apenergy.2009.01.006,article,2009.0,Applied Energy,Performance of a single nutating disk engine in the 2 to 500kW power range
https://doi.org/10.1016/0894-1777(95)00126-3,article,1996.0,Experimental Thermal and Fluid Science,Flow and thermal structures in a transitional boundary layer
https://doi.org/10.1016/j.rcim.2013.11.003,article,2014.0,Robotics and Computer-Integrated Manufacturing,An open-source multi-DOF articulated robotic educational platform for autonomous object manipulation
https://doi.org/10.1016/j.snb.2013.11.116,article,2014.0,Sensors and Actuators B: Chemical,Electrical self-modulation of optical sensors for light power measurement in chemical applications by phase detection technique
https://doi.org/10.32604/cmc.2021.014746,article,2021.0,"Computers, Materials and Continua",Energy-Efficient Low-Complexity Algorithm in 5G Massive MIMO Systems
https://doi.org/10.1016/j.fusengdes.2012.09.020,article,2012.0,Fusion Engineering and Design,Deployment and future prospects of high performance diagnostics featuring serial I/O (SIO) data acquisition (DAQ) at ASDEX Upgrade
https://doi.org/10.1016/j.flowmeasinst.2015.07.007,article,2015.0,Flow Measurement and Instrumentation,Study on the effectiveness of dual complementary Hall-effect sensors in water flow measurement for reducing magnetic disturbance
https://doi.org/10.1016/0898-1221(94)00128-6,article,1994.0,Computers & Mathematics with Applications,Theory of generalized hermite polynomials
https://doi.org/10.1016/0094-114X(88)90023-7,article,1988.0,Mechanism and Machine Theory,Synthesis of an elastic mechanism
https://doi.org/10.1016/j.combustflame.2021.02.011,article,2021.0,Combustion and Flame,Updated yields of nitrogenated species in flames of ammonia/benzene via introducing an aniline sub-mechanism
https://doi.org/10.1016/0021-8928(95)00128-X,article,1995.0,Journal of Applied Mathematics and Mechanics,Bounded realization of asymptotically attainable elements
https://doi.org/10.1016/j.proeng.2015.01.227,article,2015.0,Procedia Engineering,Bubble Detachment from a Steel Ball in Turbulent Field: Application to Mineral Flotation Systems
https://doi.org/10.1016/j.commatsci.2008.02.033,article,2009.0,Computational Materials Science,Structure prediction of titania phases: Implementation of Darwinian versus Lamarckian concepts in an Evolutionary Algorithm
https://doi.org/10.1016/B978-0-08-027618-2.50028-0,incollection,1982.0,Theory and Application of Digital Control,REAL TIME ANALYSIS OF MICROPROCESSOR CONTROL SYSTEM
https://doi.org/10.1006/jnca.1996.0022,article,1996.0,Journal of Network and Computer Applications,Bedside monitor for combined ECG and ultrasound Doppler-echo observations using a microprocessor
https://doi.org/10.1016/0094-5765(81)90021-7,article,1981.0,Acta Astronautica,Study of automatic and manual control problems of spaceplane atmospheric flight under simulated g-load effect
https://doi.org/10.1021/acschembio.8b01125,article,2019.0,ACS Chemical Biology,Engineering Atypical Tetracycline Formation in Amycolatopsis sulphurea for the Production of Modified Chelocardin Antibiotics
https://doi.org/10.1016/0925-4005(94)01591-5,article,1995.0,Sensors and Actuators B: Chemical,A new generation of integrated electronic noses
https://doi.org/10.1016/0022-460X(79)90510-8,article,1979.0,Journal of Sound and Vibration,The rôle of surface shear stress fluctuations in the generation of boundary layer noise
https://doi.org/10.1016/S1474-6670(17)62747-2,article,1982.0,IFAC Proceedings Volumes,S.P.R.A.T. System French Acronym for: Monitoring and Fast Perturbography for Generators and Turbines
https://doi.org/10.1016/j.bios.2018.09.085,article,2019.0,Biosensors and Bioelectronics,Development of an aptamer-based field effect transistor biosensor for quantitative detection of Plasmodium falciparum glutamate dehydrogenase in serum samples
https://doi.org/10.1016/0141-6359(80)90132-4,article,1980.0,Precision Engineering,A non-contact laser interferometer sweep gauge
https://doi.org/10.1016/j.asoc.2021.107836,article,2021.0,Applied Soft Computing,Deep learning with small datasets: using autoencoders to address limited datasets in construction management
https://doi.org/10.1016/B978-075065797-6/50007-1,incollection,2003.0,Practical Data Communications for Instrumentation and Control,7 - Modems and multiplexers
https://doi.org/10.1016/0898-1221(93)90066-5,article,1993.0,Computers & Mathematics with Applications,Convolution number
https://doi.org/10.1016/j.jfueco.2024.100120,article,2024.0,Fuel Communications,Fuel property evaluation of unique fatty acid methyl esters containing β-hydroxy esters from engineered microorganisms
https://doi.org/10.1016/j.optlastec.2013.02.021,article,2013.0,Optics & Laser Technology,Influence of sinusoidal modulation on mode competition and signal distortion in multimode InGaAsP lasers
https://doi.org/10.1016/j.knosys.2012.05.015,article,2012.0,Knowledge-Based Systems,A high-performance FAQ retrieval method using minimal differentiator expressions
https://doi.org/10.1016/j.epsr.2015.07.018,article,2015.0,Electric Power Systems Research,Unit commitment in wind farms based on a glowworm metaphor algorithm
https://doi.org/10.1016/j.mejo.2015.03.009,article,2015.0,Microelectronics Journal,"An 8 bit, 100kS/s, switch-capacitor DAC SAR ADC for RFID applications"
https://doi.org/10.1016/j.mejo.2015.09.004,article,2015.0,Microelectronics Journal,An intelligent technique for generating equivalent gyrator circuits using Genetic Algorithm
https://doi.org/10.32604/cmes.2024.046993,article,2024.0,CMES - Computer Modeling in Engineering and Sciences,Influence of Various Earth-Retaining Walls on the Dynamic Response Comparison Based on 3D Modeling
https://doi.org/10.1016/j.measurement.2018.09.037,article,2019.0,Measurement,T-SAW methodology for parametric evaluation of surface integrity aspects in AlMg3 (AA5754) alloy: Comparison with T-TOPSIS methodology
https://doi.org/10.1016/j.sse.2016.05.004,article,2016.0,Solid-State Electronics,Comparative analysis of the intrinsic voltage gain and unit gain frequency between SOI and bulk FinFETs up to high temperatures
https://doi.org/10.1016/j.bios.2025.117290,article,2025.0,Biosensors and Bioelectronics,A caged luciferin analogue generating near-infrared bioluminescence for activity-sensing of labile iron
https://doi.org/10.1016/j.mejo.2016.06.010,article,2016.0,Microelectronics Journal,Memristor based circuit design using charge and attached capacitor
https://doi.org/10.1016/S0167-6105(99)00033-1,article,1999.0,Journal of Wind Engineering and Industrial Aerodynamics,Prediction of wind noise radiated from passenger cars and its evaluation based on auralization
https://doi.org/10.1016/j.jweia.2018.03.020,article,2018.0,Journal of Wind Engineering and Industrial Aerodynamics,Experimental and theoretical study of the pressure wave generation in railway tunnels with vented tunnel portals
https://doi.org/10.1016/j.ifacol.2023.10.1799,article,2023.0,IFAC-PapersOnLine,Fractional Neuromorphic Controller for a Servomotor: Analog Implementation*
https://doi.org/10.1016/j.apor.2008.07.002,article,2008.0,Applied Ocean Research,The wave buoy analogy — estimating high-frequency wave excitations
https://doi.org/10.2196/32997,article,2022.0,Journal of Medical Internet Research,A Remote Digital Monitoring Platform to Assess Cognitive and Motor Symptoms in Huntington Disease: Cross-sectional Validation Study
https://doi.org/10.1016/j.memori.2023.100079,article,2023.0,"Memories - Materials, Devices, Circuits and Systems",Impact on DC and analog/RF performances of SOI based GaN FinFET considering high-k gate oxide
https://doi.org/10.1016/j.combustflame.2023.112741,article,2023.0,Combustion and Flame,Pseudo-oxide metal carbodiimides: Application in thermite reactions
https://doi.org/10.1016/j.engstruct.2016.12.037,article,2017.0,Engineering Structures,Measurement and modelling of torsional warping free vibrations of beams with rectangular hollow cross-sections
https://doi.org/10.1016/j.combustflame.2022.112143,article,2022.0,Combustion and Flame,A priori assessment of flame surface density modelling for large-eddy simulation of sound generation by turbulent premixed flames
https://doi.org/10.1016/j.cma.2006.06.010,article,2007.0,Computer Methods in Applied Mechanics and Engineering,Mixed-variable engineering optimization based on evolutionary and social metaphors
https://doi.org/10.1021/acschembio.4c00551,article,2025.0,ACS Chemical Biology,Bioluminescent Probes for the Detection of Superoxide and Nitric Oxide
https://doi.org/10.1016/j.proeng.2016.11.466,article,2016.0,Procedia Engineering,Automatic Bridge-based Interface for Differential Capacitive Full Sensing
https://doi.org/10.1016/S0026-2714(97)00151-0,article,1997.0,Microelectronics Reliability,Reliability of smart power devices
https://doi.org/10.1016/j.compstruct.2017.06.025,article,2017.0,Composite Structures,Extension to rectangular section of an analytical model for concrete confined by steel stirrups and/or FRP jackets
https://doi.org/10.1021/acschembio.8b00477,article,2018.0,ACS Chemical Biology,Facile Solid-Phase Synthesis and Assessment of Nucleoside Analogs as Inhibitors of Bacterial UDP-Sugar Processing Enzymes
https://doi.org/10.1016/j.measurement.2009.12.014,article,2010.0,Measurement,Analytical design of dual-tone signal for ADC phase-plane testing
https://doi.org/10.1016/j.buildenv.2024.111245,article,2024.0,Building and Environment,Effects of daytime exposure to short-wavelength-enriched white light on alertness and cognitive function among moderately sleep-restricted university students
https://doi.org/10.1016/j.ijsolstr.2023.112264,article,2023.0,International Journal of Solids and Structures,Improvement of modified maximum force criterion for forming limit diagram prediction of sheet metal
https://doi.org/10.1016/j.mejo.2025.106654,article,2025.0,Microelectronics Journal,A 107.5-dB dynamic range 402-μW event-driven dynamic zoom ADC with voice activity detection function for audio applications
https://doi.org/10.1016/j.vlsi.2016.09.009,article,2017.0,Integration,A new hybrid algorithm for analog ICs optimization based on the shrinking circles technique
https://doi.org/10.1016/j.ijheatmasstransfer.2014.12.068,article,2015.0,International Journal of Heat and Mass Transfer,An exact integral method to evaluate wall heat flux in spatially developing two-dimensional wall-bounded flows
https://doi.org/10.1016/j.cemconres.2016.07.007,article,2016.0,Cement and Concrete Research,Electrochemical behaviour of steel in mortar and in simulated pore solutions: Analogies and differences
https://doi.org/10.1016/j.applthermaleng.2022.119597,article,2023.0,Applied Thermal Engineering,A new power flow model for combined heat and electricity analysis in an integrated energy system
https://doi.org/10.1016/j.yofte.2007.04.004,article,2008.0,Optical Fiber Technology,Evaluation methods and requirements for the stimulated Brillouin scattering threshold in a single-mode fiber
https://doi.org/10.1021/acssynbio.2c00116,article,2022.0,ACS Synthetic Biology,"High-Titer Production of the Fungal Anhydrotetracycline, TAN-1612, in Engineered Yeasts"
https://doi.org/10.1016/B978-0-12-804226-7.00005-3,incollection,2016.0,Creative Design Engineering,Chapter 5 - The Blending Method: Theory and Methodology of Concept Generation (Second Method)
https://doi.org/10.1021/acschembio.8b00199,article,2018.0,ACS Chemical Biology,Determination of the Subcellular Localization and Mechanism of Action of Ferrostatins in Suppressing Ferroptosis
https://doi.org/10.1016/j.enbuild.2018.07.037,article,2018.0,Energy and Buildings,The evaluation of stochastic occupant behavior models from an application-oriented perspective: Using the lighting behavior model as a case study
https://doi.org/10.1016/j.conbuildmat.2013.06.027,article,2013.0,Construction and Building Materials,Characterization and simulation of microstructure and thermal properties of foamed concrete
https://doi.org/10.1039/d3ya00406f,article,2024.0,Energy Advances,"Advancements in cathode materials for potassium-ion batteries: current landscape, obstacles, and prospects"
https://doi.org/10.1016/j.addma.2021.101951,article,2021.0,Additive Manufacturing,Integration and evaluation of robotic fused filament fabrication system
https://doi.org/10.1016/j.conbuildmat.2021.124357,article,2021.0,Construction and Building Materials,Performance grade of asphalt mixtures based on mixture performance test thresholds
https://doi.org/10.1016/j.enganabound.2011.05.005,article,2011.0,Engineering Analysis with Boundary Elements,Nonlinear analysis of elastic space cable-supported membranes
https://doi.org/10.1016/j.tws.2024.111643,article,2024.0,Thin-Walled Structures,Analysis of dispersion characteristics and control of multiple passbands in a metamaterial pipe
https://doi.org/10.1016/j.oceaneng.2021.109967,article,2021.0,Ocean Engineering,Numerical modelling of new flap-gate type breakwater in regular and solitary waves using one-fluid formulation
https://doi.org/10.1016/j.apor.2019.101919,article,2019.0,Applied Ocean Research,Evaluation of the effects of sediment characteristics on long-term estuarine morphological modelling driven by waves and tides
https://doi.org/10.1016/j.cnsns.2020.105183,article,2020.0,Communications in Nonlinear Science and Numerical Simulation,Timescales of Boolean satisfiability solver using continuous-time dynamical system
https://doi.org/10.1016/j.yofte.2021.102526,article,2021.0,Optical Fiber Technology,Generation of faster-than-Nyquist coherent optical DFT-spread OFDM signals with high-baud and high-order modulations
https://doi.org/10.1016/j.microrel.2013.08.013,article,2014.0,Microelectronics Reliability,Reliability assessment of CMOS differential cross-coupled LC oscillators and a novel on chip self-healing approach against aging phenomena
https://doi.org/10.1016/j.procir.2015.08.059,article,2015.0,Procedia CIRP,Simulation and Evaluation of Different Process Strategies in a 5-axis Re-contouring Process
https://doi.org/10.1016/j.ijheatmasstransfer.2018.05.060,article,2018.0,International Journal of Heat and Mass Transfer,Thermohydraulic characteristics of a multi-string direct-contact heat exchanger
https://doi.org/10.1016/j.proeng.2016.08.136,article,2016.0,Procedia Engineering,Model for the Potential Manufacture of Roof Structures for Residential Multi-storey Buildings
https://doi.org/10.1016/j.mejo.2017.11.003,article,2018.0,Microelectronics Journal,A high precision analog multiplexer for multi-channel neural recording micro-systems
https://doi.org/10.1016/j.ijheatmasstransfer.2011.03.058,article,2011.0,International Journal of Heat and Mass Transfer,Short-channel structures of triangular cross-section
https://doi.org/10.1016/j.apenergy.2021.117341,article,2021.0,Applied Energy,Biomimetic adaptive electrochromic windows for enhancing building energy efficiency
https://doi.org/10.1016/j.jsv.2022.117253,article,2022.0,Journal of Sound and Vibration,Aerodynamic sound generation in thermoviscous fluids: A canonical problem revisited
https://doi.org/10.1021/acschembio.1c00483,article,2021.0,ACS Chemical Biology,GenoChemetic Strategy for Derivatization of the Violacein Natural Product Scaffold
https://doi.org/10.3182/20120328-3-IT-3014.00085,article,2012.0,IFAC Proceedings Volumes,Closed Form Expressions of Linear Discrete Time System Responses with an Application to PID controllers
https://doi.org/10.1016/j.jlp.2012.07.012,article,2013.0,Journal of Loss Prevention in the Process Industries,An economic evaluation framework for membrane reactor modules in the presence of uncertainty: The case for process safety investment and risk reduction
https://doi.org/10.3724/SP.J.1235.2012.00073,article,2012.0,Journal of Rock Mechanics and Geotechnical Engineering,A comprehensive testing method for global stability analysis of high arch dams
https://doi.org/10.1016/j.combustflame.2023.113289,article,2024.0,Combustion and Flame,Allylic-alkylic C-C bond decomposition in 1-butene and 1-pentene
https://doi.org/10.3182/20110828-6-IT-1002.02972,article,2011.0,IFAC Proceedings Volumes,A simulation algorithm for natural gas networks based on node potential analysis with modelling of real gas behaviour
https://doi.org/10.1016/j.jmbbm.2022.105462,article,2022.0,Journal of the Mechanical Behavior of Biomedical Materials,Combined stent-retriever and aspiration intra-arterial thrombectomy performance for fragmentable blood clots: A proof-of-concept computational study
https://doi.org/10.1680/jgein.19.00014,article,2019.0,Geosynthetics International,Deformations in trapdoor tests and piled embankments
https://doi.org/10.1016/j.ijheatfluidflow.2019.01.016,article,2019.0,International Journal of Heat and Fluid Flow,Design of the centrifugal fan of a belt-driven starter generator with reduced flow noise
https://doi.org/10.1016/j.biosx.2025.100605,article,2025.0,Biosensors and Bioelectronics: X,Mechanosynthesis and thermal bio–sensing of beryllium–based molecularly imprinted polymers
https://doi.org/10.1016/j.measurement.2020.108088,article,2020.0,Measurement,A statistical approach to zero adjustment in torque measurement of ship propulsion shafts
https://doi.org/10.1016/j.sna.2008.12.011,article,2009.0,Sensors and Actuators A: Physical,A pH-activated artificial muscle using the McKibben-type braided structure
https://doi.org/10.1016/j.mejo.2024.106211,article,2024.0,Microelectronics Journal,Improvement of C-shaped pocket TFET with sandwiched drain for ambipolar performance and analog/RF performance
https://doi.org/10.1016/j.aeue.2017.04.030,article,2017.0,AEU - International Journal of Electronics and Communications,Capacitorless digitally programmable fractional-order filters
https://doi.org/10.1016/j.mejo.2018.12.007,article,2019.0,Microelectronics Journal,Analog programmable neuron and case study on VLSI implementation of Multi-Layer Perceptron (MLP)
https://doi.org/10.1016/j.cma.2021.113937,article,2021.0,Computer Methods in Applied Mechanics and Engineering,A neural network-aided Bayesian identification framework for multiscale modeling of nanocomposites
https://doi.org/10.1016/j.nahs.2024.101572,article,2025.0,Nonlinear Analysis: Hybrid Systems,Faithful dynamic timing analysis of digital circuits using continuous thresholded mode-switched ODEs
https://doi.org/10.1016/j.matcom.2023.09.009,article,2024.0,Mathematics and Computers in Simulation,Finite difference discretization for one-dimensional higher-order integral fractional Laplacian and its application
https://doi.org/10.1016/j.applthermaleng.2006.10.017,article,2007.0,Applied Thermal Engineering,Numerical heat transfer predictions and mass/heat transfer measurements in a linear turbine cascade
https://doi.org/10.1016/j.cie.2020.106970,article,2021.0,Computers & Industrial Engineering,Radical innovation of product design using an effect solving method
https://doi.org/10.1016/j.conbuildmat.2020.120504,article,2020.0,Construction and Building Materials,Shear properties of hybrid CLT fabricated with lumber and OSB
https://doi.org/10.1016/j.ijadhadh.2021.102824,article,2021.0,International Journal of Adhesion and Adhesives,Fatigue behavior of bonded lithium disilicate glass-ceramic simplified restorations is not damaged by the finishing/grinding of the bonding surface of dentin analogue material
https://doi.org/10.1016/S0924-4247(03)00131-6,article,2003.0,Sensors and Actuators A: Physical,New and future applications of fluxgate sensors
https://doi.org/10.1016/j.ocecoaman.2019.104911,article,2019.0,Ocean & Coastal Management,Expert evaluation of open-data indicators of seaport vulnerability to climate and extreme weather impacts for U.S. North Atlantic ports
https://doi.org/10.1016/j.desal.2021.115089,article,2021.0,Desalination,Correlation equation for evaluating energy consumption and process performance of brackish water desalination by electrodialysis
https://doi.org/10.1016/j.jmbbm.2020.104222,article,2021.0,Journal of the Mechanical Behavior of Biomedical Materials,Porous structure design and mechanical behavior analysis based on TPMS for customized root analogue implant
https://doi.org/10.1016/j.apacoust.2005.04.002,article,2005.0,Applied Acoustics,Computation of internal aerodynamic noise from a quick-opening throttle valve using frequency-domain acoustic analogy
https://doi.org/10.1016/j.actaastro.2022.08.016,article,2022.0,Acta Astronautica,International standard measures during the AGBRESA bed rest study
https://doi.org/10.1016/j.promfg.2019.02.307,article,2019.0,Procedia Manufacturing,Health Impact Assessment Study On Active Travel In Large Urban Areas
https://doi.org/10.1016/j.ijcip.2019.100326,article,2019.0,International Journal of Critical Infrastructure Protection,Measures of robustness for networked critical infrastructure: An empirical comparison on four electrical grids
https://doi.org/10.1016/j.destud.2008.01.003,article,2008.0,Design Studies,The role of timing and analogical similarity in the stimulation of idea generation in design
https://doi.org/10.1016/j.advengsoft.2013.09.005,article,2014.0,Advances in Engineering Software,Software for global dynamics evaluation of mechanisms
https://doi.org/10.1016/j.sna.2007.06.040,article,2007.0,Sensors and Actuators A: Physical,Offset voltage evaluation of analog blocks in a configurable mixed architecture for smart capacitive sensor applications
https://doi.org/10.1016/j.sse.2015.11.018,article,2016.0,Solid-State Electronics,On the improvement of DC analog characteristics of FD SOI transistors by using asymmetric self-cascode configuration
https://doi.org/10.1016/j.proeng.2016.07.637,article,2016.0,Procedia Engineering,Selection of Coherent Frequency Components of Vibroacoustic Signals from Assemblies of Rotor Machinery
https://doi.org/10.1016/j.microrel.2025.115616,article,2025.0,Microelectronics Reliability,Study on electron and gamma irradiation effects and damage mechanism of GaN HEMT
https://doi.org/10.1016/j.proeng.2011.03.113,article,2011.0,Procedia Engineering,TRIZ-box–Improving creativity by connecting TRIZ and artifacts
https://doi.org/10.1016/j.patcog.2019.107146,article,2020.0,Pattern Recognition,F-measure curves: A tool to visualize classifier performance under imbalance
https://doi.org/10.1016/j.pmcj.2011.10.008,article,2012.0,Pervasive and Mobile Computing,A Personal Smart Space approach to realising Ambient Ecologies
https://doi.org/10.1006/ofte.1995.1028,article,1995.0,Optical Fiber Technology,"The Correlation between Gain Slope, ASE Slope, and Second-Order Distortion of EDFAs in Directly Modulated AM-CATV Lightwave Systems"
https://doi.org/10.1016/j.sna.2010.01.026,article,2010.0,Sensors and Actuators A: Physical,Design and evaluation of a measuring system for human force perception parameters
https://doi.org/10.1016/j.pecs.2011.05.002,article,2012.0,Progress in Energy and Combustion Science,"The environmental impact and risk assessment of CO2 capture, transport and storage – An evaluation of the knowledge base"
https://doi.org/10.1016/j.mejo.2020.104876,article,2020.0,Microelectronics Journal,Yield-aware multi-objective optimization of a MEMS accelerometer system using QMC-based methodologies
https://doi.org/10.1016/j.cscm.2023.e02052,article,2023.0,Case Studies in Construction Materials,Scanning through multidisciplinary techniques and recreation of historic mortar: Case study of Rohtas Fort
https://doi.org/10.1016/j.proeng.2012.09.133,article,2012.0,Procedia Engineering,On The Sensitivity Characteristics in Novel Automatic Wheatstone Bridge-Based Interfaces
https://doi.org/10.1016/j.ijleo.2005.01.029,article,2005.0,Optik,A Bose–Einstein condensate wave-packet as a soliton in an ideal potential well
https://doi.org/10.2196/32280,article,2022.0,Journal of Medical Internet Research,Inducing and Recording Acute Stress Responses on a Large Scale With the Digital Stress Test (DST): Development and Evaluation Study
https://doi.org/10.1016/j.ndteint.2023.102888,article,2023.0,NDT & E International,Inductance-to-digital converters (LDC) based integrative multi-parameter eddy current testing sensors for NDT&E
https://doi.org/10.1016/j.ymssp.2014.02.010,article,2014.0,Mechanical Systems and Signal Processing,Failure detection with likelihood ratio tests and uncertain probabilities: An info-gap application
https://doi.org/10.1016/j.jmbbm.2019.04.002,article,2019.0,Journal of the Mechanical Behavior of Biomedical Materials,Newer vs. older CAD/CAM burs: Influence of bur experience on the fatigue behavior of adhesively cemented simplified lithium-disilicate glass-ceramic restorations
https://doi.org/10.1016/j.engappai.2016.11.007,article,2017.0,Engineering Applications of Artificial Intelligence,An enhanced optimization kernel for analog IC design automation using the shrinking circles technique
https://doi.org/10.1016/B978-0-12-802207-8.00002-2,incollection,2016.0,Millimeter-Wave Digitally Intensive Frequency Generation in CMOS,Chapter 2 - Millimeter-Wave Frequency Synthesizers
https://doi.org/10.1016/j.apergo.2012.01.004,article,2012.0,Applied Ergonomics,The effect of an optimised helmet fit on neck load and neck pain during military helicopter flights
https://doi.org/10.1021/acschembio.1c00192,article,2021.0,ACS Chemical Biology,A Gut-Restricted Lithocholic Acid Analog as an Inhibitor of Gut Bacterial Bile Salt Hydrolases
https://doi.org/10.1016/0141-9331(92)90037-T,article,1992.0,Microprocessors and Microsystems,A portable data acquisition system for fading evaluation in UHF radio channels
https://doi.org/10.1016/j.knosys.2019.03.014,article,2019.0,Knowledge-Based Systems,An analytical threshold for combining Bayesian Networks
https://doi.org/10.1016/j.knosys.2013.06.014,article,2013.0,Knowledge-Based Systems,A fast parallel modularity optimization algorithm (FPMQA) for community detection in online social network
https://doi.org/10.1016/S0956-5663(99)00009-3,article,1999.0,Biosensors and Bioelectronics,"Trace level detection of hexahydro-1,3,5-trinitro-1,3,5-triazine (RDX) by microimmunosensor"
https://doi.org/10.1016/j.promfg.2020.10.104,article,2020.0,Procedia Manufacturing,Single and multi-objective optimization of FDM-based additive manufacturing using metaheuristic algorithms
https://doi.org/10.1016/S0169-5983(98)00017-3,article,1998.0,Fluid Dynamics Research,Inviscid separation in steady planar flows
https://doi.org/10.1016/j.oceaneng.2018.08.010,article,2018.0,Ocean Engineering,Performance of CPT-based methods to assess monopile driveability in North Sea sands
https://doi.org/10.1016/j.enconman.2020.113120,article,2020.0,Energy Conversion and Management,Computational study of geothermal thermoelectric generators with phase change heat exchangers
https://doi.org/10.1006/jsvi.1996.0093,article,1996.0,Journal of Sound and Vibration,A PLATE BACKED BY A CAVITY: THE FEATURES OF DYNAMIC INSTABILITY
https://doi.org/10.1016/j.jbiomech.2019.109484,article,2020.0,Journal of Biomechanics,Analysis of the aerodynamic sound of speech through static vocal tract models of various glottal shapes
https://doi.org/10.1016/j.advengsoft.2008.06.001,article,2009.0,Advances in Engineering Software,Multimorphing: A tool for shape synthesis and analysis
https://doi.org/10.1016/j.snb.2025.137506,article,2025.0,Sensors and Actuators B: Chemical,In-situ generation of Co-Fe bimetallic electrocatalysts on lignosulfonate-derived graphene by direct laser writing for wearable glucose biosensors
https://doi.org/10.1016/j.micpro.2016.02.014,article,2016.0,Microprocessors and Microsystems,Clock generator behavioral modeling for supply voltage glitch attack effects analysis
https://doi.org/10.1016/j.jnnfm.2016.05.001,article,2016.0,Journal of Non-Newtonian Fluid Mechanics,Viscoplastic dimensionless numbers
https://doi.org/10.1016/j.enbuild.2011.03.042,article,2011.0,Energy and Buildings,Incorporation of latent loads into the cooling degree days concept
https://doi.org/10.1016/j.ijrmms.2013.06.004,article,2013.0,International Journal of Rock Mechanics and Mining Sciences,Predicting hydraulic tensile fracture spacing in strata-bound systems
https://doi.org/10.1016/j.nucengdes.2014.11.001,article,2015.0,Nuclear Engineering and Design,Heat transfer to liquid metals in a hexagonal rod bundle with grid spacers: Experimental and simulation results
https://doi.org/10.1016/S0924-4247(00)00340-X,article,2000.0,Sensors and Actuators A: Physical,Characterisation and modelling analysis of a capacitive pressure sensor based on a silicon/Pyrex sensing cell and a BiCMOS A/D integrated circuit
https://doi.org/10.1016/0013-7944(93)90004-C,article,1993.0,Engineering Fracture Mechanics,Durability evaluation for components by simulating fatigue test and extreme value analysis
https://doi.org/10.1016/j.microrel.2014.10.008,article,2015.0,Microelectronics Reliability,Impact of the lateral straggle on the Analog and RF performance of TFET
https://doi.org/10.1016/j.measurement.2014.05.004,article,2014.0,Measurement,Impedance frequency characterization of a vibrating wire viscosity sensor with multiharmonic signals
https://doi.org/10.1016/j.procir.2014.02.014,article,2014.0,Procedia CIRP,Preparing Individuals for the Demands of PSS Work Environments through a Game-based Community Approach – Design and Evaluation of a Learning Scenario
https://doi.org/10.1016/S0141-6359(02)00123-X,article,2002.0,Precision Engineering,A novel technique for calibration of polygon angles with non-integer subdivision of indexing table
https://doi.org/10.1016/j.sna.2018.05.002,article,2018.0,Sensors and Actuators A: Physical,Modeling the analog response of passive infrared sensor
https://doi.org/10.1016/j.euromechflu.2003.10.014,article,2004.0,European Journal of Mechanics - B/Fluids,Sound generation by turbulence
https://doi.org/10.1016/j.knosys.2015.05.022,article,2015.0,Knowledge-Based Systems,Using mutually validated memories of experts for case-based knowledge systems
https://doi.org/10.1016/j.compstruc.2017.11.016,article,2018.0,Computers & Structures,Simulation of failure in timber with structural inhomogeneities using an automated FE analysis
https://doi.org/10.1016/j.desal.2011.07.016,article,2011.0,Desalination,Removal of low level americium-241 from potable water originated from different geochemical environments by calcium alginate
https://doi.org/10.1016/j.measurement.2016.11.005,article,2017.0,Measurement,Discrete wavelet packet transform based controller for liquid level system and its performance analysis
https://doi.org/10.1016/j.ijleo.2018.01.031,article,2018.0,Optik,Extreme nonlinear waves in external gravitational-like potentials: Possible applications for the optical soliton supercontinuum generation and the ocean coast line protection
https://doi.org/10.1016/j.euromechsol.2016.05.003,article,2016.0,European Journal of Mechanics - A/Solids,Shakedown limit theorems for frictional contact on a linear elastic body
https://doi.org/10.1016/j.ijmachtools.2018.05.008,article,2018.0,International Journal of Machine Tools and Manufacture,On the generation of chatter marks in peripheral milling: A spectral interpretation
https://doi.org/10.1016/j.bios.2005.11.024,article,2006.0,Biosensors and Bioelectronics,Quartz crystal microbalance bioaffinity sensor for rapid identification of glycosyldisulfide lectin inhibitors from a dynamic combinatorial library
https://doi.org/10.1016/j.engfailanal.2024.107960,article,2024.0,Engineering Failure Analysis,Investigations into size dependence on the behavior of rocks with a “V” notch and hole under uniaxial compression
https://doi.org/10.1016/j.jvcir.2021.103041,article,2021.0,Journal of Visual Communication and Image Representation,Revealing stable and unstable modes of denoisers through nonlinear eigenvalue analysis
https://doi.org/10.1016/S1474-6670(17)65823-3,article,1979.0,IFAC Proceedings Volumes,Eeg Alpha Activity Processing and Modelling
https://doi.org/10.1016/j.sse.2020.107836,article,2020.0,Solid-State Electronics,Efficient compact modelling of UTC-photodiode towards terahertz communication system design
https://doi.org/10.1016/j.snb.2011.07.039,article,2011.0,Sensors and Actuators B: Chemical,Plastic antibodies as chemical sensor material for atrazine detection
https://doi.org/10.1016/S0920-3796(02)00020-0,article,2002.0,Fusion Engineering and Design,"A large memory, high transfer rate VME data acquisition system for the JET correlation reflectometer"
https://doi.org/10.1016/0250-6874(84)80020-7,article,1984.0,Sensors and Actuators,Integrated monolithic temperature sensors for acquisition and regulation
https://doi.org/10.1016/B978-0-7506-8627-3.00015-7,incollection,2008.0,Analog Circuits,Chapter 15 - Working the Analog Problem From the Digital Domain
https://doi.org/10.1021/acschembio.9b00227,article,2019.0,ACS Chemical Biology,"Antibiotic Discovery with Synthetic Fermentation: Library Assembly, Phenotypic Screening, and Mechanism of Action of β‑Peptides Targeting Penicillin-Binding Proteins"
https://doi.org/10.1016/B978-1-85617-505-0.00001-6,incollection,2009.0,Op Amps for Everyone (Third Edition),Chapter 1 - The Op Amp's Place in the World
https://doi.org/10.1016/j.cnsns.2015.09.011,article,2016.0,Communications in Nonlinear Science and Numerical Simulation,Experimental chaos detection in the Duffing oscillator
https://doi.org/10.1016/S0169-7552(96)00017-7,article,1996.0,Computer Networks and ISDN Systems,Conformance testing with labelled transition systems: Implementation relations and test generation
https://doi.org/10.1016/j.proeng.2014.11.577,article,2014.0,Procedia Engineering,Wireless Sensor Networking in the Internet of Things and Cloud Computing Era
https://doi.org/10.1016/0045-7949(91)90286-U,article,1991.0,Computers & Structures,Analytical determination of the optimal strain and stress points for the displacement model of the finite element method
https://doi.org/10.1016/S1005-8885(17)60228-0,article,2017.0,The Journal of China Universities of Posts and Telecommunications,SFD-AGC algorithm with ADC digitalizing bit fully utilized and stable PAR
https://doi.org/10.1016/j.bios.2017.12.047,article,2018.0,Biosensors and Bioelectronics,Exonuclease III-boosted cascade reactions for ultrasensitive SERS detection of nucleic acids
https://doi.org/10.1016/S0950-7051(96)01051-9,article,1996.0,Knowledge-Based Systems,Armchair missions to Mars: using case-based reasoning and fuzzy logic to simulate a time series model of astronaut crews
https://doi.org/10.1016/j.jsv.2018.07.005,article,2018.0,Journal of Sound and Vibration,Effect of rotor deformation and blade loading on the leakage noise in low-speed axial fans
https://doi.org/10.1016/j.ast.2020.106369,article,2021.0,Aerospace Science and Technology,A linearized reduced-order model approach for sloshing to be used for aerospace design
https://doi.org/10.1016/j.sna.2004.01.038,article,2004.0,Sensors and Actuators A: Physical,Real time robotic tactile sensor system for the determination of the physical properties of biomaterials
https://doi.org/10.1016/0021-9290(87)90309-5,article,1987.0,Journal of Biomechanics,A mechanical evaluation of an elastic femoral prosthetic stem
https://doi.org/10.1016/j.bios.2015.10.036,article,2016.0,Biosensors and Bioelectronics,Electrochemiluminescence on digital microfluidics for microRNA analysis
https://doi.org/10.1016/0735-1933(95)00039-2,article,1995.0,International Communications in Heat and Mass Transfer,Space dependence of acoustic power and heat flux in the thermoacoustic effect
https://doi.org/10.1016/j.optlaseng.2019.105856,article,2020.0,Optics and Lasers in Engineering,Single-shot phase detection in a speckle wavemeter for the measurement of femtometric wavelength change
https://doi.org/10.1016/j.proeng.2016.11.488,article,2016.0,Procedia Engineering,A New Optical UWB Modulation Technique for 250Mbps Wireless Link in Implantable Biotelemetry Systems
https://doi.org/10.1016/0378-4754(79)90126-5,article,1979.0,Mathematics and Computers in Simulation,Methods of evaluating the equivalent speed of analog processors
https://doi.org/10.1016/j.mejo.2014.03.006,article,2014.0,Microelectronics Journal,Current-mode signal processing implementation in HV SoI integrated systems
https://doi.org/10.1016/j.ress.2017.05.023,article,2017.0,Reliability Engineering & System Safety,"Reliability and importance measures for m-consecutive-k, l-out-of-n system with non-homogeneous Markov-dependent components"
https://doi.org/10.1016/j.coastaleng.2019.103531,article,2019.0,Coastal Engineering,Multi-directional focused wave group interactions with a plane beach
https://doi.org/10.1016/0094-114X(92)90054-L,article,1992.0,Mechanism and Machine Theory,Spatial motion-II: Acceleration and the differential geometry of screws
https://doi.org/10.1016/B978-075067722-6/50076-2,incollection,2003.0,Manufacturing in Real-Time,Chapter 4 - Automation in the Factory
https://doi.org/10.1016/j.oceaneng.2022.112087,article,2022.0,Ocean Engineering,A fast and storage-saving method for direct volumetric integration of FWH acoustic analogy
https://doi.org/10.1016/j.engstruct.2024.118069,article,2024.0,Engineering Structures,Investigating seismic performance of SMRF buildings under subshear and supershear rupture conditions: Assessment of storey-level internal damage
https://doi.org/10.1016/j.engstruct.2018.10.005,article,2018.0,Engineering Structures,A simplified non-linear structural analysis of reinforced concrete frames with masonry infill subjected to seismic loading
https://doi.org/10.1016/j.yofte.2021.102785,article,2022.0,Optical Fiber Technology,All-optical pulse-train generation through the temporal analogue of a laser
https://doi.org/10.1016/j.ijheatmasstransfer.2025.127065,article,2025.0,International Journal of Heat and Mass Transfer,Enhanced subcooled flow boiling in microchannels integrated with nanoporous graphene coatings of distinctive wettability
https://doi.org/10.1016/j.procir.2014.03.177,article,2014.0,Procedia CIRP,A New Framework of Ideation-oriented Customer Involvement
https://doi.org/10.1016/j.sse.2023.108729,article,2023.0,Solid-State Electronics,Evaluation of n-type gate-all-around vertically-stacked nanosheet FETs from 473 K down to 173 K for analog applications
https://doi.org/10.1016/j.applthermaleng.2024.124463,article,2024.0,Applied Thermal Engineering,"Review, numerical validation, and experiment verification for Definite solution Analogy Theory (DSAT) in thermal-hydraulic scaling"
https://doi.org/10.1016/j.jmatprotec.2022.117833,article,2023.0,Journal of Materials Processing Technology,Simulation of tooth surface topography in continuous generating grinding based on the transient analogy model
https://doi.org/10.1016/j.jmbbm.2025.106896,article,2025.0,Journal of the Mechanical Behavior of Biomedical Materials,From model validation to biomechanical analysis: In silico study of multirooted root analogue implants using 3D finite element analysis
https://doi.org/10.1016/j.oceaneng.2024.116751,article,2024.0,Ocean Engineering,Hydroacoustics of turbulent flow over superhydrophobic and oscillating cylinders
https://doi.org/10.1016/j.jmps.2023.105429,article,2023.0,Journal of the Mechanics and Physics of Solids,Modeling fatigue behavior of additively manufactured alloys with an emphasis on pore defect morphology
https://doi.org/10.1016/j.aeue.2023.155061,article,2024.0,AEU - International Journal of Electronics and Communications,Single-input multiple-output inverse filters designs with cascade capability
https://doi.org/10.1016/j.jobe.2023.107672,article,2023.0,Journal of Building Engineering,Generating BIM model from structural and architectural plans using Artificial Intelligence
https://doi.org/10.1016/j.expthermflusci.2020.110101,article,2020.0,Experimental Thermal and Fluid Science,"Low-order estimation of the velocity, hydrodynamic pressure, and acoustic radiation for a three-dimensional turbulent wall jet"
https://doi.org/10.1016/j.prime.2024.100858,article,2024.0,"e-Prime - Advances in Electrical Engineering, Electronics and Energy",Design and analysis of optimized dynamic comparator circuit for low-power and high-speed applications
https://doi.org/10.1016/j.oceaneng.2024.119753,article,2024.0,Ocean Engineering,Towards risk-informed design and operation of ammonia-powered ships: Critical aspects and prospective solutions
https://doi.org/10.1016/j.measen.2024.101419,article,2024.0,Measurement: Sensors,Improving the accuracy of digital-to-analogue converters
https://doi.org/10.1016/j.measurement.2008.06.011,article,2009.0,Measurement,A compact low-cost test equipment for thermal and electrical characterization of integrated circuits
https://doi.org/10.1016/j.buildenv.2023.110962,article,2023.0,Building and Environment,Winds and eddy dynamics in the urban canopy layer over a city: A parameterization based on the mixing-layer analogy
https://doi.org/10.1016/j.ijheatmasstransfer.2023.124850,article,2024.0,International Journal of Heat and Mass Transfer,Comprehensive evaluation on conjugate heat transfer and thermal stress performance of film cooling
https://doi.org/10.1016/j.engstruct.2023.116029,article,2023.0,Engineering Structures,Numerical simulation on the influence of delamination on the critical buckling load of CLT panels
https://doi.org/10.1016/j.petsci.2021.12.004,article,2022.0,Petroleum Science,Evaluation of natural gas hydrate resources in the South China Sea using a new genetic analogy method
https://doi.org/10.1016/j.compchemeng.2007.07.012,article,2008.0,Computers & Chemical Engineering,Agent-based control of distributed electricity generation with micro combined heat and power—Cross-sectoral learning for process and infrastructure engineers
https://doi.org/10.1016/j.microrel.2025.115693,article,2025.0,Microelectronics Reliability,Evaluation of the impact of body bias on the threshold voltage drift of planar SiO2 transistors
https://doi.org/10.1016/j.sigpro.2025.109932,article,2025.0,Signal Processing,Analog–digital precoding based on mutual coupling considering the actual radiation performance of MIMO antenna arrays
https://doi.org/10.1016/j.sse.2025.109073,article,2025.0,Solid-State Electronics,Analog behavior of V-FET operating in forward and reverse mode
https://doi.org/10.1016/j.compscitech.2025.111151,article,2025.0,Composites Science and Technology,Role of the aspect ratio of graphene oxide (GO) on the interface and mechanical properties of vitrimer/GO nanocomposites
https://doi.org/10.1016/j.engappai.2023.106586,article,2023.0,Engineering Applications of Artificial Intelligence,Leveraging the meta-embedding for text classification in a resource-constrained language
https://doi.org/10.1016/j.est.2024.113979,article,2024.0,Journal of Energy Storage,Solid media thermal energy storages with bypass and conventional operation: Development of model-based correlations for designing and evaluation
https://doi.org/10.1016/j.cemconcomp.2024.105790,article,2024.0,Cement and Concrete Composites,Enhanced pozzolanic reactivity in hydrogen-form zeolites as supplementary cementitious materials
https://doi.org/10.1016/j.actaastro.2024.07.041,article,2024.0,Acta Astronautica,Robotic exploration of Martian caves: Evaluating operational concepts through analog experiments in lava tubes
https://doi.org/10.1016/j.nucengdes.2025.113892,article,2025.0,Nuclear Engineering and Design,Numerical simulation of seismic response of spent fuel pool considering structure-fluid-structure interaction
https://doi.org/10.1016/j.compind.2021.103402,article,2021.0,Computers in Industry,A structure-function knowledge extraction method for bio-inspired design
https://doi.org/10.1016/j.jsv.2019.115120,article,2020.0,Journal of Sound and Vibration,Sound generation by a pair of co-rotating vortices using spectral acoustic analogy
https://doi.org/10.1016/j.ijheatmasstransfer.2024.125491,article,2024.0,International Journal of Heat and Mass Transfer,Analysis methodology during heat transfer in fluid domain: Conduction-advection thermal resistance in parallel
https://doi.org/10.1016/j.bios.2010.07.024,article,2010.0,Biosensors and Bioelectronics,A quartz crystal microbalance sensor based on mussel-inspired molecularly imprinted polymer
https://doi.org/10.1016/j.procir.2021.05.029,article,2021.0,Procedia CIRP,Application of the generic variation operator in the model of PGE – product generation engineering onto the element types of properties and functions of technical systems
https://doi.org/10.1021/acschembio.2c00138,article,2022.0,ACS Chemical Biology,"Heterogeneous-Backbone Proteomimetic Analogues of Lasiocepsin, a Disulfide-Rich Antimicrobial Peptide with a Compact Tertiary Fold"
https://doi.org/10.1016/j.tust.2025.106626,article,2025.0,Tunnelling and Underground Space Technology,"Enhancing disaster prevention and structural resilience of tunnels: A study on liquid hydrogen leakage, diffusion, and explosion mitigation"
https://doi.org/10.1016/j.jbiomech.2025.112671,article,2025.0,Journal of Biomechanics,How are athletes trained to move? A systematic review exploring the effects of implicit and explicit learning on biomechanics of sport-specific tasks
https://doi.org/10.1016/j.knosys.2008.03.035,article,2008.0,Knowledge-Based Systems,Proteus: Visuospatial analogy in problem-solving
https://doi.org/10.1016/j.still.2024.106219,article,2024.0,Soil and Tillage Research,Soil penetration testers – State of the art – Part 1 – The penetrometer approach
https://doi.org/10.1016/j.bioflm.2024.100178,article,2024.0,Biofilm,Multimodal evaluation of drug antibacterial activity reveals cinnamaldehyde analog anti-biofilm effects against Haemophilus influenzae
https://doi.org/10.1016/j.rineng.2025.104029,article,2025.0,Results in Engineering,Finite element analysis and experimental verification of press-fit peg push-in and pull-out in trabecular bone analogue
https://doi.org/10.1016/j.oceaneng.2022.111020,article,2022.0,Ocean Engineering,"Part. B: A review of the real-time sea-state estimation, using wave buoy analogy; a decuple benchmark and future outlook"
https://doi.org/10.1016/j.jobe.2021.103708,article,2022.0,Journal of Building Engineering,Nonlinear dynamic response analysis of buildings for wind loads. A new frontier in the structural wind engineering
https://doi.org/10.1016/j.compstruc.2019.02.005,article,2019.0,Computers & Structures,Development and validation of a genetic L-System programming framework for topology optimization of multifunctional structures
https://doi.org/10.1016/j.clay.2025.107718,article,2025.0,Applied Clay Science,Quantitative analogism on montmorillonite mineral layer filtration ability against micro-materials
https://doi.org/10.1016/j.jare.2025.01.029,article,2025.0,Journal of Advanced Research,Development of novel broad-spectrum amphipathic antimicrobial peptides against multidrug-resistant bacteria through a rational combination strategy
https://doi.org/10.1016/j.bios.2024.116188,article,2024.0,Biosensors and Bioelectronics,Highly catalytic Prussian blue analogues and their application on the three-dimensional origami paper-based sweat sensors
https://doi.org/10.1016/j.pmcj.2014.08.010,article,2015.0,Pervasive and Mobile Computing,Exploring real world points of interest: Design and evaluation of object-centric exploration techniques for augmented reality
https://doi.org/10.1016/j.aej.2024.09.073,article,2024.0,Alexandria Engineering Journal,"High-performance, low complexity yelp siren detection system"
https://doi.org/10.1016/j.cirp.2016.04.046,article,2016.0,CIRP Annals,Engineering design memory for design rationale and change management toward innovation
https://doi.org/10.1016/j.fraope.2025.100242,article,2025.0,Franklin Open,Dynamic analysis and image encryption using a novel 4D map for secure transmission using WDM 4*20 Gbps techniques
https://doi.org/10.1016/j.tsep.2024.102517,article,2024.0,Thermal Science and Engineering Progress,An analytical model of oscillating heat pipe performance
https://doi.org/10.1016/j.jmbbm.2018.11.009,article,2019.0,Journal of the Mechanical Behavior of Biomedical Materials,Load-bearing capacity under fatigue and survival rates of adhesively cemented yttrium-stabilized zirconia polycrystal monolithic simplified restorations
https://doi.org/10.1016/j.jsv.2022.117290,article,2022.0,Journal of Sound and Vibration,Modelling a uniaxial inerter in a 2D or 3D environment: Implications of centripetal acceleration
https://doi.org/10.1016/j.renene.2024.120074,article,2024.0,Renewable Energy,Dynamic price optimization of a solar integrated cogeneration system considering uncertainties of building demands
https://doi.org/10.1016/S0142-694X(96)00020-8,article,1996.0,Design Studies,Two functions of analogical reasoning in design: a cognitive-psychology approach
https://doi.org/10.1016/j.bioflm.2021.100066,article,2022.0,Biofilm,Of biofilms and beehives: An analogy-based instructional tool to introduce biofilms in school and undergraduate curriculum
https://doi.org/10.1016/j.destud.2008.12.005,article,2009.0,Design Studies,Analogical reasoning and mental simulation in design: two strategies linked to uncertainty resolution
https://doi.org/10.1016/j.compstruc.2025.107647,article,2025.0,Computers & Structures,An efficient archive-based parameter-free multi-objective Rao-DE algorithm for bi-objective optimization of truss structures
https://doi.org/10.1016/j.yofte.2023.103244,article,2023.0,Optical Fiber Technology,Colorless WDM-PON fronthaul topology for beyond 5G C-RAN architectures
https://doi.org/10.1016/j.jmbbm.2020.103800,article,2020.0,Journal of the Mechanical Behavior of Biomedical Materials,Grinding the intaglio surface of yttria partially- and fully-stabilized zirconia polycrystals restorations: Effect on their fatigue behavior
https://doi.org/10.1016/j.applthermaleng.2023.120017,article,2023.0,Applied Thermal Engineering,Assessment of first law performance characteristics and Chilton-Colburn analogy in diamond and hourglass microchannels
https://doi.org/10.1021/acschembio.4c00353,article,2024.0,ACS Chemical Biology,Modulation of ABCG2 Transporter Activity by Ko143 Derivatives
https://doi.org/10.1016/j.measurement.2024.116156,article,2025.0,Measurement,"Determining the usability of the ViDoc device, which integrates with smart phones, in documenting historical structures"
https://doi.org/10.1016/j.fusengdes.2021.112565,article,2021.0,Fusion Engineering and Design,Verification of the on-the-fly global variance reduction technique on Monte Carlo global coupled neutron photon shielding calculations
https://doi.org/10.1016/j.oceaneng.2023.113899,article,2023.0,Ocean Engineering,Forced vibroacoustic response of a cylindrical shell in an underwater acoustic waveguide
https://doi.org/10.1016/j.dsp.2023.104231,article,2023.0,Digital Signal Processing,Phase retrieval via Lagrange programming neural network
https://doi.org/10.1016/j.compfluid.2022.105394,article,2022.0,Computers & Fluids,Finite element hybrid and direct computational aeroacoustics at low Mach numbers in slow time-dependent domains
https://doi.org/10.1016/j.compeleceng.2018.08.009,article,2018.0,Computers & Electrical Engineering,A vision-based measurement model for instruments without internet connectivity
https://doi.org/10.1016/j.measen.2024.101576,article,2025.0,Measurement: Sensors,"Setting up a new, reliable and traceable current output specification for a Rotamass TI Coriolis mass flow meter by applying JCGM 100:2008"
https://doi.org/10.1016/j.oceaneng.2021.109542,article,2021.0,Ocean Engineering,noiseNet: A neural network to predict marine propellers’ underwater radiated noise
https://doi.org/10.1016/j.aeue.2021.154023,article,2022.0,AEU - International Journal of Electronics and Communications,Influence of the operating regimes of MOS transistors on the sizing and optimization of CMOS analog integrated Circuits
https://doi.org/10.1016/j.cscee.2023.100425,article,2023.0,Case Studies in Chemical and Environmental Engineering,"Design, synthesis, and antioxidant evaluation of monocarbonyl curcumin analogues tethered 1,2,3-triazole scaffold"
https://doi.org/10.1016/j.istruc.2023.06.066,article,2023.0,Structures,Formulation of a generalized truss analogy for the analysis of shear behavior of short jacketed columns
https://doi.org/10.1016/j.ijrmms.2024.105732,article,2024.0,International Journal of Rock Mechanics and Mining Sciences,Transparent gelatin as a reservoir analogue: Dimensional scaling for hydraulic fracturing laboratory experiments
https://doi.org/10.1016/j.jare.2023.11.005,article,2024.0,Journal of Advanced Research,Discovery of new quaternized norharmane dimers as potential anti-MRSA agents
https://doi.org/10.1016/j.asoc.2017.09.036,article,2018.0,Applied Soft Computing,Automatic design of analog electronic circuits using grammatical evolution
https://doi.org/10.1016/j.ijheatmasstransfer.2023.124881,article,2024.0,International Journal of Heat and Mass Transfer,Experimental validation of the mechanism and condition for the onset of significant void in subcooled flow boiling
https://doi.org/10.1139/cjce-2018-0461,article,2019.0,Canadian Journal of Civil Engineering,Metaphors of collaboration in construction1
https://doi.org/10.1016/j.measen.2024.101418,article,2024.0,Measurement: Sensors,Digital to analog converter based on pulse-width adding
https://doi.org/10.1016/j.oceaneng.2024.120068,article,2025.0,Ocean Engineering,Comparing probabilistic and entropic strategies for tracking the fragility of design space reduction decisions in set-based design
https://doi.org/10.1016/j.oceaneng.2024.116807,article,2024.0,Ocean Engineering,Experimental and theoretical study on underwater biomimetic propulsion using piezoelectric actuation
https://doi.org/10.1016/j.enbuild.2024.113943,article,2024.0,Energy and Buildings,Performance optimization and multi-objective analysis of an innovative solar-driven combined power and cooling system
https://doi.org/10.1016/j.jsv.2021.116718,article,2022.0,Journal of Sound and Vibration,The elastic spiral phase pipe
https://doi.org/10.1016/j.nucengdes.2024.113349,article,2024.0,Nuclear Engineering and Design,Design and development of a spacer grids with minimum thermal–hydraulic impacts for rod bundle CHF testing with bowed or ballooned rods
https://doi.org/10.1016/j.measurement.2025.116966,article,2025.0,Measurement,Vibration sensing system integrating triboelectric nanogenerator and synaptic transistor for self-powered building vibration identification
https://doi.org/10.1016/j.renene.2024.120512,article,2024.0,Renewable Energy,Life cycle assessment of an innovative alcohol-to-jet process: The case for retrofitting a bioethanol plant for sustainable aviation fuel production
https://doi.org/10.1016/j.marstruc.2018.03.011,article,2018.0,Marine Structures,A brute-force spectral approach for wave estimation using measured vessel motions
https://doi.org/10.1016/j.engfailanal.2024.107971,article,2024.0,Engineering Failure Analysis,Re-evaluation of fatigue design curves for offshore wind monopile foundations using thick as-welded test specimens
https://doi.org/10.1016/B978-012443880-4/50087-9,incollection,2002.0,Expert Systems,43 - Method for Utilization of Previous Experience in Design Expert Systems
https://doi.org/10.1016/j.combustflame.2024.113375,article,2024.0,Combustion and Flame,A machine learning method to predict rate constants for various reactions in combustion kinetic models
https://doi.org/10.1016/j.vlsi.2015.09.003,article,2016.0,Integration,A novel high-throughput method for table look-up based analog design automation
https://doi.org/10.1016/j.enconman.2021.114264,article,2021.0,Energy Conversion and Management,"Evaluation of energy flow, dissipation and performances for advanced adsorption assisted heat transformation systems: Temperature-entropy frameworks"
https://doi.org/10.1016/j.epsr.2021.107288,article,2021.0,Electric Power Systems Research,Hardware implementation and real time performance evaluation of current transformer saturation detection and compensation algorithms
https://doi.org/10.1021/acssynbio.4c00650,article,2024.0,ACS Synthetic Biology,Biosynthesis of Antimicrobial Ornithine-Containing Lacticin 481 Analogues by Use of a Combinatorial Biosynthetic Pathway in Escherichia coli
https://doi.org/10.1016/j.optlastec.2016.11.009,article,2017.0,Optics & Laser Technology,Magnetic fano resonances in all-dielectric nanocomplexes under cylindrical vector beams excitation
https://doi.org/10.1016/j.sse.2018.02.005,article,2018.0,Solid-State Electronics,Resistive RAMs as analog trimming elements
https://doi.org/10.1016/j.mejo.2021.105109,article,2021.0,Microelectronics Journal,A 10-bit 20-MS/s SAR DAC achieving 57.9-dB SNDR using insensitive geometry DAC array
https://doi.org/10.1016/j.jksus.2023.103026,article,2024.0,Journal of King Saud University - Science,Comparing the efficacy of blind vs. ultrasound-guided injections in Lateral Epicondylitis: A prospective analysis
https://doi.org/10.1078/0030-4026-00027,article,2001.0,Optik,Holographic analogues
https://doi.org/10.1016/j.ndteint.2009.11.005,article,2010.0,NDT & E International,Measurement sensitivity enhancement by improved reflective computer vision technique for non-destructive evaluation
https://doi.org/10.1016/j.est.2023.107833,article,2023.0,Journal of Energy Storage,Growth of mesoporous carbon supported (bimetallic) phosphides derived from Prussian blue for supercapacitors
https://doi.org/10.1016/j.ijheatmasstransfer.2019.118624,article,2019.0,International Journal of Heat and Mass Transfer,An experimental method to quantify local air-side heat transfer coefficient through mass transfer measurements utilizing color change coatings
https://doi.org/10.1021/acschembio.4c00039,article,2024.0,ACS Chemical Biology,Prolonged Activation of the GLP‑1 Receptor via Covalent Capture
https://doi.org/10.1016/S1005-8885(15)60629-X,article,2015.0,The Journal of China Universities of Posts and Telecommunications,Fuzzy working state evaluating function and its algorithm for analogue circuits
https://doi.org/10.1016/j.compfluid.2007.04.008,article,2008.0,Computers & Fluids,Aerodynamic noise simulation of the flow past an airfoil trailing-edge using a hybrid zonal RANS-LES
https://doi.org/10.1016/j.conbuildmat.2021.124343,article,2021.0,Construction and Building Materials,Dynamic modulus master curve construction of asphalt mixtures: Error analysis in different models and field scenarios
https://doi.org/10.1016/j.snb.2009.04.019,article,2009.0,Sensors and Actuators B: Chemical,"Temperature, humidity and gas sensors integrated on plastic foil for low power applications"
https://doi.org/10.1016/j.sna.2023.114492,article,2023.0,Sensors and Actuators A: Physical,Coherent phonon manipulation using single-mode circular electrostatic resonator
https://doi.org/10.1016/j.cad.2014.12.009,article,2015.0,Computer-Aided Design,A robust conforming NURBS tessellation for industrial applications based on a mesh generation approach
https://doi.org/10.1016/j.oceaneng.2024.119642,article,2024.0,Ocean Engineering,Effects of transverse loading on the ultimate strength prediction of stiffened panels under biaxial loads: Potential improvements to the IACS rule formulation
https://doi.org/10.1021/acschembio.4c00512,article,2024.0,ACS Chemical Biology,"Expanding the Substrate Selectivity of the Fimsbactin Biosynthetic Adenylation Domain, FbsH"
https://doi.org/10.1016/j.proeng.2016.08.132,article,2016.0,Procedia Engineering,ANSIBLE: Virtual Reality for Behavioral Health
https://doi.org/10.1016/j.renene.2019.06.132,article,2020.0,Renewable Energy,Using the analog ensemble method as a proxy measurement for wind power predictability
https://doi.org/10.1016/j.ijadhadh.2023.103618,article,2024.0,International Journal of Adhesion and Adhesives,Is adhesive bonding with high and low viscosity cements able to revert the negative effect of machining on the fatigue behavior of lithium disilicate glass-ceramic?
https://doi.org/10.1016/B978-1-85617-921-8.00017-1,incollection,2010.0,Digital Signal Processing 101,Chapter 13 - Analog and TDMA Wireless Communications
https://doi.org/10.1016/j.actaastro.2011.10.016,article,2013.0,Acta Astronautica,Tools and technologies needed for conducting planetary field geology while on EVA: Insights from the 2010 Desert RATS geologist crewmembers
https://doi.org/10.1016/S0026-2692(02)00090-3,article,2002.0,Microelectronics Journal,Analog built-in saw-tooth generator for ADC histogram test
https://doi.org/10.1016/j.compind.2010.12.007,article,2011.0,Computers in Industry,Identifying candidates for design-by-analogy
https://doi.org/10.1016/j.ijheatmasstransfer.2024.126400,article,2025.0,International Journal of Heat and Mass Transfer,Alternating conduction and convection drying of paper – an experimental analysis with a continuous data acquisition approach
https://doi.org/10.1016/j.flowmeasinst.2025.102853,article,2025.0,Flow Measurement and Instrumentation,Numerical simulation of the external acoustic field characteristics of gas pipeline leakage
https://doi.org/10.1016/j.bios.2024.116717,article,2024.0,Biosensors and Bioelectronics,Double hook-type aptamer-based colorimetric and electrochemical biosensor enables rapid and robust analysis of EpCAM expression
https://doi.org/10.1016/j.precisioneng.2021.02.012,article,2021.0,Precision Engineering,The resolution of analogue measuring devices and its associated uncertainty: An investigation with practical recommendations
https://doi.org/10.1016/j.ress.2023.109472,article,2023.0,Reliability Engineering & System Safety,A data-driven emergency plan evaluation method based on improved RIMER
https://doi.org/10.1016/j.vlsi.2018.11.005,article,2019.0,Integration,A tool for the automatic generation and analysis of regular analog layout modules
https://doi.org/10.1016/j.apor.2011.11.001,article,2012.0,Applied Ocean Research,Sea state estimation from an advancing ship – A comparative study using sea trial data
https://doi.org/10.1016/B978-0-32-399871-0.00022-4,incollection,2024.0,GaN Transistor Modeling for RF and Power Electronics,13 - Model quality testing: Symmetry tests
https://doi.org/10.1016/j.mssp.2023.107544,article,2023.0,Materials Science in Semiconductor Processing,Investigation of the cyclo[12]carbon nanoring and respective analogues (Al6N6 and B6N6) as support for the single atom catalysis of the hydrogen evolution reaction
https://doi.org/10.3182/20120902-4-FR-2032.00052,article,2012.0,IFAC Proceedings Volumes,Dynamic Capability of Hydro Power Plants for Primary Load-Frequency Control
https://doi.org/10.1016/j.yofte.2020.102332,article,2020.0,Optical Fiber Technology,A new scheme to generate PAM-8 signal without DAC
https://doi.org/10.1016/B978-0-32-388482-2.00018-4,incollection,2025.0,Biologically Inspired Series-Parallel Hybrid Robots,Chapter 9 - Whole-body control
https://doi.org/10.1016/j.jare.2024.08.002,article,2024.0,Journal of Advanced Research,DeepB3P: A transformer-based model for identifying blood-brain barrier penetrating peptides with data augmentation using feedback GAN
https://doi.org/10.1016/j.aei.2023.102150,article,2023.0,Advanced Engineering Informatics,Ecological network evolution analysis in collective intelligence design ecosystem
https://doi.org/10.1016/j.ijepes.2020.106153,article,2020.0,International Journal of Electrical Power & Energy Systems,Thermodynamic modelling of buried transformer substations for dynamic loading capability assessment considering underground heat accumulative effect
https://doi.org/10.1016/j.istruc.2024.107257,article,2024.0,Structures,H∞ optimum design and nonlinear seismic performance assessment of tuned-mass-damper-inerter (TMDI) supported by an auxiliary structure
https://doi.org/10.1016/j.aej.2021.04.038,article,2021.0,Alexandria Engineering Journal,Lupaş type Bernstein operators on triangles based on quantum analogue
https://doi.org/10.32604/cmc.2024.048987,article,2024.0,"Computers, Materials and Continua",Refined Anam-Net: Lightweight Deep Learning Model for Improved Segmentation Performance of Optic Cup and Disc for Glaucoma Diagnosis
https://doi.org/10.1016/j.measen.2024.101421,article,2024.0,Measurement: Sensors,Synthesis of analog signals using QUBO-based spectral shaping of binary sequences
https://doi.org/10.1016/j.mejo.2022.105629,article,2022.0,Microelectronics Journal,Analysis on electrical parameters including temperature and interface trap charges in gate overlap Ge source step shape double gate TFET
https://doi.org/10.1016/j.jsv.2018.04.011,article,2018.0,Journal of Sound and Vibration,Prediction of submarine scattered noise by the acoustic analogy
https://doi.org/10.1016/j.buildenv.2011.06.008,article,2011.0,Building and Environment,Removing indoor particles using portable air cleaners: Implications for residential infection transmission
https://doi.org/10.1016/j.snb.2024.136129,article,2024.0,Sensors and Actuators B: Chemical,Magneto-fluorescent nanobiosensor with tetrahedral framework nucleic acid-confined aptamer for trace adenosine triphosphate detection
https://doi.org/10.1016/j.measurement.2017.06.022,article,2017.0,Measurement,Self-interference suppression improvement by employing circular polarized antennas
https://doi.org/10.1139/cjc-2022-0276,article,2023.0,Canadian Journal of Chemistry,"Synthesis, anticancer evaluation, and molecular docking study of some arylidenehydrazono analogues"
https://doi.org/10.1016/B978-0-12-802319-8.00004-8,incollection,2015.0,Offshore Gas Hydrates,Chapter Four - Producing Methane from Offshore Hydrates
https://doi.org/10.1016/j.vlsi.2016.07.001,article,2016.0,Integration,Sensitivity aware NSGA-II based Pareto front generation for the optimal sizing of analog circuits
https://doi.org/10.1039/d3na00743j,article,2023.0,Nanoscale Advances,"Influence of photothermal and plasma-mediated nano-processes on fluence thresholds for ultrafast laser-induced cavitation around gold nanoparticles††Electronic supplementary information (ESI) available: Additional details of the characterization of the optical setup, the theoretical modelling and analysis related to the relative contribution of photothermal and plasma-mediated processes demonstrated by eqn (4) of the main text. See DOI: https://doi.org/10.1039/d3na00743j"
https://doi.org/10.1016/j.fusengdes.2019.03.078,article,2019.0,Fusion Engineering and Design,"Characterization of JET neutron field in irradiation locations for DD, DT and TT plasmas"
https://doi.org/10.1016/j.jlp.2023.105158,article,2023.0,Journal of Loss Prevention in the Process Industries,Smooth operator: Aligning performance assessment methods with design and operating objectives
https://doi.org/10.1016/j.asoc.2018.03.028,article,2018.0,Applied Soft Computing,Differential evolution mutation operators for constrained multi-objective optimization
https://doi.org/10.1016/j.sna.2024.115252,article,2024.0,Sensors and Actuators A: Physical,Electrical Impedance Spectroscopy as a Potential Tool for Detecting Bone Porosity
https://doi.org/10.1016/j.actaastro.2023.03.023,article,2023.0,Acta Astronautica,Braiding – A novel approach to supporting space/ground communication under signal latency
https://doi.org/10.1016/S0263-2241(99)00013-5,article,1999.0,Measurement,Analogue neural network design for the processing of measurement signals
https://doi.org/10.1016/j.bios.2024.116332,article,2024.0,Biosensors and Bioelectronics,In situ detection of dopamine in single living cells by molecularly imprinted polymer-functionalized nanoelectrodes
https://doi.org/10.1016/j.est.2024.114160,article,2024.0,Journal of Energy Storage,Recent advancements in hexacyanoferrate-based electrode materials for supercapacitor applications: A comprehensive review
https://doi.org/10.1016/j.engstruct.2021.112188,article,2021.0,Engineering Structures,Spalling of concrete cover induced by reinforcement
https://doi.org/10.1016/j.ijpvp.2021.104358,article,2021.0,International Journal of Pressure Vessels and Piping,A unified theoretical solution of plastic limit load for the thin-walled pipeline with an incomplete welding defect
https://doi.org/10.1016/S0169-023X(02)00137-4,article,2003.0,Data & Knowledge Engineering,Visualizing queries on databases of temporal histories: new metaphors and their evaluation
https://doi.org/10.1016/B978-0-12-804226-7.00007-7,incollection,2016.0,Creative Design Engineering,Chapter 7 - Abduction and Concept Generation
https://doi.org/10.1016/j.apenergy.2020.115867,article,2020.0,Applied Energy,Diffuser augmented wind turbines: Review and assessment of theoretical models
https://doi.org/10.1016/j.mejo.2021.105097,article,2021.0,Microelectronics Journal,A compact QRS detection system based on 0.79 μW analog CMOS energy-of-derivative circuit
https://doi.org/10.1016/j.aeue.2025.155767,article,2025.0,AEU - International Journal of Electronics and Communications,Using Denoising Diffusion Probabilistic Models to solve the inverse sizing problem of analog Integrated Circuits
https://doi.org/10.1016/j.epsr.2025.111430,article,2025.0,Electric Power Systems Research,A review on soft switched PFC boost converter for efficient lowering of switching losses
https://doi.org/10.1016/j.aej.2021.06.042,article,2022.0,Alexandria Engineering Journal,A macroscopic traffic model based on relaxation time
https://doi.org/10.1016/S0954-1810(96)00047-7,article,1997.0,Artificial Intelligence in Engineering,Co-evolution and emergence in design
https://doi.org/10.1016/j.nucengdes.2008.12.011,article,2009.0,Nuclear Engineering and Design,Condensation heat transfer characteristic in the presence of noncondensable gas on natural convection at high pressure
https://doi.org/10.1016/B978-0-12-809651-2.00006-0,incollection,2017.0,Aeroacoustics of Low Mach Number Flows,Chapter 6 - The linearized Euler equations
https://doi.org/10.1016/j.knosys.2024.112417,article,2024.0,Knowledge-Based Systems,Enhancing wind power generation prediction using relevance assessment-based transfer learning
https://doi.org/10.1016/j.ijheatmasstransfer.2024.125521,article,2024.0,International Journal of Heat and Mass Transfer,Cryogenic thermal conductivity of carbon fiber reinforced polymer composite laminates
https://doi.org/10.1016/j.jsv.2021.115933,article,2021.0,Journal of Sound and Vibration,Numerical noise prediction and source identification of a realistic landing gear
https://doi.org/10.1016/j.istruc.2023.104976,article,2023.0,Structures,Shear strength model for steel shape-reinforced concrete girders considering compatible steel–concrete interaction
https://doi.org/10.1016/j.ymssp.2020.107100,article,2021.0,Mechanical Systems and Signal Processing,Phononic crystal investigation using a fluid-structure circular cylindrical shell spectral element
https://doi.org/10.1016/j.applthermaleng.2024.125309,article,2025.0,Applied Thermal Engineering,Estimation of geothermal temperature and gradient using inversion of transient wellbore temperature measurements
https://doi.org/10.1016/j.apacoust.2014.07.004,article,2015.0,Applied Acoustics,Howling reduction by analog phase-locked loop and active noise control circuits
https://doi.org/10.1016/j.biosystemseng.2018.04.019,article,2018.0,Biosystems Engineering,Weed species discrimination based on SIMCA analysis of plant canopy spectral data
https://doi.org/10.1016/j.jobe.2023.107624,article,2023.0,Journal of Building Engineering,A novel IoT-based framework with Prognostics and Health Management and short term fire risk assessment in smart firefighting system
https://doi.org/10.1016/j.wees.2024.07.003,article,2024.0,Wearable Electronics,Toward all flexible sensing systems for next-generation wearables
https://doi.org/10.1016/j.measurement.2021.109712,article,2021.0,Measurement,A new built-in loopback test method for Digital-to-Analog Converter frequency response characterization
https://doi.org/10.1016/j.applthermaleng.2016.02.024,article,2016.0,Applied Thermal Engineering,Optimization of fuel injection in GDI engine using economic order quantity and Lambert W function
https://doi.org/10.1016/j.asej.2024.102951,article,2024.0,Ain Shams Engineering Journal,Analysis of a system of multi-scroll attractors in their mirror & electronic implementation
https://doi.org/10.1016/j.measurement.2011.07.020,article,2011.0,Measurement,A methodology for testing immunity of field programmable analog arrays to radiated electromagnetic field
https://doi.org/10.1016/j.micpro.2022.104610,article,2022.0,Microprocessors and Microsystems,Design and area optimization of CMOS operational amplifier circuit using hybrid flower pollination algorithm for IoT end-node devices
https://doi.org/10.1016/j.jpdc.2021.05.013,article,2021.0,Journal of Parallel and Distributed Computing,Techniques and tools for visually introducing freshmen to object-based thread abstractions
https://doi.org/10.1016/S0997-7538(02)01250-0,article,2002.0,European Journal of Mechanics - A/Solids,Asymptotic determination of effective elastic properties of composite materials with fibrous square-shaped inclusions
https://doi.org/10.1016/j.comnet.2024.110912,article,2025.0,Computer Networks,3GPP-compliant single-user MIMO model for high-fidelity mobile network simulations
https://doi.org/10.1016/j.mejo.2023.105767,article,2023.0,Microelectronics Journal,LMS-based digital background mismatch calibration technique for SAR ADC
https://doi.org/10.1016/j.compstruct.2020.112540,article,2020.0,Composite Structures,On the Almansi-Michell solution and its numerical implementation for heterogeneous beams with periodic microstructures subject to periodically-varying loads
https://doi.org/10.1016/j.ast.2022.107438,article,2022.0,Aerospace Science and Technology,Efficient low-fidelity aeroacoustic permanence calculation of propellers
https://doi.org/10.1016/j.jksus.2021.101401,article,2021.0,Journal of King Saud University - Science,"Synthesis, characterization, biological evaluation, and kinetic study of indole base sulfonamide derivatives as acetylcholinesterase inhibitors in search of potent anti-Alzheimer agent"
https://doi.org/10.1016/j.renene.2023.119005,article,2023.0,Renewable Energy,Can PVT bend?: The elaboration of flexible hybrid photovoltaic thermal solar collector structure and testing methodology
https://doi.org/10.1016/j.measurement.2016.05.057,article,2016.0,Measurement,"Design, calibration and tests of versatile low frequency impedance analyser based on ARM microcontroller"
https://doi.org/10.1016/j.rineng.2024.103754,article,2025.0,Results in Engineering,Research on the influence of concrete damage in wharf structures under fatigue loads on chloride ion diffusion
https://doi.org/10.1016/j.jmapro.2024.10.007,article,2024.0,Journal of Manufacturing Processes,Tooth surface roughness model based on kinematics of continuous generating grinding
https://doi.org/10.1016/j.enconman.2024.118071,article,2024.0,Energy Conversion and Management,A joint solution framework for the optimal operation and evaluation of integrated energy systems based on exergy
https://doi.org/10.1016/j.compfluid.2007.02.011,article,2008.0,Computers & Fluids,Time domain computation of flow induced sound
https://doi.org/10.2196/54814,article,2024.0,Journal of Medical Internet Research,Challenges and Alternatives to Evaluation Methods and Regulation Approaches for Medical Apps as Mobile Medical Devices: International and Multidisciplinary Focus Group Discussion
https://doi.org/10.1016/0022-4898(75)90024-5,article,1975.0,Journal of Terramechanics,Determination of adhesive parameters characterizing the interaction of pneumatic tires and concrete pavement from pull-slip curves
https://doi.org/10.1016/B978-0-08-034349-5.50076-7,incollection,1987.0,Simulation of Control Systems,A SIMULATION PROGRAM FOR HIGHER-ORDER NONLINEAR PLLs
https://doi.org/10.1016/S0076-5392(09)60407-0,incollection,1966.0,Control Systems Functions and Programming Approaches,Chapter I Evaluating Data Control Opportunities
https://doi.org/10.1016/j.renene.2008.04.027,article,2009.0,Renewable Energy,Towards a Zero Energy Island
https://doi.org/10.1016/j.bios.2006.06.025,article,2007.0,Biosensors and Bioelectronics,Investigation of the nature of MIP recognition: The development and characterisation of a MIP for Ibuprofen
https://doi.org/10.1016/j.renene.2020.04.060,article,2020.0,Renewable Energy,"The development, design and characterisation of a scale model Horizontal Axis Tidal Turbine for dynamic load quantification"
https://doi.org/10.1016/j.fusengdes.2020.111561,article,2020.0,Fusion Engineering and Design,A methodology to standardize the development of FPGA-based high-performance DAQ and processing systems using OpenCL
https://doi.org/10.1016/j.ijmecsci.2006.03.013,article,2006.0,International Journal of Mechanical Sciences,Study of anomalous hardening in NiAL single crystals at intermediate temperatures by FEA
https://doi.org/10.1016/B978-034059829-0/50026-6,incollection,1999.0,Engineering Design Principles,3 - Creativity
https://doi.org/10.1016/0169-7552(94)90135-X,article,1994.0,Computer Networks and ISDN Systems,From text to hypertext: A post-hoc rationalisation of LaTeX2HTML
https://doi.org/10.1016/j.gloei.2019.06.002,article,2019.0,Global Energy Interconnection,Research on multi-time scale doubly-fed wind turbine test system based on FPGA+CPU heterogeneous calculation
https://doi.org/10.1016/j.ijmultiphaseflow.2020.103401,article,2020.0,International Journal of Multiphase Flow,Jet breakup regimes in liquid–liquid Taylor vortex flow
https://doi.org/10.1016/0378-7796(83)90042-1,article,1983.0,Electric Power Systems Research,Fault locator for long EHV transmission lines
https://doi.org/10.1016/B978-012088493-3/50005-1,incollection,2005.0,"Circuits, Signals, and Systems for Bioengineers",5 - Analysis of analog models and processes
https://doi.org/10.1016/j.jsv.2018.05.029,article,2018.0,Journal of Sound and Vibration,An aeroacoustic study of a leading-edge slat: Beamforming and far field estimation using near field quantities
https://doi.org/10.1016/j.ijsolstr.2020.12.019,article,2021.0,International Journal of Solids and Structures,Thermal-electric-elastic analyses of a thermoelectric material containing two circular holes
https://doi.org/10.1016/0308-0161(89)90093-8,article,1989.0,International Journal of Pressure Vessels and Piping,Planning ultrasonic techniques for optimized inspection of dissimilar welds
https://doi.org/10.1016/j.jmbbm.2016.04.041,article,2017.0,Journal of the Mechanical Behavior of Biomedical Materials,Compensation strategy to reduce geometry and mechanics mismatches in porous biomaterials built with Selective Laser Melting
https://doi.org/10.1016/S1474-6670(17)33302-5,article,2003.0,IFAC Proceedings Volumes,Generalization of CLF-based nonlinear control systems
https://doi.org/10.1016/S0378-4754(97)00018-9,article,1997.0,Mathematics and Computers in Simulation,A hydrodynamic particle tracking algorithm for simulating settling of sediment
https://doi.org/10.1016/j.vlsi.2016.04.007,article,2016.0,Integration,Indirect test of M-S circuits using multiple specification band guarding
https://doi.org/10.1016/S0964-1807(99)00025-3,article,1999.0,Applied Superconductivity,Superconducting sigma-delta analog-to-digital converters
https://doi.org/10.1016/j.ijleo.2017.11.180,article,2018.0,Optik,LED driver design for indoor lighting and low-rate data transmission purpose
https://doi.org/10.1016/j.memori.2023.100052,article,2023.0,"Memories - Materials, Devices, Circuits and Systems",Design of novel hybrid - digitally controlled oscillator for ADPLL
https://doi.org/10.1016/j.yofte.2013.10.009,article,2014.0,Optical Fiber Technology,Effects of carrier phase estimation on front-end IQ mismatch compensation in mode division multiplexed MIMO coherent receiver
https://doi.org/10.1016/j.sigpro.2015.10.016,article,2016.0,Signal Processing,Channel inversion and regularization revisited
https://doi.org/10.1016/B978-0-443-13825-6.00122-9,incollection,2024.0,Reference Module in Biomedical Sciences,"Pituitary tumors, ACTH-secreting"
https://doi.org/10.1016/j.est.2020.101667,article,2020.0,Journal of Energy Storage,Potassium-ion aqueous supercapattery composed by solar carbon and nickel-zinc prussian blue analogue
https://doi.org/10.1016/j.measurement.2013.04.020,article,2013.0,Measurement,Analog design-for-testability technique for first-order sigma delta ADC
https://doi.org/10.1016/0005-1098(89)90025-3,article,1989.0,Automatica,A model for developmental systems—I: Generating word without any operating system
https://doi.org/10.2196/36114,article,2022.0,Journal of Medical Internet Research,Multimodal Chronic Pain Therapy for Adults via Smartphone: Randomized Controlled Clinical Trial
https://doi.org/10.1021/acschembio.9b00293,article,2019.0,ACS Chemical Biology,"Small-Molecule Inhibition of the C. difficile FAS-II Enzyme, FabK, Results in Selective Activity"
https://doi.org/10.1016/j.vlsi.2017.08.005,article,2018.0,Integration,Toward automated reasoning for analog IC design by symbolic computation – A survey
https://doi.org/10.1016/j.ijheatmasstransfer.2003.10.011,article,2004.0,International Journal of Heat and Mass Transfer,Heat exchange between two coupled moving beds by fluid flow
https://doi.org/10.1016/j.jestch.2014.04.009,article,2014.0,"Engineering Science and Technology, an International Journal",A novel MLP network implementation in CMOL technology
https://doi.org/10.1016/j.ijheatmasstransfer.2018.08.013,article,2018.0,International Journal of Heat and Mass Transfer,A systematic study of turbulent heat transfer over rough walls
https://doi.org/10.1021/acschembio.9b00696,article,2019.0,ACS Chemical Biology,X‑ray Crystal Structure Guided Discovery and Antitumor Efficacy of Dihydroquinoxalinone as Potent Tubulin Polymerization Inhibitors
https://doi.org/10.1016/j.mejo.2023.105765,article,2023.0,Microelectronics Journal,Impact of self-heating on RF/analog and linearity parameters of DMG FinFETs in underlap and overlap configurations
https://doi.org/10.1016/j.cma.2010.12.014,article,2011.0,Computer Methods in Applied Mechanics and Engineering,A BEM-based domain meshless method for the analysis of Mindlin plates with general boundary conditions
https://doi.org/10.1016/j.oceaneng.2015.11.019,article,2016.0,Ocean Engineering,Feasibility study into a computational approach for marine propeller noise and cavitation modelling
https://doi.org/10.1016/j.mechrescom.2019.05.005,article,2019.0,Mechanics Research Communications,Low-frequency ultrasonic filters of finite and infinite periodic structure
https://doi.org/10.1016/j.mechatronics.2015.03.003,article,2015.0,Mechatronics,An implantable radio-telemetry system for detecting multiple bio-parameters of a small animal based on wireless energy transmission
https://doi.org/10.1016/j.engstruct.2021.112823,article,2021.0,Engineering Structures,Experimental and analytical investigation of seismic behavior of centercore-retrofitted masonry walls
https://doi.org/10.1016/j.actaastro.2018.02.029,article,2018.0,Acta Astronautica,Testing the efficiency of rover science protocols for robotic sample selection: A GeoHeuristic Operational Strategies Test
https://doi.org/10.1016/j.yofte.2020.102383,article,2020.0,Optical Fiber Technology,A novel bio-inspired optimization algorithm for solving peak-to-average power ratio problem in DC-biased optical systems
https://doi.org/10.1016/j.vlsi.2005.08.002,article,2006.0,Integration,Automatic generation of defect injectable VHDL fault models for ASIC standard cell libraries
https://doi.org/10.1021/acschembio.9b00538,article,2019.0,ACS Chemical Biology,"Antibiotic-Based Conjugates Containing Antimicrobial HLopt2 Peptide: Design, Synthesis, Antimicrobial and Cytotoxic Activities"
https://doi.org/10.1016/j.parco.2020.102620,article,2020.0,Parallel Computing,On the scalability of CFD tool for supersonic jet flow configurations
https://doi.org/10.1016/j.micpro.2015.08.014,article,2015.0,Microprocessors and Microsystems,Real-time simulation of dynamic vehicle models using a high-performance reconfigurable platform
https://doi.org/10.1016/j.actaastro.2021.02.003,article,2021.0,Acta Astronautica,Controllable liquid crystal diffractive sail and its potential applications
https://doi.org/10.1016/j.oceaneng.2017.05.009,article,2017.0,Ocean Engineering,An efficient 3D non-hydrostatic model for simulating near-shore breaking waves
https://doi.org/10.1016/j.proeng.2011.03.101,article,2011.0,Procedia Engineering,Effectiveness of the PAnDA ideation tool
https://doi.org/10.1016/S0378-7796(01)00189-4,article,2002.0,Electric Power Systems Research,Depressing the torque vibrations of turbine blades using virtual inertia
https://doi.org/10.1016/j.fusengdes.2019.111417,article,2020.0,Fusion Engineering and Design,Design evaluation of hardwired F-LIC module for ITER AC/DC converters by FMEDA method
https://doi.org/10.1016/j.commatsci.2016.11.013,article,2017.0,Computational Materials Science,Non-equilibrium MD modeling and simulation to extract mechanical properties of copper nanoparticles under ultra-high strain rate loading
https://doi.org/10.1016/j.applthermaleng.2015.12.007,article,2016.0,Applied Thermal Engineering,Thermal simulation and evaluation for non-uniformity detection of electrode
https://doi.org/10.1016/j.jobe.2021.103339,article,2021.0,Journal of Building Engineering,Nonparametric damage detection and localization model of framed civil structure based on local gravitation clustering analysis
https://doi.org/10.1021/acschembio.3c00501,article,2024.0,ACS Chemical Biology,Metabolic Usage and Glycan Destinations of GlcNAz in E. coli
https://doi.org/10.1016/j.mejo.2023.105878,article,2023.0,Microelectronics Journal,Design and analysis of novel bilateral tunnelling based tunnel FET considering workfunction engineered metal strip for enhanced performance
https://doi.org/10.1016/j.sigpro.2009.10.010,article,2010.0,Signal Processing,Perceptual tests and feature extraction: Toward a novel methodology for the assessment of the digitization of old ethnic music records
https://doi.org/10.1016/j.nucengdes.2017.05.010,article,2018.0,Nuclear Engineering and Design,Estimation of velocity fields from the axial wire-mesh sensor data
https://doi.org/10.1016/j.conbuildmat.2015.08.026,article,2015.0,Construction and Building Materials,Experimental research on bending performance of structural cable
https://doi.org/10.1016/j.jcsr.2014.12.005,article,2015.0,Journal of Constructional Steel Research,Analytical frame approach for the rotational stiffness prediction of beam-to-column angle connections
https://doi.org/10.1016/B978-0-12-809651-2.00004-7,incollection,2017.0,Aeroacoustics of Low Mach Number Flows,Chapter 4 - Lighthill's acoustic analogy
https://doi.org/10.1016/j.jmbbm.2021.104604,article,2021.0,Journal of the Mechanical Behavior of Biomedical Materials,In-lab simulation of CAD/CAM milling of lithium disilicate glass-ceramic specimens: Effect on the fatigue behavior of the bonded ceramic
https://doi.org/10.1016/j.actaastro.2013.05.002,article,2013.0,Acta Astronautica,Desert RATS 2011: Human and robotic exploration of near-Earth asteroids
https://doi.org/10.1016/j.ijheatmasstransfer.2024.126225,article,2025.0,International Journal of Heat and Mass Transfer,Creating dimensionless performance curves for latent heat thermal energy storage
https://doi.org/10.1016/j.compositesb.2014.11.041,article,2015.0,Composites Part B: Engineering,Effects of fiber orientation and anisotropy on tensile strength and elastic modulus of short fiber reinforced polymer composites
https://doi.org/10.1016/j.applthermaleng.2024.123623,article,2024.0,Applied Thermal Engineering,Thermodynamic optimization of heat exchanger circuitry via genetic programming
https://doi.org/10.1016/j.engstruct.2022.113962,article,2022.0,Engineering Structures,Experimental evaluation of post-tensioned bridge bent under cyclic loads and comparison to hybrid bridge bents
https://doi.org/10.1016/j.jlp.2020.104208,article,2020.0,Journal of Loss Prevention in the Process Industries,Data classification and performance evaluation for the most commonly-used univariate alarm systems
https://doi.org/10.1016/j.aeue.2020.153203,article,2020.0,AEU - International Journal of Electronics and Communications,Employment of the Padé approximation for implementing fractional-order lead/lag compensators
https://doi.org/10.1016/j.icheatmasstransfer.2022.105893,article,2022.0,International Communications in Heat and Mass Transfer,Study on the novel suppression of heat transfer deterioration of supercritical water flowing in vertical tube through the suspension of alumina nanoparticles
https://doi.org/10.1016/j.patrec.2019.04.027,article,2019.0,Pattern Recognition Letters,Boosted negative sampling by quadratically constrained entropy maximization
https://doi.org/10.1016/j.enconman.2022.116289,article,2022.0,Energy Conversion and Management,Aerodynamic and aeroacoustic performance assessment of a vertical axis wind turbine by synergistic effect of blowing and suction
https://doi.org/10.1016/j.measurement.2014.10.042,article,2015.0,Measurement,A Low-Cost Flexible-Platform (LCFP) for characterization of photodetectors
https://doi.org/10.1016/j.asoc.2024.111521,article,2024.0,Applied Soft Computing,Research orientation and novelty discriminant for new metaheuristic algorithms
https://doi.org/10.1016/j.aeue.2021.153867,article,2021.0,AEU - International Journal of Electronics and Communications,Exploring device-circuit co-design in LC VCO circuits using monolayer transition metal dischalcogenide MoS2 field-effect transistors
https://doi.org/10.1016/j.compositesb.2014.07.029,article,2014.0,Composites Part B: Engineering,Thermochemical and statistical mechanical properties of natural sisal fibres
https://doi.org/10.1016/j.na.2022.113207,article,2023.0,Nonlinear Analysis,Remarks on dimension of unions of curves
https://doi.org/10.1016/j.inffus.2018.09.005,article,2019.0,Information Fusion,Bio-inspired smog sensing model for wireless sensor networks based on intracellular signalling
https://doi.org/10.1016/j.applthermaleng.2016.07.097,article,2016.0,Applied Thermal Engineering,Integrated thermal control and system assessment in plug-chip spray cooling enclosure
https://doi.org/10.1016/j.renene.2012.07.002,article,2013.0,Renewable Energy,The extractable power from a split tidal channel: An equivalent circuit analysis
https://doi.org/10.1016/j.knosys.2023.110376,article,2023.0,Knowledge-Based Systems,Fault tolerance in fog-based Social Internet of Things
https://doi.org/10.1016/j.mejo.2019.104621,article,2019.0,Microelectronics Journal,An enhanced Gate Diffusion Input technique for low power applications
https://doi.org/10.1016/j.ijadhadh.2014.12.006,article,2015.0,International Journal of Adhesion and Adhesives,Waterborne polyurethane: the effect of the addition or in situ formation of silica on mechanical properties and adhesion
https://doi.org/10.1016/j.microrel.2021.114119,article,2021.0,Microelectronics Reliability,Automated abstraction of nonlinear analog circuits to reliable set-valued models with reduced overapproximation
https://doi.org/10.1016/j.compeleceng.2021.107162,article,2021.0,Computers & Electrical Engineering,Simultaneous fault localization and detection of analog circuits using deep learning approach
https://doi.org/10.1016/j.cemconres.2011.01.013,article,2011.0,Cement and Concrete Research,Flow of fresh concrete through steel bars: A porous medium analogy
https://doi.org/10.1016/j.oceaneng.2023.114947,article,2023.0,Ocean Engineering,Flow-induced vibration (FIV) fatigue damage characteristics of two unequal-diameter flexible cylinders in a staggered arrangement
https://doi.org/10.1016/j.measurement.2008.08.001,article,2009.0,Measurement,Frequency-domain identification of the respiratory system model during the interrupter experiment
https://doi.org/10.1021/acschembio.9b00639,article,2020.0,ACS Chemical Biology,Structural Basis for Finding OG Lesions and Avoiding Undamaged G by the DNA Glycosylase MutY
https://doi.org/10.1021/acssynbio.3c00258,article,2023.0,ACS Synthetic Biology,One-Pot Enzymatic Preparation of Oligonucleotides with an Expanded Genetic Alphabet via Controlled Pause and Restart of Primer Extension: Making Unnatural Out of Natural
https://doi.org/10.1016/B978-0-08-100880-5.00013-X,incollection,2017.0,Fast and Effective Embedded Systems Design (Second Edition),Chapter 13 - Working With Digital Audio
https://doi.org/10.1016/S0893-9659(02)00059-9,article,2002.0,Applied Mathematics Letters,Relationship between the Hosoya polynomial and the hyper-Wiener index
https://doi.org/10.1016/j.proeng.2014.12.496,article,2014.0,Procedia Engineering,Microscopic Model of Intergrain Boundary Junction
https://doi.org/10.1016/j.epsr.2021.107056,article,2021.0,Electric Power Systems Research,A novel pilot protection scheme for transmission lines based on current distribution histograms and their Bhattacharyya coefficient
https://doi.org/10.1016/j.aeue.2022.154146,article,2022.0,AEU - International Journal of Electronics and Communications,A memristive conservative chaotic circuit with two different offset boosting behaviors
https://doi.org/10.1016/j.compstruct.2019.111285,article,2019.0,Composite Structures,Sound absorption of micro-perforated sandwich panel with honeycomb-corrugation hybrid core at high temperatures
https://doi.org/10.1016/j.bspc.2016.09.013,article,2017.0,Biomedical Signal Processing and Control,Experimental low cost reflective type oximeter for wearable health systems
https://doi.org/10.1016/j.inffus.2003.08.001,article,2004.0,Information Fusion,Control based sensor management for a multiple radar monitoring scenario
https://doi.org/10.1016/j.ijheatmasstransfer.2016.03.025,article,2016.0,International Journal of Heat and Mass Transfer,Numerical analysis of convective drying of a moving moist object
https://doi.org/10.1016/j.precisioneng.2015.01.006,article,2015.0,Precision Engineering,An automated Guilloche machining technique for the fabrication of polygonal Fresnel lens array
https://doi.org/10.1016/j.csite.2022.102293,article,2022.0,Case Studies in Thermal Engineering,Numerical simulation of thermal flows and entropy generation of magnetized hybrid nanomaterials filled in a hexagonal cavity
https://doi.org/10.1016/S0167-8655(99)00036-7,article,1999.0,Pattern Recognition Letters,Real-time head tracking from the deformation of eye contours using a piecewise affine camera
https://doi.org/10.1016/B978-0-12-813372-9.00005-1,incollection,2020.0,Biomechanics and Gait Analysis,Chapter 5 - Power spectrum and filtering
https://doi.org/10.1016/j.yofte.2021.102642,article,2021.0,Optical Fiber Technology,Digital interpolation-based SFO compensation in OCT precoding-enabled NHS-OFDM transmission systems
https://doi.org/10.1016/j.mejo.2019.104606,article,2019.0,Microelectronics Journal,A 0.25-V fifth-order Butterworth low-pass filter based on fully differential difference transconductance amplifier architecture
https://doi.org/10.3182/20120328-3-IT-3014.00042,article,2012.0,IFAC Proceedings Volumes,FPAA-Based PI controller for DC servo position control system
https://doi.org/10.1016/j.jfluidstructs.2024.104082,article,2024.0,Journal of Fluids and Structures,Reduction of interaction noise using grooved cylinder and wavy leading edge airfoil
https://doi.org/10.1016/S0894-9166(12)60043-3,article,2012.0,Acta Mechanica Solida Sinica,Biomechanical modeling of surface wrinkling of soft tissues with growth-dependent mechanical properties
https://doi.org/10.1016/j.protcy.2016.03.032,article,2016.0,Procedia Technology,Experimental Study on Temperature Measurement in Turning Operation of Hardened Steel (EN36)
https://doi.org/10.1016/j.snb.2021.131041,article,2022.0,Sensors and Actuators B: Chemical,Detection of HIV/HCV virus DNA with homogeneous DNA machine-triggered in situ formation of silver nanoclusters
https://doi.org/10.1016/j.aeue.2016.04.002,article,2016.0,AEU - International Journal of Electronics and Communications,High-speed low-power comparator for analog to digital converters
https://doi.org/10.1016/j.proci.2022.07.179,article,2023.0,Proceedings of the Combustion Institute,Turbulent flame speed and morphology of pure ammonia flames and blends with methane or hydrogen
https://doi.org/10.1016/j.marstruc.2019.102637,article,2019.0,Marine Structures,Vortex-Induced-Vibration of jack-ups with cylindrical legs in multiple modes
https://doi.org/10.1016/j.image.2022.116896,article,2023.0,Signal Processing: Image Communication,Robust extension of light fields with probable 3D distribution based on iterative scene estimation from multi-focus images
https://doi.org/10.1016/j.measurement.2012.03.029,article,2012.0,Measurement,Evaluation of a four-point sine wave frequency estimator for portable DSP based instrumentation
https://doi.org/10.1016/j.conbuildmat.2020.119401,article,2020.0,Construction and Building Materials,Characterizing asphalt aging behaviors and rheological properties based on spectrophotometry
https://doi.org/10.1016/j.ijfatigue.2023.107860,article,2023.0,International Journal of Fatigue,Multiaxial fatigue behavior and modelling of additive manufactured Ti-6Al-4V parts: The effects of layer orientation and surface texture
https://doi.org/10.1016/j.actaastro.2021.06.012,article,2021.0,Acta Astronautica,A radiation tolerant laser-induced fluorescence detection system for a potential Europa Lander mission
https://doi.org/10.1016/j.istruc.2022.12.062,article,2023.0,Structures,Lattice modelling of substandard RC beam-column joints considering localization issues
https://doi.org/10.1016/j.ijnonlinmec.2014.11.008,article,2015.0,International Journal of Non-Linear Mechanics,Autocatalator as the source of instability in the complex non-linear neuroendocrine model
https://doi.org/10.1016/j.bios.2014.08.011,article,2015.0,Biosensors and Bioelectronics,A label-free fluorescence strategy for sensitive detection of ATP based on the ligation-triggered super-sandwich
https://doi.org/10.1016/j.sna.2011.11.002,article,2012.0,Sensors and Actuators A: Physical,1D analog behavioral SPICE model for hot wire sensors in the continuum regime
https://doi.org/10.1016/j.bspc.2024.106840,article,2025.0,Biomedical Signal Processing and Control,Hardware synthesis of closed loop PID controlled L-DOPA model for automated drug delivery
https://doi.org/10.1016/S1474-6670(17)51165-9,article,1991.0,IFAC Proceedings Volumes,Multi-Level Signal Abstraction for Diagnosing Analogue Circuits
https://doi.org/10.1016/j.compfluid.2010.12.006,article,2011.0,Computers & Fluids,Numerical simulation of pyroclastic density currents using locally refined Cartesian grids
https://doi.org/10.1016/j.mejo.2016.08.005,article,2016.0,Microelectronics Journal,A 12 bit 250MS/s 28mW +70dB SFDR non-50% RZ DAC in 0.11µm CMOS using controllable RZ window for wireless SoC integration
https://doi.org/10.1016/0377-0257(92)80051-X,article,1992.0,Journal of Non-Newtonian Fluid Mechanics,Spectral calculations of viscoelastic flows: evaluation of the Giesekus constitutive equation in model flow problems
https://doi.org/10.1016/j.aeue.2024.155314,article,2024.0,AEU - International Journal of Electronics and Communications,Performance investigation of ferroelectric L-shaped tunnel FET with suppressed corner tunneling for low power applications
https://doi.org/10.1016/0022-460X(85)90369-4,article,1985.0,Journal of Sound and Vibration,An “optical” theorem for acoustic scattering by baffled flexible surfaces
https://doi.org/10.1016/j.ijthermalsci.2018.09.018,article,2019.0,International Journal of Thermal Sciences,Large-Eddy Simulations of turbulent flow through a heated square duct
https://doi.org/10.1016/j.compeleceng.2015.01.010,article,2015.0,Computers & Electrical Engineering,Peak-power reduction using improved partial transmit sequence in orthogonal frequency division multiplexing systems
https://doi.org/10.1016/j.enbuild.2011.06.033,article,2011.0,Energy and Buildings,Flow generated by a thermal plume in a cooled-ceiling system
https://doi.org/10.1016/j.image.2014.01.005,article,2014.0,Signal Processing: Image Communication,Compressive image broadcasting in MIMO systems with receiver antenna heterogeneity
https://doi.org/10.1016/j.aeue.2015.12.008,article,2016.0,AEU - International Journal of Electronics and Communications,Analysis of chaotic behavior in pipelined analog to digital converters
https://doi.org/10.1016/j.measurement.2018.05.025,article,2018.0,Measurement,Constraints definition and application optimization based on geometric analysis of the frequency measurement method by pulse coincidence
https://doi.org/10.1016/0167-6636(93)90049-W,article,1993.0,Mechanics of Materials,Scaling for bridged cracks
https://doi.org/10.2196/jmir.2015,article,2012.0,Journal of Medical Internet Research,"Improving Adherence to Antiretroviral Therapy for Youth Living with HIV/AIDS: A Pilot Study Using Personalized, Interactive, Daily Text Message Reminders"
https://doi.org/10.1016/j.ndteint.2017.05.007,article,2017.0,NDT & E International,Ground penetrating radar response from voids: A demonstration using a simple model
https://doi.org/10.1016/B978-0-12-385185-7.00027-5,incollection,2011.0,Analog Circuit Design,27 - Designing linear circuits for 5V single supply operation
https://doi.org/10.1016/j.mechatronics.2005.09.001,article,2006.0,Mechatronics,Recording of real cutting forces along the milling of complex parts
https://doi.org/10.1016/j.ijheatmasstransfer.2020.120195,article,2020.0,International Journal of Heat and Mass Transfer,Experimental study and numerical analysis of heat transfer enhancement and turbulent flow over shallowly dimpled channel surfaces
https://doi.org/10.1021/acschembio.7b01104,article,2018.0,ACS Chemical Biology,Crystallographic Trapping of Reaction Intermediates in Quinolinic Acid Synthesis by NadA
https://doi.org/10.1016/j.autcon.2004.09.009,article,2005.0,Automation in Construction,Industrialised building systems: reproduction before automation and robotics
https://doi.org/10.1016/0020-7462(90)90048-E,article,1990.0,International Journal of Non-Linear Mechanics,Prediction of bifurcations in a parametrically excited duffing oscillator
https://doi.org/10.1016/j.compeleceng.2016.04.007,article,2016.0,Computers & Electrical Engineering,A 25MHz crystal less clock generator with background calibration against process and temperature variation
https://doi.org/10.1016/0263-2241(85)90040-5,article,1985.0,Measurement,Recording and analysis of fluctuating signals using a microcomputer
https://doi.org/10.3182/20090603-3-RU-2001.0416,article,2009.0,IFAC Proceedings Volumes,Computerized Maintenance Management Systems in SMEs: a survey in Italy and some remarks for the implementation of Condition Based Maintenance
https://doi.org/10.1016/j.fusengdes.2020.111637,article,2020.0,Fusion Engineering and Design,Phase detection system based on digital signal processing in millimeter wave interferometer for fusion plasma diagnostics
https://doi.org/10.1016/j.ijsolstr.2003.12.012,article,2004.0,International Journal of Solids and Structures,Contact problems and depth-sensing nanoindentation for frictionless and frictional boundary conditions
https://doi.org/10.1016/j.epsr.2024.110221,article,2024.0,Electric Power Systems Research,Bi-level framework for coordination between thermostatically controlled loads and distribution system for flexibility
https://doi.org/10.1016/j.aeue.2016.12.015,article,2017.0,AEU - International Journal of Electronics and Communications,A 860kHz grounded memristor emulator circuit
https://doi.org/10.1016/j.ijheatmasstransfer.2013.10.067,article,2014.0,International Journal of Heat and Mass Transfer,Study of a multi-phase hybrid heat exchanger-reactor (HEX reactor): Part II – Numerical prediction of thermal performance
https://doi.org/10.1016/S0263-2241(01)00049-5,article,2002.0,Measurement,A fuzzy approach for soft fault detection in analog circuits
https://doi.org/10.1016/j.jnnfm.2023.105151,article,2023.0,Journal of Non-Newtonian Fluid Mechanics,Designing a swimming rheometer to measure the linear and non-linear properties of a viscoelastic fluid
https://doi.org/10.1021/acschembio.3c00042,article,2023.0,ACS Chemical Biology,Divergent Proteome Reactivity Influences Arm-Selective Activation of the Unfolded Protein Response by Pharmacological Endoplasmic Reticulum Proteostasis Regulators
https://doi.org/10.1016/S0196-8904(02)00004-3,article,2002.0,Energy Conversion and Management,How can we jump in process system synthesis?
https://doi.org/10.1016/j.buildenv.2018.06.001,article,2018.0,Building and Environment,Design and development of a low-cost angular sky luminance measurement system
https://doi.org/10.1016/j.microrel.2006.07.012,article,2006.0,Microelectronics Reliability,Designing in reliability in advanced CMOS technologies
https://doi.org/10.1016/0098-1354(94)80084-7,article,1994.0,Computers & Chemical Engineering,Generic System for On-Line Optimization & the Implementation in a Benzene plant
https://doi.org/10.1016/S0957-4158(03)00014-X,article,2004.0,Mechatronics,Autoresonant control of ultrasonically assisted cutting
https://doi.org/10.1016/S0029-5493(99)00209-5,article,1999.0,Nuclear Engineering and Design,Recent results of an experimental study on the impact of smoke on digital I & C equipment
https://doi.org/10.1016/j.jweia.2020.104159,article,2020.0,Journal of Wind Engineering and Industrial Aerodynamics,Numerical investigation of the effect of cavity flow on high speed train pantograph aerodynamic noise
https://doi.org/10.1016/0308-9126(90)92226-Q,article,1990.0,NDT International,"A comparison of analog tomography and computed tomography for nondestructive evaluation of advanced ceramic materials: 39603 Ellingson, W.A.; Vannier, M.W.; Kriz, R.J. Proceedings of the 16th Symposium on Nondestructive Evaluation, San Antonio, Texas (United States), 21–23 Apr. 1987. pp. 252–263. Nondestructive Testing Information Analysis Center, Texas, USA"
https://doi.org/10.1016/j.aeue.2008.08.010,article,2009.0,AEU - International Journal of Electronics and Communications,Novel high-precision current-mode circuits based on the MOS-translinear principle
https://doi.org/10.1016/0166-3615(85)90067-3,article,1985.0,Computers in Industry,Performance evaluation of an automation system — determination of a benchmzrk process
https://doi.org/10.1016/j.ijleo.2013.04.102,article,2013.0,Optik,Nonlinear resonant tunneling diode (RTD) circuits for microwave A/D conversion
https://doi.org/10.1016/j.bios.2010.08.036,article,2010.0,Biosensors and Bioelectronics,Biological investigation using a shear horizontal surface acoustic wave sensor: Small “Click generated” DNA hybridization detection
https://doi.org/10.1016/S0021-9290(96)80010-8,article,1996.0,Journal of Biomechanics,Distributed moment histogram: A neurophysiology based method of agonist and antagonist trunk muscle activity prediction
https://doi.org/10.1016/0925-5273(94)90043-4,article,1994.0,International Journal of Production Economics,"Product-line selection, production decisions and allocation of common fixed costs"
https://doi.org/10.1021/acschembio.0c00722,article,2021.0,ACS Chemical Biology,Identification of N‑Terminally Diversified GLP-1R Agonists Using Saturation Mutagenesis and Chemical Design
https://doi.org/10.1016/j.actaastro.2021.01.032,article,2021.0,Acta Astronautica,Multi-discharge actuator systems for electrogasdynamic flow control
https://doi.org/10.1016/0308-9126(90)91946-Q,article,1990.0,NDT International,"Dual-slope nonlinear analogue-to-digital converter for nondestructive evaluation of concrete crack depths: 39147 Abdul-Amir, A.N.; Abdul-Karim, M.A.H. Journal of Nondestructive Evaluation, Vol. 6, No. 2, pp. 81–86 (Jun. 1987)"
https://doi.org/10.1016/j.vlsi.2008.07.004,article,2009.0,Integration,Reconfigurable multi-mode sigma–delta modulator for 4G mobile terminals
https://doi.org/10.1016/j.sna.2007.04.064,article,2007.0,Sensors and Actuators A: Physical,Experimental investigation of a fluidic actuator generating hybrid-synthetic jets
https://doi.org/10.1016/S1474-6670(17)52914-6,article,1989.0,IFAC Proceedings Volumes,Options in Advanced Energy-Related Production Processes
https://doi.org/10.1016/j.conengprac.2005.01.008,article,2006.0,Control Engineering Practice,Improving the accuracy of analog encoders via Kalman filtering
https://doi.org/10.1016/0379-7112(91)90052-Z,article,1991.0,Fire Safety Journal,A primitive study of a fire detection method controlled by artificial neural net
https://doi.org/10.1016/S1474-6670(17)67516-5,article,1975.0,IFAC Proceedings Volumes,Computer Aided Evaluation of Mean Peak Voltages for the Calibration of Magnetic Data Storage Media
https://doi.org/10.1016/S1005-8885(08)60367-2,article,2009.0,The Journal of China Universities of Posts and Telecommunications,Microwave photonic signal processing techniques and radio-over-fiber transmission demonstration
https://doi.org/10.1016/B978-012443880-4/50089-2,incollection,2002.0,Expert Systems,45 - Automation of Concept Development
https://doi.org/10.1016/S0026-2692(01)00082-9,article,2001.0,Microelectronics Journal,Switched-Current bandpass Sigma–Delta modulators for AM digital radio receivers
https://doi.org/10.1016/j.apenergy.2018.02.160,article,2018.0,Applied Energy,Estimate and characterize PV power at demand-side hybrid system
https://doi.org/10.1016/j.fusengdes.2007.04.054,article,2007.0,Fusion Engineering and Design,Development of Quench Detection System for W7-X
https://doi.org/10.1016/j.cja.2021.10.023,article,2022.0,Chinese Journal of Aeronautics,A new target tracking filter based on deep learning
https://doi.org/10.1016/0013-7944(91)90139-R,article,1991.0,Engineering Fracture Mechanics,Cumulative jump-correlated model for random fatigue
https://doi.org/10.1016/j.ast.2021.106907,article,2021.0,Aerospace Science and Technology,Experimental study on the temperature and structure of the exhaust plume in valveless pulse detonation engines
https://doi.org/10.1016/j.ijepes.2014.04.037,article,2014.0,International Journal of Electrical Power & Energy Systems,Spiral Optimization Algorithm for solving Combined Economic and Emission Dispatch
https://doi.org/10.1016/S1474-6670(17)49612-1,article,1992.0,IFAC Proceedings Volumes,Real-Time Supervision by a Grafcet Algorithm
https://doi.org/10.1016/0094-114X(95)00049-5,article,1996.0,Mechanism and Machine Theory,Spherical four-bar linkages with symmetrical coupler-curves
https://doi.org/10.1016/S0924-4247(00)00349-6,article,2000.0,Sensors and Actuators A: Physical,A system-level simulation of complex multi-domain microsystems by using analogue hardware description languages
https://doi.org/10.32604/cmc.2021.015430,article,2021.0,"Computers, Materials and Continua",Language Model Using Differentiable Neural Computer Based on Forget Gate-Based Memory Deallocation
https://doi.org/10.1016/j.jnca.2014.07.037,article,2014.0,Journal of Network and Computer Applications,A decentralized approach for information dissemination in Vehicular Ad hoc Networks
https://doi.org/10.1016/j.ress.2008.02.017,article,2009.0,Reliability Engineering & System Safety,Availability of K-out-of-N:G systems with non-identical components subject to repair priorities
https://doi.org/10.1016/j.marstruc.2023.103425,article,2023.0,Marine Structures,Comparative assessment of liquid sloshing in dry and wet storage tank of floating offshore platform
https://doi.org/10.1016/j.snb.2008.01.037,article,2008.0,Sensors and Actuators B: Chemical,Digital phase detection approach and its application for AlN dual-mode differential surface acoustic wave sensing
https://doi.org/10.3182/20101006-2-PL-4019.00033,article,2010.0,IFAC Proceedings Volumes,The Oscilloscope as a Digital Display
https://doi.org/10.1016/j.apenergy.2020.116394,article,2021.0,Applied Energy,The case for estimating carbon return on investment (CROI) for CCUS platforms
https://doi.org/10.1016/j.ress.2017.10.003,article,2018.0,Reliability Engineering & System Safety,A comparison of dynamic event tree methods – Case study on a chemical batch reactor
https://doi.org/10.1016/j.vlsi.2017.09.001,article,2018.0,Integration,High bandwidth transimpedance amplifier using FGMOS for low voltage operation
https://doi.org/10.1016/0196-8904(95)00328-2,article,1996.0,Energy Conversion and Management,Life cycle analysis of solar cell systems as a means to reduce atomospheric carbon dioxide emissions
https://doi.org/10.1016/j.fusengdes.2019.03.030,article,2019.0,Fusion Engineering and Design,Hydraulic analysis of EU-DEMO divertor plasma facing components cooling circuit under nominal operating scenarios
https://doi.org/10.1016/j.jmbbm.2022.105417,article,2022.0,Journal of the Mechanical Behavior of Biomedical Materials,In-lab simulation of CAD/CAM grinding and intaglio surface treatments of 4YSZ monolithic restorations: Effect on its load-bearing capacity under fatigue
https://doi.org/10.1016/j.jmbbm.2021.104833,article,2021.0,Journal of the Mechanical Behavior of Biomedical Materials,Grinding and polishing of the inner surface of monolithic simplified restorations made of zirconia polycrystals and lithium disilicate glass-ceramic: Effects on the load-bearing capacity under fatigue of the bonded restorations
https://doi.org/10.1016/j.vlsi.2009.01.001,article,2009.0,Integration,Vulnerability modeling of cryptographic hardware to power analysis attacks
https://doi.org/10.1021/acschembio.8b00577,article,2018.0,ACS Chemical Biology,Structure–Function Analyses of the N‑Butanoyl l‑Homoserine Lactone Quorum-Sensing Signal Define Features Critical to Activity in RhlR
https://doi.org/10.1016/j.matdes.2014.02.019,article,2014.0,Materials & Design,Corrosion evaluation of multi-pass welded nickel–aluminum bronze alloy in 3.5% sodium chloride solution: A restorative application of gas tungsten arc welding process
https://doi.org/10.1016/S0026-2692(99)00091-9,article,2000.0,Microelectronics Journal,Dynamic characterisation of A/D converters using fast Walsh transform
https://doi.org/10.1016/j.desal.2019.114080,article,2019.0,Desalination,Superiority of a novel flow-electrode capacitive deionization (FCDI) based on a battery material at high applied voltage
https://doi.org/10.1016/B978-0-12-809393-1.00001-5,incollection,2017.0,Big Data Analytics for Sensor-Network Collected Intelligence,Chapter 1 - Big Data: A Classification of Acquisition and Generation Methods
https://doi.org/10.1016/j.tafmec.2018.11.005,article,2019.0,Theoretical and Applied Fracture Mechanics,"Tensile, creep and fracture testing of prospective Fe-Al-based alloys using miniature specimens"
https://doi.org/10.1016/S0010-4485(03)00129-5,article,2004.0,Computer-Aided Design,"Constructive solid analysis: a hierarchical, geometry-based meshless analysis procedure for integrated design and analysis"
https://doi.org/10.1016/j.jmbbm.2017.08.017,article,2017.0,Journal of the Mechanical Behavior of Biomedical Materials,A novel strategy to enhance interfacial adhesion in fiber-reinforced calcium phosphate cement
https://doi.org/10.1016/j.ijleo.2023.171398,article,2023.0,Optik,Non-linear equation of Chua circuit
https://doi.org/10.1016/j.apacoust.2017.01.022,article,2017.0,Applied Acoustics,"Study on acoustic, vibration and flow induced noise characteristics of T-shaped pipe with a square cross-section"
https://doi.org/10.1016/j.ijheatmasstransfer.2021.121166,article,2021.0,International Journal of Heat and Mass Transfer,Breath Figure Spot: a Recovery Concentration Manifestation
https://doi.org/10.1016/j.tsep.2020.100500,article,2020.0,Thermal Science and Engineering Progress,Quasi-1D model for exhaust gas and pipe with convective and temperature dependent emissivity based radiative heat losses
https://doi.org/10.1006/jsvi.2002.5068,article,2002.0,Journal of Sound and Vibration,ELECTRIC CIRCUIT DESIGN AND TESTING OF INTEGRATED DISTRIBUTED STRUCTRONIC SYSTEMS
https://doi.org/10.1016/j.mejo.2023.106087,article,2024.0,Microelectronics Journal,A 9T-SRAM in-memory computing macro for Boolean logic and multiply-and-accumulate operations
https://doi.org/10.1016/S0143-974X(00)00009-2,article,2001.0,Journal of Constructional Steel Research,A ductility model for steel connections
https://doi.org/10.1016/j.enbuild.2015.06.071,article,2015.0,Energy and Buildings,U-value in situ measurement for energy diagnosis of existing buildings
https://doi.org/10.1016/j.ijheatmasstransfer.2006.11.003,article,2007.0,International Journal of Heat and Mass Transfer,Mass diffusion through two-layer porous media: an application to the drug-eluting stent
https://doi.org/10.3182/20050703-6-CZ-1902.02160,article,2005.0,IFAC Proceedings Volumes,PARAMETER ESTIMATION BASED ON A SWITCHED OBSERVER FOR THE STUDY OF LEFT VENTRICLE CONTRACTILITY
https://doi.org/10.1016/j.jcsr.2011.04.007,article,2011.0,Journal of Constructional Steel Research,Experimental study on double composite action in the negative flexural region of two-span continuous composite box girder
https://doi.org/10.1016/j.mssp.2008.11.011,article,2008.0,Materials Science in Semiconductor Processing,"Low power, GHz class ADC for broadband applications"
https://doi.org/10.1016/j.mejo.2005.03.004,article,2005.0,Microelectronics Journal,Testing high resolution ΣΔ ADC's by using the quantizer input as test access
https://doi.org/10.1016/B978-0-12-823137-1.00020-8,incollection,2022.0,Green Functionalized Nanomaterials for Environmental Applications,"Chapter 19 - Environmental, legal, health, and safety issues of green nanomaterials"
https://doi.org/10.1016/S0263-2241(01)00040-9,article,2002.0,Measurement,A correct method for effective resolution evaluation
https://doi.org/10.1016/j.sna.2010.12.014,article,2011.0,Sensors and Actuators A: Physical,A GMR–ECT based embedded solution for applications on PCB inspections
https://doi.org/10.1016/j.ijheatfluidflow.2005.08.007,article,2006.0,International Journal of Heat and Fluid Flow,Computation of unsteady flow and aerodynamic noise of NACA0018 airfoil using large-eddy simulation
https://doi.org/10.1016/j.robot.2012.09.001,article,2013.0,Robotics and Autonomous Systems,Guided latent space regression for human motion generation
https://doi.org/10.1016/j.ijmultiphaseflow.2019.04.005,article,2019.0,International Journal of Multiphase Flow,Comparison of secondary breakup models for droplet-laden compressor flows
https://doi.org/10.1016/j.ijepes.2014.05.045,article,2014.0,International Journal of Electrical Power & Energy Systems,An alternative LQR-based excitation controller design for power systems to enhance small-signal stability
https://doi.org/10.1016/j.cad.2010.10.007,article,2011.0,Computer-Aided Design,A sketching interface for feature curve recovery of free-form surfaces
https://doi.org/10.1016/j.proeng.2017.05.236,article,2017.0,Procedia Engineering,Geotechnical Characterization of Bukov Underground Research Facility
https://doi.org/10.1016/j.renene.2014.11.041,article,2015.0,Renewable Energy,A multivariate SIMCA index as discriminant in wood pellet quality assessment
https://doi.org/10.1016/j.snb.2024.137181,article,2025.0,Sensors and Actuators B: Chemical,An ultrasensitive interleukin-6 immunosensor based on hollow NiCo@C nanocubes for ultrafast diagnosis of septic cardiomyopathy
https://doi.org/10.1016/S0360-8352(97)00181-2,article,1997.0,Computers & Industrial Engineering,Psychophysical measurements as an effective way of evaluating climbability of wood treated utility poles
https://doi.org/10.1016/j.ijsolstr.2017.06.021,article,2017.0,International Journal of Solids and Structures,Friction of extensible strips: An extended shear lag model with experimental evaluation
https://doi.org/10.1016/j.sandf.2019.11.003,article,2019.0,Soils and Foundations,Interface shear strength characteristics of steel piles in frozen clay under varying exposure temperature
https://doi.org/10.1016/j.apm.2005.11.017,article,2007.0,Applied Mathematical Modelling,Implicit formulation for advection–diffusion simulation based on particle distribution moments
https://doi.org/10.1016/j.compfluid.2012.02.025,article,2012.0,Computers & Fluids,"Numerical investigation of continuous, high density turbidity currents response, in the variation of fundamental flow controlling parameters"
https://doi.org/10.1016/j.jweia.2015.04.009,article,2015.0,Journal of Wind Engineering and Industrial Aerodynamics,Thunderstorm response spectrum: Fundamentals and case study
https://doi.org/10.1016/j.ijimpeng.2017.01.021,article,2017.0,International Journal of Impact Engineering,Ship collision and grounding: Scaled experiments and numerical analysis
https://doi.org/10.1016/j.bios.2016.06.008,article,2016.0,Biosensors and Bioelectronics,Target-triggered triple isothermal cascade amplification strategy for ultrasensitive microRNA-21 detection at sub-attomole level
https://doi.org/10.1016/j.knosys.2024.112647,article,2024.0,Knowledge-Based Systems,Denoising for balanced representation: A diffusion-informed approach to causal effect estimation
https://doi.org/10.1016/j.asoc.2020.106396,article,2020.0,Applied Soft Computing,Ensemble-learning based neural networks for novelty detection in multi-class systems
https://doi.org/10.1016/j.triboint.2018.02.023,article,2018.0,Tribology International,Tribological properties of AlTIN coating in sliding contact with Ti6Al4V: A helpful tool for disentangling the phenomena complexity during real turning operations
https://doi.org/10.1016/j.measurement.2009.10.006,article,2010.0,Measurement,Static and dynamic test of high resolution DAC based on over sampling and low resolution ADC
https://doi.org/10.1016/S1004-4132(06)60083-2,article,2006.0,Journal of Systems Engineering and Electronics,Efficient structures for wideband digital receiver1 1This project was supported by the National Defense Important Research Foundation of China(03413070506).
https://doi.org/10.1016/S1474-6670(17)45307-9,article,1995.0,IFAC Proceedings Volumes,Observation in Maritime Emergency Management
https://doi.org/10.1016/j.ijrefrig.2015.05.008,article,2015.0,International Journal of Refrigeration,Comparison analysis of different refrigerants in solar-air hybrid heat source heat pump water heater
https://doi.org/10.1016/j.measurement.2005.12.008,article,2006.0,Measurement,Measurement of pulse transit time using AT90S8535 microcontroller
https://doi.org/10.1016/j.jsv.2011.06.009,article,2011.0,Journal of Sound and Vibration,Nonlinear response of shear deformable beams on tensionless nonlinear viscoelastic foundation under moving loads
https://doi.org/10.1016/j.ijheatmasstransfer.2015.01.125,article,2015.0,International Journal of Heat and Mass Transfer,Impingement heat/mass transfer to hybrid synthetic jets and other reversible pulsating jets
https://doi.org/10.1016/S1672-6529(09)60207-9,article,2010.0,Journal of Bionic Engineering,The Lightweight Design of Low RCS Pylon Based on Structural Bionics
https://doi.org/10.1016/j.engfailanal.2023.107417,article,2023.0,Engineering Failure Analysis,A macroblock 2D finite element model for assessing the roots of failure of Huaca de la Luna’s main pyramid (Peru) under seismic action
https://doi.org/10.1016/S0143-974X(01)00024-4,article,2001.0,Journal of Constructional Steel Research,Elastic buckling characteristics of two-way grid shells of single layer and its application in design to evaluate the non-linear behavior and ultimate strength
https://doi.org/10.1016/j.oceaneng.2022.112872,article,2022.0,Ocean Engineering,Increased efficiency of hydrokinetic turbines through the use of an obstacle on the channel bottom
https://doi.org/10.1016/j.snb.2011.11.061,article,2012.0,Sensors and Actuators B: Chemical,A USB-based electrochemical biosensor prototype for point-of-care diagnosis
https://doi.org/10.1016/j.ijleo.2021.167740,article,2021.0,Optik,Based on electro-optic phase modulation broadband synthetic aperture imaging lidar
https://doi.org/10.1016/j.psra.2015.11.003,article,2015.0,Pacific Science Review A: Natural Science and Engineering,Accelerating PID controller development with rapid prototyping and model-based design
https://doi.org/10.1016/j.icheatmasstransfer.2021.105434,article,2021.0,International Communications in Heat and Mass Transfer,Flashing flow in the rotating curved channels with variable cross-section of a two-phase flow turbine
https://doi.org/10.1016/j.ijleo.2005.08.019,article,2006.0,Optik,Aberrations of self-imaged patterns with two-dimensional periodicity
https://doi.org/10.1016/S0955-7997(01)00033-9,article,2001.0,Engineering Analysis with Boundary Elements,The analog equation method for large deflection analysis of heterogeneous orthotropic membranes: a boundary-only solution
https://doi.org/10.1016/j.jsv.2016.01.027,article,2016.0,Journal of Sound and Vibration,Scattering effect of submarine hull on propeller non-cavitation noise
https://doi.org/10.1016/j.microrel.2017.06.055,article,2017.0,Microelectronics Reliability,Modeling nonlinear moisture diffusion in inhomogeneous media
https://doi.org/10.1016/j.applthermaleng.2014.10.025,article,2015.0,Applied Thermal Engineering,Entropy parameters for desiccant wheel design
https://doi.org/10.1021/acschembio.8b00043,article,2018.0,ACS Chemical Biology,Toward a Microparticle-Based System for Pooled Assays of Small Molecules in Cellular Contexts
https://doi.org/10.1016/j.addma.2021.101930,article,2021.0,Additive Manufacturing,Fatigue strength assessment of additively manufactured metallic structures considering bulk and surface layer characteristics
https://doi.org/10.1021/acschembio.9b00050,article,2019.0,ACS Chemical Biology,Toward Single-Peak Dalbavancin Analogs through Biology and Chemistry
https://doi.org/10.1016/j.sigpro.2018.04.023,article,2018.0,Signal Processing,Difference operators and generalized discrete fractional transforms in signal and image processing
https://doi.org/10.1016/j.nucengdes.2013.01.005,article,2013.0,Nuclear Engineering and Design,Investigation on the applicability of turbulent-Prandtl-number models for liquid lead-bismuth eutectic
https://doi.org/10.1016/j.apm.2020.08.069,article,2021.0,Applied Mathematical Modelling,The development of a deterministic dengue epidemic model with the influence of temperature: A case study in Malaysia
https://doi.org/10.1016/j.ijmecsci.2012.10.013,article,2013.0,International Journal of Mechanical Sciences,Elastic–plastic analysis of a punch and its equivalent notch under fretting conditions
https://doi.org/10.1016/j.procir.2016.08.017,article,2016.0,Procedia CIRP,An Approach for Selecting Cost Estimation Techniques for Innovative High Value Manufacturing Products
https://doi.org/10.1016/j.sse.2011.01.045,article,2011.0,Solid-State Electronics,Harmonic distortion of 2-MOS structures for MOSFET-C filters implemented with n-type unstrained and strained FINFETS
https://doi.org/10.1016/j.oceaneng.2024.120284,article,2025.0,Ocean Engineering,Numerical analysis of the effect of a breaking-vortex baffle around appendage on the submarine flow field and flow noise
https://doi.org/10.1016/j.snb.2016.02.018,article,2016.0,Sensors and Actuators B: Chemical,Solid-phase synthesis of imprinted nanoparticles grafted on gold substrates for voltammetric sensing of 4-ethylphenol
https://doi.org/10.1016/j.desal.2007.10.063,article,2009.0,Desalination,Cleaning strategies in ceramic microfiltration membranes fouled by oil and particulate matter in produced water
https://doi.org/10.1016/j.ijmst.2019.12.006,article,2020.0,International Journal of Mining Science and Technology,Understanding roof deformation mechanics and parametric sensitivities of coal mine entries using the discrete element method
https://doi.org/10.1016/j.enganabound.2007.09.001,article,2008.0,Engineering Analysis with Boundary Elements,A generalized Ritz method for partial differential equations in domains of arbitrary geometry using global shape functions
https://doi.org/10.1016/j.mfglet.2022.07.050,article,2022.0,Manufacturing Letters,Experimental and simulative analysis of an adapted methodology for decoupling tool wear in end milling
https://doi.org/10.1016/j.ifacol.2018.11.654,article,2018.0,IFAC-PapersOnLine,Left heart simulator for evaluation of prosthetic heart valves: behavior of tricuspid bioprosthetic mitral valves during diastole
https://doi.org/10.1016/j.nucengdes.2007.10.003,article,2008.0,Nuclear Engineering and Design,Prediction of transpiration effects on heat and mass transfer by different turbulence models
https://doi.org/10.1016/j.aeue.2019.03.004,article,2019.0,AEU - International Journal of Electronics and Communications,Sub-Nyquist wideband spectrum sensing techniques for cognitive radio: A review and proposed techniques
https://doi.org/10.1016/j.cnsns.2017.07.009,article,2018.0,Communications in Nonlinear Science and Numerical Simulation,A fractional calculus perspective of distributed propeller design
https://doi.org/10.1016/j.compstruc.2016.05.004,article,2017.0,Computers & Structures,Strain smoothing for compressible and nearly-incompressible finite elasticity
https://doi.org/10.1016/j.enconman.2022.116389,article,2022.0,Energy Conversion and Management,Recent advances in modeling and simulation of thermoelectric power generation
https://doi.org/10.1016/S0169-7552(97)00019-6,article,1997.0,Computer Networks and ISDN Systems,The message is the medium
https://doi.org/10.1016/S0378-4754(72)80004-1,article,1972.0,Mathematics and Computers in Simulation,Dynamic simulation of an aircraft under the effect of vortex wake turbulence
https://doi.org/10.1016/S0065-2539(08)60538-7,incollection,1975.0,,Image Sensors for Solid State Cameras
https://doi.org/10.1016/S0082-0784(75)80323-7,article,1975.0,Symposium (International) on Combustion,Combustion of a submerged gaseous oxidizer jet in a liquid metal
https://doi.org/10.1016/0020-7683(68)90049-8,article,1968.0,International Journal of Solids and Structures,An equilibrium model for plate bending
https://doi.org/10.1016/0165-1684(83)90023-3,article,1983.0,Signal Processing,Improved accuracy of in-flow chromosome fluorescence measurements by digital processing of multi-parameter flow data
https://doi.org/10.1016/S1474-6670(17)67293-8,article,1976.0,IFAC Proceedings Volumes,Optimal Control of Isolated Traffic Signals
https://doi.org/10.1016/0011-9164(83)87035-0,article,1983.0,Desalination,The quality of the distillate of desalination plants with a washing device
https://doi.org/10.1016/S1474-6670(17)68622-1,article,1971.0,IFAC Proceedings Volumes,The Design of an Optimal Computer Controller for a Steam Generating Plant
https://doi.org/10.1016/0017-9310(69)90099-4,article,1969.0,International Journal of Heat and Mass Transfer,Harmoniques crees par excitation parametrique dans les anemometres a fil chaud a intensite constante
https://doi.org/10.1016/S0076-5392(08)62066-4,incollection,1980.0,Stability of Linear Systems: Some Aspects of Kinematic Similarity,Chapter 6 Asymptotic Floquet Theory
https://doi.org/10.1016/S1474-6670(17)67136-2,article,1976.0,IFAC Proceedings Volumes,A Computer-Aided Telescope Pointing System Utilizing a Video Star Tracker
https://doi.org/10.1016/0148-9062(82)91365-1,article,1982.0,International Journal of Rock Mechanics and Mining Sciences & Geomechanics Abstracts,Joint compliances as a basis for rock mass properties and the design of supports
https://doi.org/10.1016/0022-2569(70)90052-2,article,1970.0,Journal of Mechanisms,Kinematic synthesis of geared linkages
https://doi.org/10.1016/0045-7906(77)90023-4,article,1977.0,Computers & Electrical Engineering,"High-speed block-diagram languages for microprocessors and minicomputers in instrumentation, control and simulation"
https://doi.org/10.1016/0148-9062(73)90026-0,article,1973.0,International Journal of Rock Mechanics and Mining Sciences & Geomechanics Abstracts,Energy transfer in percussive rock destruction—III: Stress wave transmission through joints
https://doi.org/10.1016/S0076-5392(08)62660-0,incollection,1972.0,Finite State Makovian Decision Process,7 State-Action Frequencies and Problems with Constraints
https://doi.org/10.1016/0005-1098(69)90057-0,article,1969.0,Automatica,Performance of a digital two-term controller
https://doi.org/10.1016/B978-0-08-011071-4.50013-3,incollection,1965.0,Introduction to Electronic Analogue Computers (Second Edition),CHAPTER 9 - AUXILIARY APPARATUS
https://doi.org/10.1016/0043-1648(69)90506-7,article,1969.0,Wear,Water pressure beneath a skidding tyre
https://doi.org/10.1016/0020-7403(69)90058-7,article,1969.0,International Journal of Mechanical Sciences,Stress discontinuities in cohesionless particulate materials
https://doi.org/10.1016/0165-1684(85)90111-2,article,1985.0,Signal Processing,Speech synthesis using AM/FM sinusoids and band-pass noise
https://doi.org/10.1016/0021-8928(70)90166-8,article,1970.0,Journal of Applied Mathematics and Mechanics,"On a form of steady capillary-gravitational waves of finite amplitude: PMM vol. 34, n≗6, 1970, pp. 1085–1096"
https://doi.org/10.1016/B978-0-08-018234-6.50009-0,incollection,1975.0,A Student's Introduction to Engineering Design,3 - Modeling
https://doi.org/10.1016/0005-1098(64)90003-2,article,1964.0,Automatica,Heat exchange simulator
https://doi.org/10.1016/S1474-6670(17)68610-5,article,1971.0,IFAC Proceedings Volumes,The Site Commissioning of On-Line Computer Systems for Control of a Thermal Generating Station
https://doi.org/10.1016/0378-4754(76)90004-5,article,1976.0,Mathematics and Computers in Simulation,A hybrid method for the solution of first order partial differential equations arising in non-linear estimation
https://doi.org/10.1016/0041-1647(74)90037-9,article,1974.0,Transportation Research,A three-dimensional furness procedure for calibrating gravity models
https://doi.org/10.1016/0378-4754(76)90022-7,article,1976.0,Mathematics and Computers in Simulation,Fractional power approximation and its generation
https://doi.org/10.1016/0020-7225(69)90021-4,article,1969.0,International Journal of Engineering Science,Subsurface characteristics of the Rayleigh wave
https://doi.org/10.1016/S1631-0721(03)00021-4,article,2003.0,Comptes Rendus Mécanique,Second-order estimates for the large-deformation response of particle-reinforced rubbers
https://doi.org/10.1016/B978-1-4832-2716-0.50019-0,incollection,1966.0,Communication Satellite Systems Technology,Adaptive Digital Satellite Transmission Ground Terminal Design Considerations
https://doi.org/10.1016/0022-2569(71)90005-X,article,1971.0,Journal of Mechanisms,Six-bar cognates of a Stephenson Mechanism
https://doi.org/10.1016/0020-7357(69)90009-2,article,1969.0,International Journal of Machine Tool Design and Research,Cross-correlation and milling machine dynamics —A case study
https://doi.org/10.1016/0005-1098(66)90004-5,article,1966.0,Automatica,A study of linear time-varying systems subject to stochastic disturbances
https://doi.org/10.1016/S1474-6670(17)65555-1,article,1979.0,IFAC Proceedings Volumes,Comparison of Surface Finishes in a Production Engineering Situation by a Low-Cost Non-Contact Method
https://doi.org/10.1016/0017-9310(67)90170-6,article,1967.0,International Journal of Heat and Mass Transfer,Calculation of heat transfer to turbine blading in the presence of secondary flow
https://doi.org/10.1016/0022-460X(71)90658-4,article,1971.0,Journal of Sound and Vibration,Model studies of Helmholtz resonances in rooms with windows and doorways
https://doi.org/10.1016/0005-1098(69)90055-7,article,1969.0,Automatica,A digital transfer function analyser based on pulse rate techniques
https://doi.org/10.1016/S0065-2539(08)60283-8,incollection,1974.0,,Multistable Semiconductor Devices and Integrated Circuits
https://doi.org/10.1016/S0076-5392(09)60031-X,incollection,1965.0,Systems and Simulation,Chapter 25 Considering the Analog Computer
https://doi.org/10.1016/B978-0-12-083750-2.50009-6,incollection,1977.0,Dynamical Systems,ALMOST PERIODIC PROCESSES AND ALMOST PERIODIC SOLUTIONS OF EVOLUTION EQUATIONS
https://doi.org/10.1016/B978-1-4831-9955-9.50006-4,incollection,1962.0,Advances in Nuclear Science and Technology,THE GBSR: A GRAPHITE MODERATED BOILING WATER STEAM SUPERHEAT REACTOR
https://doi.org/10.1016/0021-8928(71)90053-0,article,1971.0,Journal of Applied Mathematics and Mechanics,The onset of auto-oscillations in a fluid: PMM Vol. 35. No. 4. 1971. pp.638–655
https://doi.org/10.1016/0038-1101(69)90075-6,article,1969.0,Solid-State Electronics,Bulk negative resistance device operated in a relaxation mode
https://doi.org/10.1016/S0920-3796(98)00330-5,article,1998.0,Fusion Engineering and Design,Activation analysis of ITER blanket first wall
https://doi.org/10.1016/S1474-6670(17)36009-3,article,1998.0,IFAC Proceedings Volumes,On the Estimation Problem for One Class of Nonlinear Systems
https://doi.org/10.1006/rtim.1996.0066,article,1997.0,Real-Time Imaging,Mixed-signal VLSI Architecture for Real-Time Computer Vision
https://doi.org/10.1016/B978-185718029-9/50003-2,incollection,2001.0,Manufacturing Surface Technology,2 - The Manufacturing Process Unit Event
https://doi.org/10.1016/B978-187870747-5/50010-1,incollection,1999.0,Digital Frequency Synthesis Demystified,Chapter 7 - Lookup Table and Sine ROM Compression
https://doi.org/10.1016/S0928-4869(99)00023-3,article,1999.0,Simulation Practice and Theory,A bond graph model of chemo-mechanical transduction in the mammalian left ventricle
https://doi.org/10.1016/0038-1101(75)90091-X,article,1975.0,Solid-State Electronics,Classical infrared mixing with solid state diodes
https://doi.org/10.1016/B978-075067445-4/50003-1,incollection,2005.0,Demystifying Switching Power Supplies,Chapter 2 - Control Circuits
https://doi.org/10.1016/S1474-6670(17)50105-6,article,1991.0,IFAC Proceedings Volumes,Senior Control Systems Laboratory at Purdue University
https://doi.org/10.1016/S0065-2156(08)70321-1,incollection,1997.0,,Nonlinear Composites
https://doi.org/10.1016/S0026-2692(84)80068-3,article,1984.0,Microelectronics Journal,The design of a truly random monolithic noise generator
https://doi.org/10.1016/S0010-2180(73)80174-9,article,1973.0,Combustion and Flame,Experimental drag coefficients for evaporating and burning drops at elevated pressures
https://doi.org/10.1016/S0021-8634(71)80024-0,article,1971.0,Journal of Agricultural Engineering Research,Design and performance of a steering control system for agricultural tractors
https://doi.org/10.1016/B978-012374212-4.50116-4,incollection,2008.0,Cancer Imaging,20 - Occult Primary Head and Neck Carcinoma: Role of Positron Emission Tomography Imaging
https://doi.org/10.1016/0010-2180(82)90076-1,article,1982.0,Combustion and Flame,A study on thermal and chemical effects of heterogeneous flame suppressants
https://doi.org/10.1016/0029-5493(72)90131-8,article,1972.0,Nuclear Engineering and Design,Failure experience as a tool for evaluation of nuclear structures
https://doi.org/10.1016/S1474-6670(17)49074-4,article,1993.0,IFAC Proceedings Volumes,Absolute Stability Approach to Stochastic Stability of Non-linear Infinite Dimensional Feedback Evolution Equations
https://doi.org/10.1016/j.snr.2021.100070,article,2022.0,Sensors and Actuators Reports,Complementary square wave voltammetry and tandem mass spectrometry analysis to identify and detect compensatory genomic changes in nematodes due to nickel (II) exposure
https://doi.org/10.1016/0013-7944(87)90002-6,article,1987.0,Engineering Fracture Mechanics,Experimental study of the constant-probability crack growth curves under constant amplitude loading
https://doi.org/10.1016/j.mio.2016.09.003,article,2016.0,Methods in Oceanography,Autonomous microstructure EM-APEX floats
https://doi.org/10.1016/S0022-460X(74)80087-8,article,1974.0,Journal of Sound and Vibration,Acoustic transients in the far field of a baffled circular piston using the impulse response approach
https://doi.org/10.1016/0924-4247(91)87015-U,article,1991.0,Sensors and Actuators A: Physical,Silicon magnetic field sensor with frequency output
https://doi.org/10.1016/j.compfluid.2017.10.025,article,2018.0,Computers & Fluids,Secondary wake instability of a bridge model and its application in wake control
https://doi.org/10.1016/0143-8166(80)90010-X,article,1980.0,Optics and Lasers in Engineering,The investigation of high frequency vibration modes of PZT-4 transducers using ESPI techniques with reference beam modulation
https://doi.org/10.1016/j.rineng.2020.100183,article,2020.0,Results in Engineering,Review of biomimetic flexible flapping foil propulsion systems on different planetary bodies
https://doi.org/10.1016/j.bios.2013.11.076,article,2014.0,Biosensors and Bioelectronics,Approaches to label-free flexible DNA biosensors using low-temperature solution-processed InZnO thin-film transistors
https://doi.org/10.1016/0378-4754(78)90048-4,article,1978.0,Mathematics and Computers in Simulation,Hybrid computing systems of the third generation
https://doi.org/10.1016/0094-5765(78)90003-6,article,1978.0,Acta Astronautica,Photochemical initiation of gaseous detonations
https://doi.org/10.1016/j.buildenv.2008.11.010,article,2009.0,Building and Environment,CFD analysis of pollutant dispersion around buildings: Effect of cell geometry
https://doi.org/10.1016/S1474-6670(17)59262-9,article,1987.0,IFAC Proceedings Volumes,Experimental Results for a Digital PID Voltage Regulator with Dynamically Changing Weighting Coefficients
https://doi.org/10.1016/0010-4485(91)90002-E,article,1991.0,Computer-Aided Design,Chameleon - an integrated desktop CAD system
https://doi.org/10.1016/B978-1-4831-9809-5.50015-1,incollection,1963.0,Advances in Magnetohydrodynamics,A.C. GENERATION
https://doi.org/10.1016/S0026-2714(03)00035-0,article,2003.0,Microelectronics Reliability,Reliability assessment and hygroswelling modeling of FCBGA with no-flow underfill
https://doi.org/10.1016/j.actaastro.2022.04.021,article,2022.0,Acta Astronautica,Wind–pellet shear sailing
https://doi.org/10.1016/S0026-2692(81)80234-0,article,1981.0,Microelectronics Journal,Interfacing to digital telephone exchanges
https://doi.org/10.1016/B978-044451052-5/50010-7,incollection,2002.0,Modelling in Transport Phenomena,Chapter 10 - Unsteady-State Microscopic Balances Without Generation
https://doi.org/10.1016/B978-0-12-370720-8.50006-4,incollection,1990.0,Essentials of Error-Control Coding Techniques,2 - Principles of Error Detection and Correction
https://doi.org/10.1016/S0378-7796(96)01082-6,article,1996.0,Electric Power Systems Research,An adaptive fuzzy logic power system stabilizer
https://doi.org/10.1016/0142-694X(89)90023-9,article,1989.0,Design Studies,Construction problems as tiling puzzles
https://doi.org/10.1016/0165-1684(91)90131-2,article,1991.0,Signal Processing,Lp normed minimization with applications to linear predictive modeling for sinusoidal frequency estimation
https://doi.org/10.1016/0045-7930(77)90002-0,article,1977.0,Computers & Fluids,A numerical method for predicting natural convection in horizontal cylinders with asymmetric boundary conditions
https://doi.org/10.1016/0924-4247(92)80110-O,article,1992.0,Sensors and Actuators A: Physical,Optocoupler based on the avalanche light emission in silicon
https://doi.org/10.1016/S0142-1123(97)00112-6,article,1998.0,International Journal of Fatigue,Variable-amplitude fatigue testing of a high hardness armour steel
https://doi.org/10.1016/B978-075067756-1/50011-1,incollection,2004.0,Excel by Example,Example 9 - RTD to 4–20 mA Converter: XTR105
https://doi.org/10.1016/j.jmps.2009.03.008,article,2009.0,Journal of the Mechanics and Physics of Solids,Electric field-induced surface transformations and experimental dynamic characteristics of dielectric elastomer membranes
https://doi.org/10.1016/S0947-3580(98)70114-1,article,1998.0,European Journal of Control,Non-linear Control of the Oscillation Amplitude of a Coriolis Mass-Flow Meter
https://doi.org/10.1016/j.snb.2018.10.134,article,2019.0,Sensors and Actuators B: Chemical,Autonomous table-tennis-motion-type DNA machine for the efficient amplification detection of cancer related gene
https://doi.org/10.1016/0043-1648(75)90105-2,article,1975.0,Wear,Effect of boronising on friction and wear of ferrous metals
https://doi.org/10.1016/0013-7944(80)90038-7,article,1980.0,Engineering Fracture Mechanics,The practical evaluation of stress intensity factors at semi-infinite crack tips
https://doi.org/10.1016/0031-3203(88)90034-9,article,1988.0,Pattern Recognition,Parsing of edNLC-graph grammars for scene analysis
https://doi.org/10.1016/S0967-0661(98)00008-2,article,1998.0,Control Engineering Practice,Robust digital friction compensation
https://doi.org/10.1016/S0038-1101(98)00274-3,article,1999.0,Solid-State Electronics,Experimental study of the spatially-modulated light detector
https://doi.org/10.1016/j.proci.2006.07.246,article,2007.0,Proceedings of the Combustion Institute,Experimental and modeling study of NO formation in 10torr methane and propane flames: Evidence for additional prompt-NO precursors
https://doi.org/10.1016/S0263-2241(97)00023-7,article,1997.0,Measurement,"Programmable uniform-Gaussian, quasi-white noise generator and data acquisition-processing system for electrophysiology"
https://doi.org/10.1016/0957-4158(95)00009-T,article,1995.0,Mechatronics,Modeling and control of cnc machines using a PC-based open architecture controller
https://doi.org/10.1016/B978-0-08-029991-4.50026-X,incollection,1983.0,Components and Instruments for Distributed Control Systems,S.P.R.A.T. SYSTEM French Acronym for: MONITORING AND FAST PERTURBOGRAPHY FOR GENERATORS AND TURBINES
https://doi.org/10.1016/0017-9310(84)90030-9,article,1984.0,International Journal of Heat and Mass Transfer,Size and number density change of droplet populations above a quench front during reflood
https://doi.org/10.1016/j.apm.2020.07.038,article,2021.0,Applied Mathematical Modelling,A port-Hamiltonian approach to modeling the structural dynamics of complex systems
https://doi.org/10.1016/j.cma.2004.10.008,article,2005.0,Computer Methods in Applied Mechanics and Engineering,"Isogeometric analysis: CAD, finite elements, NURBS, exact geometry and mesh refinement"
https://doi.org/10.1016/S0017-9310(00)00164-2,article,2001.0,International Journal of Heat and Mass Transfer,Optimal work flux in sequential systems with complex heat exchange
https://doi.org/10.1016/0005-1098(65)90009-9,article,1965.0,Automatica,Analog computers for the dynamic evaluation of on-line digital control computer programs
https://doi.org/10.1016/S1474-6670(17)54252-4,article,1991.0,IFAC Proceedings Volumes,CAE Tools for Nonlinear Systems Analysis and Design Based on Sinusoidal-Input Describing Functions
https://doi.org/10.1016/j.compind.2020.103187,article,2020.0,Computers in Industry,Agri-food 4.0: A survey of the supply chains and technologies for the future agriculture
https://doi.org/10.1016/j.bios.2020.112639,article,2020.0,Biosensors and Bioelectronics,Molecularly imprinted sol-gel/Au@Ag core-shell nano-urchin localized surface plasmon resonance sensor designed in reflection mode for detection of organic acid vapors
https://doi.org/10.1016/j.optlastec.2019.01.028,article,2019.0,Optics & Laser Technology,Spectro-chemical study of moldavites from Ries impact structure (Germany) using LIBS
https://doi.org/10.1016/j.proci.2010.06.098,article,2011.0,Proceedings of the Combustion Institute,On the outward propagation of ascending cylindrical flame
https://doi.org/10.1016/B978-0-08-037539-7.50015-6,incollection,1990.0,Energy and the Environment,CURRENT STATUS OF PHOTOELECTROCHEMICAL SOLAR ENERGY SYSTEMS
https://doi.org/10.1016/B978-0-434-92336-6.50007-2,incollection,1990.0,Microprocessor Interfacing,Chapter 3 - A to D conversion
https://doi.org/10.1016/S0045-7906(97)00045-1,article,1998.0,Computers & Electrical Engineering,BiCMOS implementation of a fuzzy system
https://doi.org/10.1016/j.piutam.2010.10.030,article,2010.0,Procedia IUTAM,Reprint of: Towards Noise Prediction for Rudimentary Landing Gear
https://doi.org/10.1016/S1474-6670(17)60518-4,article,1985.0,IFAC Proceedings Volumes,Audiometric Study to Detect Overload on Rod Mills
https://doi.org/10.1016/S0029-5493(97)00084-8,article,1997.0,Nuclear Engineering and Design,Nuclear power in the Soviet Union and in Russia
https://doi.org/10.1016/B978-185617513-5.50015-9,incollection,2008.0,Pumping Station Design (Third Edition),Chapter 8 - Electrical Fundamentals and Power System Principles
https://doi.org/10.1016/j.jprocont.2016.08.002,article,2016.0,Journal of Process Control,Open-loop optimal control of batch chromatographic separation processes using direct collocation
https://doi.org/10.1016/j.nucengdes.2016.01.009,article,2016.0,Nuclear Engineering and Design,The research and test of the cavitation performance of first stage impeller of centrifugal charging pump in nuclear power stations
https://doi.org/10.1016/B978-075068028-8/50005-X,incollection,2006.0,Interfacing PIC Microcontrollers,3 - Circuit simulation
https://doi.org/10.1016/S1474-6670(17)50232-3,article,1992.0,IFAC Proceedings Volumes,The Implications of Digital Communications on Sensor Validation
https://doi.org/10.1016/j.renene.2016.03.008,article,2016.0,Renewable Energy,Multi-objective optimization for GPU3 Stirling engine by combining multi-objective algorithms
https://doi.org/10.1016/0022-5096(64)90033-X,article,1964.0,Journal of the Mechanics and Physics of Solids,Elastic-plastic analysis of perforated thin strips of a strain-hardening material
https://doi.org/10.1016/j.jsv.2009.05.018,article,2009.0,Journal of Sound and Vibration,The Entropy Wave Generator (EWG): A reference case on entropy noise
https://doi.org/10.1016/j.bios.2023.115669,article,2023.0,Biosensors and Bioelectronics,A DNAzyme dual-feedback autocatalytic exponential amplification biocircuit for microRNA imaging in living cells
https://doi.org/10.1016/j.aeue.2023.154979,article,2024.0,AEU - International Journal of Electronics and Communications,An 8 bit-ENOB Sampling-rate Reconfigurable Asynchronous SAR ADC with Metastability Watchdog Circuit for Activity-driven Multi-Channel CMOS Readout ASICs for Space Applications
https://doi.org/10.1016/S0167-4730(01)00018-2,article,2001.0,Structural Safety,Seismic vulnerability of monumental buildings
https://doi.org/10.1016/j.jbiomech.2013.04.014,article,2013.0,Journal of Biomechanics,Evaluation of hyperelastic models for the non-linear and non-uniform high strain-rate mechanics of tibial cartilage
https://doi.org/10.1016/j.jweia.2015.05.011,article,2015.0,Journal of Wind Engineering and Industrial Aerodynamics,Aeroacoustic noise prediction for wind turbines using Large Eddy Simulation
https://doi.org/10.1016/j.nucengdes.2006.03.007,article,2006.0,Nuclear Engineering and Design,Second generation waste package design and storage concept for the Yucca Mountain Repository
https://doi.org/10.1016/j.microrel.2024.115357,article,2024.0,Microelectronics Reliability,A theoretical investigation of mole fraction-based N+ pocket doped stack oxide TFET considering ideal conditions for reliability issues
https://doi.org/10.1016/S0924-0136(01)00865-2,article,2001.0,Journal of Materials Processing Technology,Lead as a model material to simulate mandrel rolling of hot steel tube
https://doi.org/10.1016/j.est.2023.108416,article,2023.0,Journal of Energy Storage,Wet-chemical engineering of Ag-BiVO4/Bi2S3 heterostructured nanocomposite on graphitic carbon nitride (g-C3N4) sheets for high performance supercapacitor application
https://doi.org/10.1016/S0026-2692(03)00159-9,article,2003.0,Microelectronics Journal,Testability-analysis driven test-generation of analogue cores
https://doi.org/10.1021/acschembio.9b00514,article,2019.0,ACS Chemical Biology,Direct Evidence of an Enzyme-Generated LPP Intermediate in (+)-Limonene Synthase Using a Fluorinated GPP Substrate Analog
https://doi.org/10.1016/j.renene.2020.11.009,article,2021.0,Renewable Energy,Parabolic trough photovoltaic/thermal hybrid system: Thermal modeling and parametric analysis
https://doi.org/10.1016/S0927-0256(99)00069-5,article,1999.0,Computational Materials Science,Generalized Cohesive Zone Model: incorporating triaxiality dependent failure mechanisms
https://doi.org/10.1016/j.mejo.2021.105284,article,2021.0,Microelectronics Journal,Wide-band compact floating memristor emulator configuration with electronic/resistive adjustability
https://doi.org/10.1016/S0263-2241(99)00058-5,article,2000.0,Measurement,Potential measurements on electric contacts: An experimental investigation
https://doi.org/10.1016/j.commatsci.2007.05.014,article,2008.0,Computational Materials Science,Atomistic simulations of spallation dynamics in multilayer thin-film interface excited by femtosecond laser
https://doi.org/10.1016/j.piutam.2013.04.028,article,2013.0,Procedia IUTAM,Power and Energy Characteristics of the Internal Wave Beams in a Continuously Stratified Fluid
https://doi.org/10.1016/j.bios.2009.07.018,article,2009.0,Biosensors and Bioelectronics,Strip-based immunochromatographic assay using specific egg yolk antibodies for rapid detection of morphine in urine samples
https://doi.org/10.1016/j.jmbbm.2019.103528,article,2020.0,Journal of the Mechanical Behavior of Biomedical Materials,"Grinding, polishing and glazing of the occlusal surface do not affect the load-bearing capacity under fatigue and survival rates of bonded monolithic fully-stabilized zirconia simplified restorations"
https://doi.org/10.1016/j.ergon.2016.01.001,article,2016.0,International Journal of Industrial Ergonomics,Ergonomic evaluation of interaction techniques and 3D menus for the practical design of 3D stereoscopic displays
https://doi.org/10.1016/j.jlp.2023.105138,article,2023.0,Journal of Loss Prevention in the Process Industries,Simulation of blast propagation and structural effects of accidental hydrogen-air-mixture explosion in a two-stage light-gas gun laboratory for hypervelocity impact experiments
https://doi.org/10.1016/j.elstat.2005.09.005,article,2006.0,Journal of Electrostatics,Maximizing ion-driven gas flows
https://doi.org/10.1016/j.jsv.2009.10.042,article,2010.0,Journal of Sound and Vibration,Development of a hand–arm mechanical analogue for evaluating chipping hammer vibration emission values
https://doi.org/10.1016/j.firesaf.2014.02.002,article,2014.0,Fire Safety Journal,Analyzing fire-induced dispersion and detector response in complex enclosures using salt-water modeling
https://doi.org/10.1016/j.jobe.2021.103556,article,2022.0,Journal of Building Engineering,Hybrid steel staggered truss frame (SSTF): A probabilistic spectral energy modification coefficient surface model for damage-control evaluation and performance insights
https://doi.org/10.1016/j.applthermaleng.2023.121373,article,2023.0,Applied Thermal Engineering,Modeling and analysis of the multiphysics transport parameters of a kilowatt-class multistack module of reversible solid oxide cells
https://doi.org/10.1016/j.commatsci.2024.112810,article,2024.0,Computational Materials Science,Polymer expert – A software tool for de novo polymer design
https://doi.org/10.1016/j.optlaseng.2020.106453,article,2021.0,Optics and Lasers in Engineering,Wavefront control through multi-layer scattering media using single-pixel detector for high-PSNR optical transmission
https://doi.org/10.1016/j.oceaneng.2024.119736,article,2024.0,Ocean Engineering,Numerical investigation of noise reduction of a pump-jet propulsor using porous metal
https://doi.org/10.1016/j.jmbbm.2020.103667,article,2020.0,Journal of the Mechanical Behavior of Biomedical Materials,In silico evaluation of the stress fields on the cortical bone surrounding dental implants: Comparing root-analogue and screwed implants
https://doi.org/10.1016/j.jsv.2018.11.031,article,2019.0,Journal of Sound and Vibration,Phononic wave hard limiter
https://doi.org/10.1016/j.vlsi.2016.04.002,article,2016.0,Integration,Causal reasoning mining approach to analog circuit verification
https://doi.org/10.1016/j.jer.2023.100137,article,2024.0,Journal of Engineering Research,Study tracking and erosion properties of modified nitrile butadiene rubber with nanoparticles by inclined plane test
https://doi.org/10.1016/j.apenergy.2017.05.052,article,2017.0,Applied Energy,Thermal transients simulations of a building by a dynamic model based on thermal-electrical analogy: Evaluation and implementation issue
https://doi.org/10.1016/j.actaastro.2017.07.033,article,2017.0,Acta Astronautica,Response of Lactobacillus acidophilus ATCC 4356 to low-shear modeled microgravity
https://doi.org/10.1016/j.addma.2021.102569,article,2022.0,Additive Manufacturing,Numerical modelling strategies for reinforced 3D concrete printed elements
https://doi.org/10.1016/j.optlastec.2013.01.008,article,2013.0,Optics & Laser Technology,A survey of key-enabling components for remote millimetric wave generation in radio over fiber networks
https://doi.org/10.1016/j.acme.2017.10.004,article,2018.0,Archives of Civil and Mechanical Engineering,Vibrational analysis of armchair phosphorene nanotubes by a DFT-based finite element model
https://doi.org/10.1016/j.snb.2019.126692,article,2019.0,Sensors and Actuators B: Chemical,Microfluidic single valve oscillator for blood plasma filtration
https://doi.org/10.1016/j.ijleo.2014.01.188,article,2014.0,Optik,Design of high duty ratio nonlinear photonic crystal fiber with near-zero flattened dispersion after 1.205μm
https://doi.org/10.1016/j.jmbbm.2024.106487,article,2024.0,Journal of the Mechanical Behavior of Biomedical Materials,Immature porcine cortical bone mechanical properties and composition change with maturation and displacement rate
https://doi.org/10.1016/j.snb.2020.129303,article,2021.0,Sensors and Actuators B: Chemical,Portable identification of fentanyl analogues in drugs using surface-enhanced Raman scattering
https://doi.org/10.1016/0360-8352(95)00067-B,article,1995.0,Computers & Industrial Engineering,A real-world scheduling problem using genetic algorithms
https://doi.org/10.1016/j.cma.2022.115648,article,2023.0,Computer Methods in Applied Mechanics and Engineering,Tchebycheffian B-splines in isogeometric Galerkin methods
https://doi.org/10.3182/20140824-6-ZA-1003.00979,article,2014.0,IFAC Proceedings Volumes,A Non-optimality Detection Technique for Continuous Processes
https://doi.org/10.1016/j.apenergy.2015.10.040,article,2016.0,Applied Energy,On the use of SAFT-VR Mie for assessing large-glide fluorocarbon working-fluid mixtures in organic Rankine cycles
https://doi.org/10.1016/j.knosys.2014.03.009,article,2014.0,Knowledge-Based Systems,Differential adaptation: An operational approach to adaptation for solving numerical problems with CBR
https://doi.org/10.1016/j.enbuild.2012.06.016,article,2014.0,Energy and Buildings,EKF based self-adaptive thermal model for a passive house
https://doi.org/10.1016/j.jnca.2011.02.009,article,2012.0,Journal of Network and Computer Applications,Social interaction regulation in virtual web environments using the Social Theatres model
https://doi.org/10.1016/j.engfailanal.2023.107226,article,2023.0,Engineering Failure Analysis,Effect of horizontal stress on the mesoscopic deformation and failure mechanism of layered surrounding rock masses in tunnels
https://doi.org/10.1016/j.matdes.2021.110312,article,2022.0,Materials & Design,Prediction and experimental evaluation of the threshold velocity in water droplet erosion
https://doi.org/10.1016/j.mejo.2018.02.008,article,2018.0,Microelectronics Journal,Analysis and simulation of Single Electron Transistor as an analogue frequency doubler
https://doi.org/10.1016/j.measurement.2020.108130,article,2020.0,Measurement,Measurement and Chebyshev spectral analysis of Brownian coordinate of electrochemical noise
https://doi.org/10.1016/j.bspc.2024.106968,article,2025.0,Biomedical Signal Processing and Control,MSFT: A multi-scale feature-based transformer model for arrhythmia classification
https://doi.org/10.1016/j.ijheatmasstransfer.2021.121506,article,2021.0,International Journal of Heat and Mass Transfer,"Toward a local drift flux model for high-pressure, subcooled, convective boiling flows"
https://doi.org/10.1016/j.mejo.2012.07.009,article,2012.0,Microelectronics Journal,A low-cost configurability test strategy for an embedded analog circuit
https://doi.org/10.1016/j.compeleceng.2017.09.028,article,2018.0,Computers & Electrical Engineering,A novel network security algorithm based on improved support vector machine from smart city perspective
https://doi.org/10.1016/j.vlsi.2016.05.002,article,2016.0,Integration,"Reliability simulation for analog ICs: Goals, solutions, and challenges"
https://doi.org/10.1016/j.ijleo.2006.04.007,article,2007.0,Optik,Discussion on Fresnel's mirrors and Young's double-slit interferometers
https://doi.org/10.1016/j.vlsi.2023.01.019,article,2023.0,Integration,Integration of loop gain measurement circuit for stability evaluation in DC/DC converters with time-based control
https://doi.org/10.1016/j.apacoust.2022.108958,article,2022.0,Applied Acoustics,Acoustic reverberation time determination in solid medium
https://doi.org/10.1016/j.actaastro.2024.07.043,article,2024.0,Acta Astronautica,Development and user study of the Operational Geology in a Virtual Environment (OGIVE) platform
https://doi.org/10.1016/j.oceaneng.2021.109693,article,2021.0,Ocean Engineering,Numerical investigation of tip-vortex cavitation noise of submarine propellers using hybrid computational hydro-acoustic approach
https://doi.org/10.1016/S0022-460X(88)80058-0,article,1988.0,Journal of Sound and Vibration,"On uniqueness, transfer and combination of acoustic sources in one-dimensional systems"
https://doi.org/10.1016/j.est.2024.113232,article,2024.0,Journal of Energy Storage,A novel technology by using three-stage opamp design based on feedback capacitor for islanded mode microgrid stability control
https://doi.org/10.1016/j.sigpro.2024.109446,article,2024.0,Signal Processing,"The role of analog signal processing in upcoming telecommunication systems: Concept, challenges, and outlook"
https://doi.org/10.1016/j.bspc.2019.02.015,article,2019.0,Biomedical Signal Processing and Control,Cardiorespiratory profiling during simulated lunar mission using impedance pneumography
https://doi.org/10.1016/j.engstruct.2022.114660,article,2022.0,Engineering Structures,A novel shear strength model for partially encased composite (PEC) beams based on strain compatibility
https://doi.org/10.1016/j.ijheatmasstransfer.2019.119201,article,2020.0,International Journal of Heat and Mass Transfer,"Characterization of heat transfer in consolidated, highly porous media using a hybrid-scale CFD approach"
https://doi.org/10.1016/j.aeue.2025.155697,article,2025.0,AEU - International Journal of Electronics and Communications,Deep reinforcement learning and Bayesian optimization based OpAmp design across the CMOS process space
https://doi.org/10.2174/0102506882274641231123043002,article,2024.0,New Emirates Medical Journal,Sustaining Patency of Peripherally Inserted Venous Catheter (PIVC) among Patients in Continuous Intra Venous Therapy
https://doi.org/10.1016/B978-0-443-13677-1.00004-1,incollection,2023.0,High-Speed Railways,Chapter 4 - Environmental vibration during high-speed railway operation
https://doi.org/10.1016/j.ifacsc.2019.100054,article,2019.0,IFAC Journal of Systems and Control,Hybrid in silico evaluation of insulin dosing algorithms in diabetes
https://doi.org/10.1016/j.proci.2024.105777,article,2024.0,Proceedings of the Combustion Institute,Acetylene addition to the fulvenallenyl moiety in aromatic hydrocarbons
https://doi.org/10.1016/S0304-3886(00)00020-6,article,2000.0,Journal of Electrostatics,An improved model of man for ESD applications
https://doi.org/10.1016/j.ijcip.2021.100453,article,2021.0,International Journal of Critical Infrastructure Protection,Cybersecurity Assessment Framework for Digital Interface Between Safety and Security at Nuclear Power Plants
https://doi.org/10.1016/j.aeue.2021.154034,article,2022.0,AEU - International Journal of Electronics and Communications,A novel ADC-less analog demodulation scheme for NR-STAR-MQAM constellations
https://doi.org/10.1016/j.jterra.2021.11.007,article,2022.0,Journal of Terramechanics,"Tensegrital wheel for enhanced planetary surface mobility: Part 2 - Performance assessment of a ruggedized, double-layer tensegrital wheel"
https://doi.org/10.1016/j.jare.2018.06.004,article,2018.0,Journal of Advanced Research,Butenafine and analogues: An expeditious synthesis and cytotoxicity and antifungal activities
https://doi.org/10.1016/S0013-7944(02)00164-9,article,2003.0,Engineering Fracture Mechanics,Computational fracture analysis of concrete gravity dams by crack-embedded elements––toward an engineering evaluation of seismic safety
https://doi.org/10.1016/j.csite.2024.104207,article,2024.0,Case Studies in Thermal Engineering,Natural convection heat transfer of a hybrid nanofluid in a permeable quadrantal enclosure with heat generation
https://doi.org/10.2174/0102506882277568240126102549,article,2024.0,New Emirates Medical Journal,"A Systematic Review of the Novel Targeted Immunobiological Medications in Rheumatoid Arthritis: Efficacy, Safety, and Innovation"
https://doi.org/10.1016/j.microrel.2017.07.074,article,2017.0,Microelectronics Reliability,Circuit simulation assisting Physical Fault Isolation for effective root cause analysis
https://doi.org/10.3182/20070927-4-RO-3905.00028,article,2007.0,IFAC Proceedings Volumes,PARAMETERS OF BEHAVIOR EVALUATION MECHANISMS WITH USE OF NEGATIVE SELECTION
https://doi.org/10.1016/j.mejo.2018.11.015,article,2019.0,Microelectronics Journal,Inversion coefficient optimization based Analog/RF circuit design automation
https://doi.org/10.1016/0045-7949(89)90444-6,article,1989.0,Computers & Structures,A bar finite element analogy for echinodome shells
https://doi.org/10.1016/j.optlaseng.2018.12.006,article,2019.0,Optics and Lasers in Engineering,An omnidirectional DIC system for dynamic strain measurement on soft biological tissues and organs
https://doi.org/10.1016/j.comcom.2018.11.010,article,2019.0,Computer Communications,Post-disaster map builder: Crowdsensed digital pedestrian map construction of the disaster affected areas through smartphone based DTN
https://doi.org/10.1016/j.ast.2024.109465,article,2024.0,Aerospace Science and Technology,On the mitigation of landing gear noise using a solid fairing and a dense wire mesh
https://doi.org/10.1016/j.matdes.2012.04.024,article,2012.0,Materials & Design,Production of graded aluminum foams via powder space holder technique
https://doi.org/10.1016/j.asoc.2018.10.024,article,2019.0,Applied Soft Computing,Artificial bee colony algorithm based on Parzen window method
https://doi.org/10.1016/j.microrel.2016.07.079,article,2016.0,Microelectronics Reliability,Single Event Transient acquisition and mapping for space device Characterization
https://doi.org/10.1016/j.precisioneng.2009.08.002,article,2010.0,Precision Engineering,Conicity and cylindricity error evaluation using particle swarm optimization
https://doi.org/10.1016/j.mfglet.2024.09.153,article,2024.0,Manufacturing Letters,Enhancing industrial IoT with edge computing and computer vision: An analog gauge visual digitization approach
https://doi.org/10.1016/j.aeue.2018.01.015,article,2018.0,AEU - International Journal of Electronics and Communications,A hybrid genetic algorithm for analog active filter component selection
https://doi.org/10.1021/acssynbio.1c00398,article,2022.0,ACS Synthetic Biology,Analysis of Three Architectures for Controlling PTP1B with Light
https://doi.org/10.1016/j.measurement.2015.12.017,article,2016.0,Measurement,Remote measurement and instrumentation laboratory for training in real analog electronic experiments
https://doi.org/10.1016/j.fusengdes.2013.03.028,article,2013.0,Fusion Engineering and Design,Evaluating performance of MARTe as a real-time framework for feed-back control system at tokamak device
https://doi.org/10.1016/j.aei.2024.103044,article,2025.0,Advanced Engineering Informatics,An intelligent integrated innovation design method based on flow functional genes coding and digitization
https://doi.org/10.1016/j.artint.2010.09.002,article,2010.0,Artificial Intelligence,Agent decision-making in open mixed networks
https://doi.org/10.1016/j.ijheatmasstransfer.2024.125332,article,2024.0,International Journal of Heat and Mass Transfer,Experimental investigation on mixed convection heat transfer in a packed bed varying sphere diameter and bed height
https://doi.org/10.2196/24515,article,2021.0,Journal of Medical Internet Research,Unique Features of a Web-Based Nutrition Website for Childhood Cancer Populations: Descriptive Study
https://doi.org/10.1016/j.procir.2023.06.104,article,2023.0,Procedia CIRP,Practical analysis of productivity of grinding tools in the process of internal generating gear grinding
https://doi.org/10.1016/j.sse.2015.01.020,article,2015.0,Solid-State Electronics,Modeling and simulation of Double Gate Junctionless Transistor considering fringing field effects
https://doi.org/10.1016/j.est.2023.108523,article,2023.0,Journal of Energy Storage,"A critical experimental evaluation of hexagonal boron nitride, graphene oxide and graphite as thermally conductive fillers in organic PCMs"
https://doi.org/10.1016/j.wear.2023.204671,article,2023.0,Wear,Ascertaining the Si-substitution on the tribo-corrosion behaviors of Ti3AlC2 in molten Solar Salt
https://doi.org/10.1139/cgj-2023-0104,article,2023.0,Canadian Geotechnical Journal,Partially drained uplift behaviour of plant roots in dilative soils
https://doi.org/10.1016/j.ijepes.2012.10.045,article,2013.0,International Journal of Electrical Power & Energy Systems,Intelligent domestic electricity management system based on analog-distributed hierarchy
https://doi.org/10.1016/j.microrel.2021.114072,article,2021.0,Microelectronics Reliability,Memoryless nonlinearity in IT JL FinFET with spacer technology: Investigation towards reliability
https://doi.org/10.1016/j.ijmecsci.2023.108125,article,2023.0,International Journal of Mechanical Sciences,Vibro-acoustic coupling characteristics of the microperforated panel with local resonators
https://doi.org/10.1016/j.ijleo.2022.170041,article,2022.0,Optik,Shape dependent interaction of silver nanostructures with mercury for its sensing applications
https://doi.org/10.1016/j.jmbbm.2021.104991,article,2022.0,Journal of the Mechanical Behavior of Biomedical Materials,Thermal and mechanical characterization of thermoplastic orthodontic aligners discs after molding process
https://doi.org/10.1016/j.addma.2023.103436,article,2023.0,Additive Manufacturing,3D Printed Spacer Fabrics
https://doi.org/10.1016/j.measurement.2018.09.001,article,2019.0,Measurement,A method for multiple soft fault diagnosis of linear analog circuits
https://doi.org/10.1016/j.ijheatfluidflow.2023.109162,article,2023.0,International Journal of Heat and Fluid Flow,Logarithmic scaling of higher-order temperature moments in the atmospheric surface layer
https://doi.org/10.1016/j.cma.2018.10.052,article,2019.0,Computer Methods in Applied Mechanics and Engineering,An isotropic unstructured mesh generation method based on a fluid relaxation analogy
https://doi.org/10.1016/j.procir.2020.02.190,article,2020.0,Procedia CIRP,A computational approach for using social networking platforms to support creative idea generation
https://doi.org/10.1016/j.mejo.2014.08.004,article,2014.0,Microelectronics Journal,On the generalization of composite memristive network structures for computational analog/digital circuits and systems
https://doi.org/10.1016/j.optlastec.2019.105855,article,2020.0,Optics & Laser Technology,Design of novel superalkali doped silicon carbide nanocages with giant nonlinear optical response
https://doi.org/10.1016/j.snb.2007.04.019,article,2007.0,Sensors and Actuators B: Chemical,"Development of a distributed, fully automated, bidirectional telemetry system for amperometric microsensor and biosensor applications"
https://doi.org/10.1016/j.actaastro.2012.02.022,article,2013.0,Acta Astronautica,Evaluation of dual multi-mission space exploration vehicle operations during simulated planetary surface exploration
https://doi.org/10.1016/j.paerosci.2009.10.002,article,2010.0,Progress in Aerospace Sciences,Computational approach for investigation of thrust and acoustic performances of present-day nozzles
https://doi.org/10.1021/acssynbio.1c00228,article,2021.0,ACS Synthetic Biology,An E. coli-Based Biosynthetic Platform Expands the Structural Diversity of Natural Benzoxazoles
https://doi.org/10.1016/S0142-727X(02)00148-0,article,2002.0,International Journal of Heat and Fluid Flow,An improved k−ω turbulence model applied to recirculating flows
https://doi.org/10.1016/S1474-6670(17)35586-6,article,2000.0,IFAC Proceedings Volumes,Mixed Mode Modelling by VHDL-AMS
https://doi.org/10.1016/j.jsv.2013.08.033,article,2014.0,Journal of Sound and Vibration,An approach to aerodynamic sound prediction based on incompressible-flow pressure
https://doi.org/10.1016/j.patcog.2024.111289,article,2025.0,Pattern Recognition,Semantics-guided multi-task genetic programming for multi-output regression
https://doi.org/10.1016/S0196-8904(97)10033-4,article,1998.0,Energy Conversion and Management,Digital governor for use in computer control of a generating unit
https://doi.org/10.1016/S0094-5765(02)00182-0,article,2003.0,Acta Astronautica,Advanced system on a chip microelectronics for spacecraft and science instruments
https://doi.org/10.1016/S0098-1354(99)00318-X,article,2000.0,Computers & Chemical Engineering,Capital and total cost targets for mass exchange networks: Part 2: Detailed capital cost models
https://doi.org/10.1016/j.combustflame.2022.112210,article,2022.0,Combustion and Flame,Turbulence-induced bias in time-averaged laser absorption tomography of correlated concentration and temperature fields with a first-order correction
https://doi.org/10.1016/j.mejo.2011.12.015,article,2012.0,Microelectronics Journal,Underlap channel metal source/drain SOI MOSFET for thermally efficient low-power mixed-signal circuits
https://doi.org/10.1016/j.conbuildmat.2024.136856,article,2024.0,Construction and Building Materials,Long-term aging simulation of asphalt mixture: A comparative experimental study
https://doi.org/10.1016/B978-075067971-8/50017-9,incollection,2007.0,Wi-Fi Telephony,Chapter 1 - The Telephony World
https://doi.org/10.1016/j.aeue.2020.153338,article,2020.0,AEU - International Journal of Electronics and Communications,A general emulator for fractional-order memristive elements with multiple pinched points and application
https://doi.org/10.1016/S0734-743X(01)00149-X,article,2002.0,International Journal of Impact Engineering,Impact behavior of shear-failure-type RC beams without shear rebar
https://doi.org/10.1016/0263-2241(96)00040-1,article,1996.0,Measurement,ScanMax — a novel 3D coordinate measuring machine for the shopfloor environment
https://doi.org/10.1016/0021-8928(80)90122-7,article,1980.0,Journal of Applied Mathematics and Mechanics,Asymptotic analysis of wave problems for a cylindrical shell
https://doi.org/10.1016/0141-9331(85)90359-X,article,1985.0,Microprocessors and Microsystems,Realtime tracking and performance analysers for use in drug evaluation
https://doi.org/10.1016/j.apenergy.2011.08.012,article,2012.0,Applied Energy,Optimization of a solar driven absorption refrigerator in the transient regime
https://doi.org/10.3182/20060719-3-PT-4902.00020,article,2006.0,IFAC Proceedings Volumes,"MULTI-INDEX MITTAG-LEFFLER FUNCTIONS, GENERALIZED FRACTIONAL CALCULUS AND LAPLACE TYPE TRANSFORM"
https://doi.org/10.1016/j.asoc.2007.10.023,article,2008.0,Applied Soft Computing,Wavelet based fault detection in analog VLSI circuits using neural networks
https://doi.org/10.1016/0894-1777(90)90010-5,article,1990.0,Experimental Thermal and Fluid Science,A study of the three-term hot-wire system equation and analog linearization based on it
https://doi.org/10.1016/j.proeng.2014.11.480,article,2014.0,Procedia Engineering,Optimal Water Supply System Management by Leakage Reduction and Energy Recovery
https://doi.org/10.1016/j.proeng.2012.01.037,article,2012.0,Procedia Engineering,A Design of Portable Radar Broadband Jamming and Decoy Signal Generator
https://doi.org/10.1016/j.promfg.2017.07.334,article,2017.0,Procedia Manufacturing,Applying Looks-like Analysis and Bass Diffusion Model Techniques to Forecast a Neurostimulator Device with No Historical Data
https://doi.org/10.1016/S0026-2692(00)00081-1,article,2000.0,Microelectronics Journal,Crosstalk effects in mixed-signal ICs in deep submicron digital CMOS technology
https://doi.org/10.1016/0020-7225(94)90154-6,article,1994.0,International Journal of Engineering Science,Electroelastic Green's functions for transversely isotropic piezoelectric media and their application to the solution of inclusion and inhomogeneity problems
https://doi.org/10.1016/B978-075066435-6/50016-1,incollection,2005.0,Cellular Communications Explained,Chapter 1 - Introduction to cellular telecommunications
https://doi.org/10.1016/j.apenergy.2009.12.012,article,2010.0,Applied Energy,Optimal energy planning models with carbon footprint constraints
https://doi.org/10.1016/j.promfg.2018.07.049,article,2018.0,Procedia Manufacturing,Study on the Frictional Heat at Tool-Work Interface when Drilling CFRP Composites
https://doi.org/10.1016/j.apenergy.2022.119476,article,2022.0,Applied Energy,Pricing the risk due to weather conditions in small variable renewable energy projects
https://doi.org/10.1016/j.snb.2019.04.098,article,2019.0,Sensors and Actuators B: Chemical,A novel sulfur-incorporated naphthoquinone as a selective “turn-on” fluorescence chemical sensor for rapid detection of Ba2+ ion in semi-aqueous medium
https://doi.org/10.1016/B978-0-12-824555-2.00009-5,incollection,2021.0,"Design, Analysis, and Applications of Renewable Energy Systems",Chapter 2 - Hybrid renewable energy systems for energy supply to autonomous desalination systems on Isolated Islands
https://doi.org/10.1016/B978-075067841-4/50048-8,incollection,2005.0,Data Conversion Handbook,SECTION 9-8 - Breadboarding and Prototyping
https://doi.org/10.1016/j.proeng.2014.10.378,article,2014.0,Procedia Engineering,A Thermo-elastic Analogy for High-order Curvilinear Meshing with Control of Mesh Validity and Quality
https://doi.org/10.1016/j.coastaleng.2017.09.003,article,2018.0,Coastal Engineering,Regional assessment of storm related overwash and breaching hazards on coastal barriers
https://doi.org/10.1016/j.measurement.2011.07.011,article,2011.0,Measurement,Systematic errors and measurement uncertainty: An experimental approach
https://doi.org/10.1016/S1474-6670(17)49047-1,article,1993.0,IFAC Proceedings Volumes,Hyperplant: Interaction with Plant through Live Video
https://doi.org/10.1016/S0263-2241(01)00030-6,article,2002.0,Measurement,Measurement and compensation of digital-to-analog converter nonlinearity
https://doi.org/10.1016/j.applthermaleng.2014.09.010,article,2015.0,Applied Thermal Engineering,Parameters affecting the accuracy of Dunkle's model of mass transfer phenomenon at elevated temperatures
https://doi.org/10.3182/20050703-6-CZ-1902.01011,article,2005.0,IFAC Proceedings Volumes,APPLICATION OF UNCERTAIN VARIABLES TO STABILIZATION AND PARAMETRIC OPTIMIZATION OF UNCERTAIN DYNAMIC SYSTEMS
https://doi.org/10.2196/38680,article,2023.0,Journal of Medical Internet Research,Effectiveness of the Lilly Connected Care Program in Improving Glycemic Management Among Patients With Type 2 Diabetes in China: Retrospective Real-world Study
https://doi.org/10.1016/j.engstruct.2018.10.017,article,2019.0,Engineering Structures,Windblown sand action on civil structures: Definition and probabilistic modelling
https://doi.org/10.1078/1434-8411-54100125,article,2002.0,AEU - International Journal of Electronics and Communications,Analysis of the Collocation Method for Simulating the Propagation of Optical Pulse Sequences
https://doi.org/10.1016/j.dsp.2020.102830,article,2020.0,Digital Signal Processing,Novel generalized Fourier representations and phase transforms
https://doi.org/10.1016/j.aeue.2022.154346,article,2022.0,AEU - International Journal of Electronics and Communications,CCII-based voltage-mode and current-mode high-order filters with gains and grounded passive elements only
https://doi.org/10.1016/j.mejo.2022.105611,article,2022.0,Microelectronics Journal,A 12-bit 1.25 GS/s RF sampling pipelined ADC using a bandwidth-expanded residue amplifier with bias-free gain-boost technique
https://doi.org/10.1016/j.jmbbm.2024.106787,article,2025.0,Journal of the Mechanical Behavior of Biomedical Materials,Tailoring the mechanical properties of macro-porous PVA hydrogels for biomedical applications
https://doi.org/10.1016/B978-075067815-5/50073-9,incollection,2004.0,The Digital Consumer Technology Handbook,Chapter 5 - Cellular/Mobile Phones
https://doi.org/10.1016/j.cma.2010.03.004,article,2010.0,Computer Methods in Applied Mechanics and Engineering,A reduced integration finite element technology based on a thermomechanically consistent stabilisation for 3D problems
https://doi.org/10.1016/j.prime.2024.100660,article,2024.0,"e-Prime - Advances in Electrical Engineering, Electronics and Energy",Design and performance analysis of manchester coder-based body channel communication using FPGA
https://doi.org/10.3182/20070904-3-KR-2922.00054,article,2007.0,IFAC Proceedings Volumes,DESIGN REVIEW SUPPORTING SYSTEM FOR HMS WITH ADVANCED INFORMATION DISPLAYS
https://doi.org/10.1016/j.mejo.2005.03.005,article,2005.0,Microelectronics Journal,Test generation for specification test of analog circuits using efficient test response observation methods
https://doi.org/10.1016/j.compfluid.2013.11.005,article,2014.0,Computers & Fluids,MHD fluid flow and heat transfer due to a shrinking rotating disk
https://doi.org/10.1016/j.jmbbm.2015.12.005,article,2016.0,Journal of the Mechanical Behavior of Biomedical Materials,Comparative biomechanical study of using decellularized human adipose tissues for post-mastectomy and post-lumpectomy breast reconstruction
https://doi.org/10.1016/j.aeue.2021.154056,article,2022.0,AEU - International Journal of Electronics and Communications,A 13.8pJ/conv-step binary search ADC with reusable comparator architecture
https://doi.org/10.1016/j.enbuild.2014.05.023,article,2014.0,Energy and Buildings,Analytical optimization of the transient thermal performance of building wall by using thermal impedance based on thermal-electric analogy
https://doi.org/10.1016/j.apm.2005.02.012,article,2005.0,Applied Mathematical Modelling,Turbulent film condensation on a non-isothermal horizontal tube—effect of eddy diffusivity
https://doi.org/10.1016/j.irbm.2018.04.003,article,2018.0,IRBM,Intelligent Touchscreen Joystick for Controlling Electric Wheelchair
https://doi.org/10.1016/j.engstruct.2019.110019,article,2020.0,Engineering Structures,A simplified risk-targeted decision model for the verification of the seismic performance of critical infrastructure components to the operational limit state
https://doi.org/10.1016/j.cma.2021.114200,article,2022.0,Computer Methods in Applied Mechanics and Engineering,Gradient jump penalty stabilisation of spectral/hp element discretisation for under-resolved turbulence simulations
https://doi.org/10.1016/j.jnnfm.2006.08.007,article,2006.0,Journal of Non-Newtonian Fluid Mechanics,Evaluation of wall slip effects in the lubricating grease/air two-phase flow along pipelines
https://doi.org/10.1016/j.aeue.2005.03.003,article,2006.0,AEU - International Journal of Electronics and Communications,Current amplifier based grounded and floating inductance simulators
https://doi.org/10.1016/j.na.2008.11.093,article,2009.0,"Nonlinear Analysis: Theory, Methods & Applications","Nonlinear electronic circuit, Part I: Multiple routes to chaos"
https://doi.org/10.1016/j.actaastro.2013.05.015,article,2013.0,Acta Astronautica,"The BOSS and BIOMEX space experiments on the EXPOSE-R2 mission: Endurance of the desert cyanobacterium Chroococcidiopsis under simulated space vacuum, Martian atmosphere, UVC radiation and temperature extremes."
https://doi.org/10.1016/j.jmbbm.2012.03.017,article,2012.0,Journal of the Mechanical Behavior of Biomedical Materials,Mechanics and kinematics of soft tissue under indentation are determined by the degree of initial collagen fiber alignment
https://doi.org/10.1016/j.compfluid.2007.02.013,article,2008.0,Computers & Fluids,Prediction of sound generated by a rod–airfoil configuration using EASM DES and the generalised Lighthill/FW-H analogy
https://doi.org/10.1016/j.microrel.2022.114872,article,2023.0,Microelectronics Reliability,Performance investigation and impact of trap charges on novel lateral dual gate oxide-bilateral tunnelling based field effect transistor
https://doi.org/10.1016/S0045-7949(96)00259-3,article,1997.0,Computers & Structures,Sound generated by fluid-structure interactions
https://doi.org/10.3182/20100831-4-FR-2021.00050,article,2010.0,IFAC Proceedings Volumes,Toward an on-line and non-obtrusive workload assessment method
https://doi.org/10.1016/j.ifacsc.2024.100265,article,2024.0,IFAC Journal of Systems and Control,Electrode module for EIT with a robust howland current source
https://doi.org/10.1016/j.ijheatfluidflow.2017.12.005,article,2018.0,International Journal of Heat and Fluid Flow,Hydroacoustic noise from different geometries
https://doi.org/10.1016/S1290-0729(00)00238-6,article,2000.0,International Journal of Thermal Sciences,A method to predict two-phase pressure drop using condensation heat transfer data
https://doi.org/10.1016/j.applthermaleng.2015.06.007,article,2015.0,Applied Thermal Engineering,Effect of recess length on the flame parameters and combustion performance of a low swirl burner
https://doi.org/10.1016/j.ijepes.2023.109711,article,2024.0,International Journal of Electrical Power & Energy Systems,Enhancing grid protection: The crucial role of resistive-type superconducting fault current limiters in transmission line current differential relays
https://doi.org/10.1016/j.actaastro.2022.07.050,article,2022.0,Acta Astronautica,Intermittent Blood flow restriction exercise rapidly improves muscular and cardiovascular health in adults with beyond adequate protein intakes
https://doi.org/10.1016/j.conbuildmat.2023.134809,article,2024.0,Construction and Building Materials,Deep Concrete Flow: Deep learning based characterisation of fresh concrete properties from open-channel flow using spatio-temporal flow fields
https://doi.org/10.1016/j.mejo.2013.02.016,article,2013.0,Microelectronics Journal,Behavioral model of folded and interpolated ADCs for test evaluation—Case study: Structural DfT method
https://doi.org/10.1016/j.bspc.2020.102270,article,2021.0,Biomedical Signal Processing and Control,Automatic brain extraction from MRI of human head scans using Helmholtz free energy principle and morphological operations
https://doi.org/10.1016/B978-012237461-6/50019-9,incollection,2004.0,Control System Design Guide (Third Edition),Chapter 18 - Using the Luenberger Observer in Motion Control
https://doi.org/10.1006/cviu.1998.0686,article,1998.0,Computer Vision and Image Understanding,"Analysis of Compressed Document Images for Dominant Skew, Multiple Skew, and Logotype Detection"
https://doi.org/10.1016/0022-460X(80)90614-8,article,1980.0,Journal of Sound and Vibration,Combination resonance of parametrically excited coupled second order systems with non-linear damping
https://doi.org/10.1016/j.bios.2017.07.023,article,2017.0,Biosensors and Bioelectronics,An oxygen-independent and membrane-less glucose biobattery/supercapacitor hybrid device
https://doi.org/10.1016/j.ijheatmasstransfer.2015.09.067,article,2016.0,International Journal of Heat and Mass Transfer,View factor in cone calorimeter testing
https://doi.org/10.1016/B978-075067780-6/50014-3,incollection,2005.0,Designerys Guide to the Cypress PSoC,Chapter 10 - Project Pruning
https://doi.org/10.1016/0004-3702(78)90011-5,article,1978.0,Artificial Intelligence,Question answering from natural language medical data bases
https://doi.org/10.1016/0098-1354(79)80012-5,article,1979.0,Computers & Chemical Engineering,On-line process control of a fluidized bed reactor with non-catalytic gas/solid reaction
https://doi.org/10.1016/j.actaastro.2021.05.010,article,2021.0,Acta Astronautica,Towards a highly adaptive software-defined radio transmitter for small satellite platforms
https://doi.org/10.1016/B978-044450699-3/50026-4,incollection,2001.0,Loss Prevention and Safety Promotion in the Process Industries,T7-5 - Developments in the Congestion Assessment Method for the prediction of vapour-cloud explosions
https://doi.org/10.1016/0010-2180(90)90060-5,article,1990.0,Combustion and Flame,Soot volume fractions in the overfire region of turbulent diffusion flames
https://doi.org/10.2196/44414,article,2023.0,Journal of Medical Internet Research,"A Novel, Expert-Endorsed, Neurocognitive Digital Assessment Tool for Addictive Disorders: Development and Validation Study"
https://doi.org/10.1016/0020-7403(70)90082-2,article,1970.0,International Journal of Mechanical Sciences,Reference stress concepts in the analysis of structures during creep
https://doi.org/10.1016/B978-0-12-378640-1.00003-2,incollection,2014.0,Wireless Receiver Architectures and Design,Chapter 3 - Noise in Wireless Receiver Systems
https://doi.org/10.1016/S0141-1187(00)00020-1,article,2000.0,Applied Ocean Research,A causal transient water wave diffraction formulation
https://doi.org/10.1016/S0920-3796(01)00396-9,article,2001.0,Fusion Engineering and Design,System modelling and identification of Mega-Amp Spherical Tokamak
https://doi.org/10.1016/0026-2692(95)90032-2,article,1995.0,Microelectronics Journal,Siemens' new HITFET switches for all applications
https://doi.org/10.1006/jnca.1996.0039,article,1997.0,Journal of Network and Computer Applications,DogitaLS1: the Dortmund digital library system
https://doi.org/10.1016/j.bios.2016.03.014,article,2016.0,Biosensors and Bioelectronics,A sensitive electrochemiluminescence immunosensor based on luminophore capped Pd@Au core-shell nanoparticles as signal tracers and ferrocenyl compounds as signal enhancers
https://doi.org/10.1016/B978-075067623-6/50006-4,incollection,2003.0,Embedded Systems Design Using the TI MSP430 Series,Chapter 5 - Input and Output
https://doi.org/10.1016/j.cemconres.2004.07.042,article,2005.0,Cement and Concrete Research,Carbonation around near aggregate regions of old hardened concrete cement paste
https://doi.org/10.1016/j.jsv.2010.03.009,article,2010.0,Journal of Sound and Vibration,On the use of a uniformly valid analytical cascade response function for fan broadband noise predictions
https://doi.org/10.1016/0736-5845(85)90113-9,article,1985.0,Robotics and Computer-Integrated Manufacturing,Quasi-static performance of robots
https://doi.org/10.1016/0031-3203(78)90036-5,article,1978.0,Pattern Recognition,Computer aided feature selection for enhanced analogue system fault location
https://doi.org/10.1016/B978-0-08-097095-0.00002-7,incollection,2012.0,Analog Design and Simulation using OrCAD Capture and PSpice,Chapter 2 - DC Bias Point Analysis
https://doi.org/10.1016/S1474-6670(17)67246-X,article,1976.0,IFAC Proceedings Volumes,The Implementation of Data Logging and Raw-Material Feed Control on a Submerged-Arc Furnace
https://doi.org/10.1016/S0378-4754(61)80033-5,article,1961.0,Mathematics and Computers in Simulation,The determination of electromagnetic forces in transformer windings with axial symmetry by means of a resistance network
https://doi.org/10.1016/0022-4898(73)90195-X,article,1973.0,Journal of Terramechanics,Soil parameters to predict the performance of off-road vehicles
https://doi.org/10.1016/B978-075067123-1/50038-7,incollection,2003.0,Instrumentation Reference Book (Third Edition),34 - History of instrumentation
https://doi.org/10.1016/S0167-6911(99)00072-9,article,1999.0,Systems & Control Letters,Spectral operators generated by Timoshenko beam model
https://doi.org/10.1016/S0011-9164(00)80328-8,article,1978.0,Desalination,The crossflow piston bed
https://doi.org/10.1016/S1474-6670(17)66468-1,article,1977.0,IFAC Proceedings Volumes,Minimization of scale formation on the heated ingots in a soaking pit
https://doi.org/10.1016/B978-0-12-385185-7.00024-X,incollection,2011.0,Analog Circuit Design,24 - 1ppm settling time measurement for a monolithic 18-bit DAC: When does the last angel stop dancing on a speeding pinhead?
https://doi.org/10.1016/j.proci.2018.08.011,article,2019.0,Proceedings of the Combustion Institute,Co-oxidation of methane (CH4) and carbon disulfide (CS2)
https://doi.org/10.1016/j.mechatronics.2009.09.002,article,2009.0,Mechatronics,Systematic error cancellations and fault detection of resolver angular sensors using a DSP based system
https://doi.org/10.2196/13540,article,2019.0,Journal of Medical Internet Research,Qualitative Synthesis of Young People’s Experiences With Technology-Assisted Cognitive Behavioral Therapy: Systematic Review
https://doi.org/10.1016/S0925-4005(96)01939-9,article,1996.0,Sensors and Actuators B: Chemical,High speed chemical image sensor with digital LAPS system
https://doi.org/10.1016/0895-7177(88)90097-0,article,1988.0,Mathematical and Computer Modelling,"Characterization of the coronary vascular capacitance, resistance, and flow in endocardium and epicardium based on a nonlinear dynamic analog model"
https://doi.org/10.1016/B978-075065608-5/50019-5,incollection,2002.0,Newnes Radio and RF Engineers Pocket Book (Third Edition),18 - Mobile radio systems
https://doi.org/10.1016/S1474-6670(17)66145-7,article,1978.0,IFAC Proceedings Volumes,Multi-Pulse Oscillations in Relay Systems
https://doi.org/10.1016/B978-0-12-821184-7.00011-6,incollection,2021.0,Mem-elements for Neuromorphic Circuits with Artificial Intelligence Applications,Chapter 3 - On the FPGA implementation of chaotic oscillators based on memristive circuits
https://doi.org/10.1016/0308-9126(77)90017-7,article,1977.0,NDT International,A new ultrasonic inspection systemk for non-destructive examination of precision tubes Part 2. Computer control
https://doi.org/10.1016/j.bios.2015.08.027,article,2016.0,Biosensors and Bioelectronics,Enhancement of surface plasmon resonance signals using a MIP/GNPs/rGO nano-hybrid film for the rapid detection of ractopamine
https://doi.org/10.1016/j.cad.2013.08.024,article,2014.0,Computer-Aided Design,Geometry seam carving
https://doi.org/10.1016/0956-5663(94)80009-X,article,1994.0,Biosensors and Bioelectronics,Tyrosinase-based ruthenium dispersed carbon paste biosensor for phenols
https://doi.org/10.1016/j.snb.2020.128670,article,2020.0,Sensors and Actuators B: Chemical,Molecular imprinting of polymer films on 2D silica inverse opal via thermal graft copolymerization for bisphenol A detection
https://doi.org/10.1016/j.nucengdes.2021.111099,article,2021.0,Nuclear Engineering and Design,Design and construction of Power Range Channel for the third generation Reactor Nuclear Instrumentation system
https://doi.org/10.1016/j.bios.2006.01.012,article,2006.0,Biosensors and Bioelectronics,Poly(vinylpyrrolidone)-doped nitric oxide-releasing xerogels as glucose biosensor membranes
https://doi.org/10.1016/j.aeue.2022.154362,article,2022.0,AEU - International Journal of Electronics and Communications,A 11.42-ENOB 6.02 fJ/conversion-step SAR-assisted digital-slope ADC with a reset-in-time VCO-based comparator for power reduction
https://doi.org/10.1016/j.bprint.2016.08.003,article,2016.0,Bioprinting,3D bioprinting of human chondrocyte-laden nanocellulose hydrogels for patient-specific auricular cartilage regeneration
https://doi.org/10.1016/j.compscitech.2009.01.019,article,2009.0,Composites Science and Technology,An enhanced beam-theory model of the asymmetric double cantilever beam (ADCB) test for composite laminates
https://doi.org/10.1016/j.robot.2012.01.009,article,2012.0,Robotics and Autonomous Systems,A path conditioning method with trap avoidance
https://doi.org/10.1016/j.diamond.2022.108898,article,2022.0,Diamond and Related Materials,Rare-earth modified amorphous carbon films: Effects of erbium and gadolinium on the structural evolution and mechanical properties
https://doi.org/10.1016/j.jmbbm.2015.11.038,article,2016.0,Journal of the Mechanical Behavior of Biomedical Materials,Long-term retention behaviour of resin matrix attachment systems for overdentures
https://doi.org/10.1016/j.ijheatfluidflow.2018.11.009,article,2019.0,International Journal of Heat and Fluid Flow,Investigating swirl and tumble using two prototype inlet port designs by means of multi-planar PIV
https://doi.org/10.1016/j.jmbbm.2019.03.005,article,2019.0,Journal of the Mechanical Behavior of Biomedical Materials,CAD-CAM milled versus pressed lithium-disilicate monolithic crowns adhesively cemented after distinct surface treatments: Fatigue performance and ceramic surface characteristics
https://doi.org/10.1016/j.ymssp.2024.111519,article,2024.0,Mechanical Systems and Signal Processing,Improvement and test verification of the fatigue response spectrum method
https://doi.org/10.1016/j.tafmec.2021.102975,article,2021.0,Theoretical and Applied Fracture Mechanics,An experimental study on failure mechanical behavior and cracking mechanism of rectangular solid sandstone containing two non-coplanar fissures under conventional triaxial compression
https://doi.org/10.1016/j.ijepes.2020.106008,article,2020.0,International Journal of Electrical Power & Energy Systems,IEC 61850 based substation automation system: A survey
https://doi.org/10.1016/j.jmbbm.2020.103901,article,2020.0,Journal of the Mechanical Behavior of Biomedical Materials,Retention and wear of resin matrix attachments for implant overdentures
https://doi.org/10.1016/j.ijheatmasstransfer.2020.120243,article,2020.0,International Journal of Heat and Mass Transfer,Atomization and spray characteristics around an ERBS using various operational models and conditions: numerical investigation
https://doi.org/10.1016/j.renene.2017.10.058,article,2018.0,Renewable Energy,Noise reduction of a horizontal wind turbine using different blade shapes
https://doi.org/10.1016/j.clay.2015.08.036,article,2015.0,Applied Clay Science,"Impact of hydrothermal treatment of FEBEX and MX80 bentonites in water, HNO3 and Lu(NO3)3 media: Implications for radioactive waste control"
https://doi.org/10.1016/0094-5765(91)90042-4,article,1991.0,Acta Astronautica,Analogy between training for dancers and problems of adjustment to microgravity: An evaluation of the subjective vertical in dancers
https://doi.org/10.1016/j.clay.2019.105158,article,2019.0,Applied Clay Science,Hybrid kaolin/TiO2 composite: Effect of urea addition towards an efficient photocatalyst for dye abatement under visible light irradiation
https://doi.org/10.1016/j.rcim.2018.03.014,article,2019.0,Robotics and Computer-Integrated Manufacturing,Automatized modeling of a human engineering simulation using Kinect
https://doi.org/10.1016/j.jmbbm.2018.07.040,article,2018.0,Journal of the Mechanical Behavior of Biomedical Materials,How does hydrofluoric acid etching affect the cyclic load-to-failure of lithium disilicate restorations?
https://doi.org/10.1016/j.ergon.2005.09.005,article,2006.0,International Journal of Industrial Ergonomics,Development and evaluation of the Automotive Seating Discomfort Questionnaire (ASDQ)
https://doi.org/10.1016/j.apenergy.2016.03.117,article,2016.0,Applied Energy,A new divided-wall heat integrated distillation column (HIDiC) for batch processing: Feasibility and analysis
https://doi.org/10.1016/j.jbiomech.2010.10.026,article,2011.0,Journal of Biomechanics,Time course and extent of functional recovery during the first postoperative year after minimally invasive total hip arthroplasty with two different surgical approaches—a randomized controlled trial
https://doi.org/10.1016/j.snb.2019.127044,article,2019.0,Sensors and Actuators B: Chemical,Development of a hydrophilic molecularly imprinted polymer for the detection of hydrophilic targets using quartz crystal microbalance
https://doi.org/10.1016/j.conbuildmat.2018.07.072,article,2018.0,Construction and Building Materials,Bending and compressive properties of cross-laminated timber (CLT) panels made from Canadian hemlock
https://doi.org/10.1016/0029-5493(93)90258-B,article,1993.0,Nuclear Engineering and Design,Nuclear safety code modelling of condensation in stratified flow
https://doi.org/10.1016/j.conbuildmat.2014.04.108,article,2014.0,Construction and Building Materials,Effects of polymer additives on bituminous mixtures
https://doi.org/10.1016/j.bios.2008.07.053,article,2008.0,Biosensors and Bioelectronics,The effect of the oxidation state of a terthiophene-conducting polymer and of the presence of a redox probe on its gene-sensing properties
https://doi.org/10.1016/j.ymssp.2014.12.001,article,2015.0,Mechanical Systems and Signal Processing,Support evidence statistics for operation reliability assessment using running state information and its application to rolling bearing
https://doi.org/10.1016/j.cad.2007.11.004,article,2009.0,Computer-Aided Design,Creative conceptual design: Extending the scope by infused design
https://doi.org/10.1016/j.conbuildmat.2020.120261,article,2020.0,Construction and Building Materials,A novel visco-elastic damage model for asphalt concrete and its numerical implementation
https://doi.org/10.1016/B978-0-443-19112-1.00024-2,incollection,2024.0,Aeroacoustics of Low Mach Number Flows (Second Edition),7 - Amiet’s approach—The surface source for thin airfoils
https://doi.org/10.1016/j.apenergy.2011.12.047,article,2012.0,Applied Energy,A non-conventional interpretation of thermal regeneration in steam cycles
https://doi.org/10.1016/0360-8352(90)90161-E,article,1990.0,Computers & Industrial Engineering,The design and development of an automated DFA system
https://doi.org/10.1016/j.euromechflu.2023.03.003,article,2023.0,European Journal of Mechanics - B/Fluids,Effects of bulb seal on slat flow dynamics and slat tones
https://doi.org/10.1006/jsvi.2000.3036,article,2001.0,Journal of Sound and Vibration,IMPLEMENTATION OF NEW TURBULENCE SPECTRA IN THE LIGHTHILL ANALOGY SOURCE TERMS
https://doi.org/10.1016/j.renene.2023.119206,article,2023.0,Renewable Energy,Standardised indices to monitor energy droughts
https://doi.org/10.1016/j.proci.2018.05.039,article,2019.0,Proceedings of the Combustion Institute,A high-temperature study of 2-pentanone oxidation: experiment and kinetic modeling
https://doi.org/10.2196/jmir.3265,article,2014.0,Journal of Medical Internet Research,Real-Time Sharing and Expression of Migraine Headache Suffering on Twitter: A Cross-Sectional Infodemiology Study
https://doi.org/10.1016/B978-0-12-811984-6.00019-2,incollection,2021.0,Medical Device Technologies (Second Edition),Chapter 19 - Drug-eluting stents
https://doi.org/10.1016/B978-075067194-1/50010-0,incollection,2000.0,CMOS IC Layout,Chapter Nine - Layout design techniques in an uncertain environment
https://doi.org/10.1016/j.enbuild.2007.04.006,article,2008.0,Energy and Buildings,Lighting energy savings in offices using different control systems and their real consumption
https://doi.org/10.1016/j.measurement.2018.05.115,article,2018.0,Measurement,"Performance ANd ACcuracy in Electrical BioActivity Recordings (PANACEA): A high-performance, wireless, multi-instrument for potentiometric and amperometric recording of biosignals"
https://doi.org/10.1016/j.ifacol.2018.07.184,article,2018.0,IFAC-PapersOnLine,High Speed Operation Tests of Resolver Using AURIX Microcontroller Interface
https://doi.org/10.1016/S0020-7683(99)00175-4,article,2000.0,International Journal of Solids and Structures,Thermal stresses in a plate with a circular reinforcement
https://doi.org/10.1016/B978-0-12-814881-5.00003-X,incollection,2019.0,Tidal Energy Systems,Chapter 3 - Prefeasibility Assessment of a Tidal Energy System
https://doi.org/10.1016/j.measurement.2006.06.001,article,2007.0,Measurement,Wavelet techniques: A suitable tool to characterise and optimize encoders’ based systems
https://doi.org/10.1016/j.jbiomech.2017.12.004,article,2018.0,Journal of Biomechanics,Upper partial fibulectomy improves knee biomechanics and function and decreases knee pain of osteoarthritis: A pilot and biomechanical study
https://doi.org/10.1016/j.icheatmasstransfer.2012.04.014,article,2012.0,International Communications in Heat and Mass Transfer,Validation of three dimensional film cooling modeling on convex surface for gas turbine blade
https://doi.org/10.1016/S0955-7997(02)00017-6,article,2002.0,Engineering Analysis with Boundary Elements,Symmetric boundary knot method
https://doi.org/10.2196/25472,article,2021.0,Journal of Medical Internet Research,Determinants of the Use of Health and Fitness Mobile Apps by Patients With Asthma: Secondary Analysis of Observational Studies
https://doi.org/10.1016/B978-0-12-811071-3.00009-3,incollection,2018.0,Mechanics of Carbon Nanotubes,Chapter 9 - Nanoscale Interfaces in Nanocomposites and Friction Laws
https://doi.org/10.1016/j.yofte.2017.02.001,article,2017.0,Optical Fiber Technology,On phaser-based processing of impulse radio UWB over fiber systems employing SOA
https://doi.org/10.3182/20080706-5-KR-1001.02529,article,2008.0,IFAC Proceedings Volumes,Multi-Agent based Dynamic Stability Control for Low-Frequency Global Mode of Oscillations
https://doi.org/10.1016/j.ergon.2010.11.002,article,2011.0,International Journal of Industrial Ergonomics,"Evaluation of the effect of a paver’s trolley on productivity, task demands, workload and local discomfort"
https://doi.org/10.1016/j.fusengdes.2016.11.001,article,2016.0,Fusion Engineering and Design,Verification of SuperMC with ITER C-Lite neutronic model
https://doi.org/10.1016/j.sna.2024.116069,article,2025.0,Sensors and Actuators A: Physical,Acoustotaxis‑based pump-less separation of highly motile human sperm by a SAW-in-capillary acoustofluidic platform
https://doi.org/10.1016/j.combustflame.2016.12.029,article,2017.0,Combustion and Flame,A comprehensive iso-octane combustion model with improved thermochemistry and chemical kinetics
https://doi.org/10.1016/j.asoc.2011.12.002,article,2012.0,Applied Soft Computing,Automated synthesis of multiple analog circuits using evolutionary computation for redundancy-based fault-tolerance
https://doi.org/10.1016/j.measurement.2005.11.010,article,2006.0,Measurement,Toward a generic on chip conditioning system for strain gage sensors
https://doi.org/10.3182/20050703-6-CZ-1902.00617,article,2005.0,IFAC Proceedings Volumes,MODIFICATION OF DEAD BEAT ALGORITHM FOR CONTROL PROCESSES WIH TIME DELAY
https://doi.org/10.1016/j.diamond.2015.09.015,article,2015.0,Diamond and Related Materials,Nanofocus diamond X-ray windows: Thermal modeling of nano-sized heat source systems
https://doi.org/10.1016/j.mcm.2007.03.029,article,2007.0,Mathematical and Computer Modelling,Parallels between the analytic hierarchy and network processes (AHP/ANP) and fractal geometry
https://doi.org/10.1016/j.bios.2023.115440,article,2023.0,Biosensors and Bioelectronics,Surface immobilization strategies for the development of electrochemical nucleic acid sensors
https://doi.org/10.1016/j.jnnfm.2014.09.011,article,2015.0,Journal of Non-Newtonian Fluid Mechanics,Reversible and irreversible destructuring flow in waxy oils: An MRI study
https://doi.org/10.1016/j.ijrefrig.2007.01.012,article,2007.0,International Journal of Refrigeration,Thermal stresses during freezing of a two-layer food
https://doi.org/10.1016/j.engstruct.2014.07.009,article,2014.0,Engineering Structures,Nonuniform shear warping effect in the analysis of composite beams by BEM
https://doi.org/10.1016/j.tust.2015.07.005,article,2015.0,Tunnelling and Underground Space Technology,Long-term performance of cast-iron tunnel cross passage in London clay
https://doi.org/10.1016/B978-008045261-6/50009-8,incollection,2007.0,Electromagnetic Compatibility in Power Systems,Chapter 9 - Adjoint network theory to analyse the power converters with respect to their line-side behaviour
https://doi.org/10.1016/j.ijleo.2022.170270,article,2023.0,Optik,Mode-locked Yb-doped fiber laser with graded-index multimode fiber as saturable absorber with gain management
https://doi.org/10.1016/j.jsv.2005.08.002,article,2006.0,Journal of Sound and Vibration,Regulating the vibratory motion of beams using shape optimization
https://doi.org/10.1016/j.aei.2007.09.001,article,2008.0,Advanced Engineering Informatics,A nature-inspired decentralized trust model to reduce information unreliability in complex disaster relief operations
https://doi.org/10.1016/j.bios.2006.01.017,article,2006.0,Biosensors and Bioelectronics,Synthesis of bilirubin imprinted polymer thin film for the continuous detection of bilirubin in an MIP/QCM/FIA system
https://doi.org/10.1680/jgeot.16.P.204,article,2017.0,Geotechnique,In situ root identification through blade penetrometer testing – part 2: field testing
https://doi.org/10.1016/j.enbuild.2011.08.024,article,2011.0,Energy and Buildings,A new method for improving the thermal insulation properties of fly ash
https://doi.org/10.1016/j.crme.2007.08.004,article,2007.0,Comptes Rendus Mécanique,About Boussinesq's turbulent viscosity hypothesis: historical remarks and a direct evaluation of its validity
https://doi.org/10.1016/j.euromechsol.2012.07.004,article,2013.0,European Journal of Mechanics - A/Solids,Accounting for the thickness effect in dynamic spherical indentation of a viscoelastic layer: Application to non-destructive testing of articular cartilage
https://doi.org/10.1016/j.snb.2025.137278,article,2025.0,Sensors and Actuators B: Chemical,Nicked RCA-assisted self-assembling MNAzyme coupled with fluorogenic aptamer for label-free detection of miRNA
https://doi.org/10.1016/j.ijsolstr.2006.05.030,article,2007.0,International Journal of Solids and Structures,Solids containing spherical nano-inclusions with interface stresses: Effective properties and thermal–mechanical connections
https://doi.org/10.1016/S0925-4005(02)00474-4,article,2003.0,Sensors and Actuators B: Chemical,Recognition of six microbial species with an electronic tongue
https://doi.org/10.1016/0898-1221(95)00111-5,article,1995.0,Computers & Mathematics with Applications,Optimal recovery of linear functionals of Peano type through data on manifolds
https://doi.org/10.1016/j.vlsi.2016.04.004,article,2016.0,Integration,Comparison of QMC-based yield-aware pareto front techniques for multi-objective robust analog synthesis
https://doi.org/10.1016/j.cnsns.2019.01.003,article,2019.0,Communications in Nonlinear Science and Numerical Simulation,Discrete analogues for two nonlinear Schrödinger type equations
https://doi.org/10.1016/j.oceaneng.2022.111640,article,2022.0,Ocean Engineering,Analysis of the effect of vortex reduction structures on submarine tonal noise via frequency-domain method employing thickness noise source
https://doi.org/10.1039/d1na00510c,article,2021.0,Nanoscale Advances,Fabrication of self-assembled nanostructures for intracellular drug delivery from diphenylalanine analogues with rigid or flexible chemical linkers††Electronic supplementary information (ESI) available. See DOI: 10.1039/d1na00510c
https://doi.org/10.1016/j.asej.2020.10.002,article,2021.0,Ain Shams Engineering Journal,New digital testing for parametric fault detection in analog circuits using classified frequency-bands and efficient test-point selection
https://doi.org/10.1016/S0924-4247(01)00507-6,article,2001.0,Sensors and Actuators A: Physical,Integrated online diagnosis for AMR-based angular measurement systems
https://doi.org/10.1016/j.device.2023.100184,article,2024.0,Device,Multifunctional anti-ambipolar electronics enabled by mixed-dimensional 1D GaAsSb/2D MoS2 heterotransistors
https://doi.org/10.1016/j.bios.2013.09.002,article,2014.0,Biosensors and Bioelectronics,Cyclic GMP recognition using ratiometric QD-fluorophore conjugate nanosensors
https://doi.org/10.1016/j.taml.2023.100488,article,2024.0,Theoretical and Applied Mechanics Letters,A call for enhanced data-driven insights into wind energy flow physics
https://doi.org/10.1016/S0924-4247(97)80223-3,article,1997.0,Sensors and Actuators A: Physical,Micromachined thermally isolated circuits
https://doi.org/10.1016/S0007-8506(07)62828-5,article,1998.0,CIRP Annals,Surface Formation in Creep Feed Grinding of Advanced Ceramics with and without Ultrasonic Assistance
https://doi.org/10.1016/j.asoc.2023.110303,article,2023.0,Applied Soft Computing,"Hierarchical clustering: Visualization, feature importance and model selection"
https://doi.org/10.1016/j.compstruct.2016.10.112,article,2017.0,Composite Structures,Crashworthy response of fibre metal laminate top hat structures
https://doi.org/10.1016/j.media.2006.01.001,article,2006.0,Medical Image Analysis,Retrospective evaluation of a topology preserving non-rigid registration method
https://doi.org/10.1016/S0141-9331(03)00126-1,article,2004.0,Microprocessors and Microsystems,A carrier peak synchronous direct digital demodulation technique and its FPGA implementation
https://doi.org/10.1016/j.jmbbm.2022.105485,article,2022.0,Journal of the Mechanical Behavior of Biomedical Materials,Contact ratio and adaptations in the maxillary and mandibular dentoalveolar joints in rats and human clinical analogs
https://doi.org/10.1016/j.advengsoft.2006.09.016,article,2007.0,Advances in Engineering Software,An integrated approach for optimum design of bridge decks using genetic algorithms and artificial neural networks
https://doi.org/10.1016/B978-0-12-420165-1.00016-0,incollection,2016.0,Embedded Computing and Mechatronics with the PIC32,Chapter 16 - Comparator
https://doi.org/10.1016/0895-7177(94)00207-5,article,1995.0,Mathematical and Computer Modelling,"Performance measures, consistency, and power for artificial neural network models"
https://doi.org/10.1016/0377-0257(93)80033-8,article,1993.0,Journal of Non-Newtonian Fluid Mechanics,Non-axisymmetric modes in viscoelastic taylor-couette flow
https://doi.org/10.1016/S0997-7538(99)00124-2,article,1999.0,European Journal of Mechanics - A/Solids,Constitutive equations of creep under changing multiaxial stresses
https://doi.org/10.1016/j.proci.2010.06.027,article,2011.0,Proceedings of the Combustion Institute,Extinction of lean near-limit methane/air flames at elevated pressures under normal- and reduced-gravity
https://doi.org/10.1016/j.cma.2009.09.010,article,2010.0,Computer Methods in Applied Mechanics and Engineering,Analysis-aware modeling: Understanding quality considerations in modeling for isogeometric analysis
https://doi.org/10.1016/0926-5805(93)90030-2,article,1993.0,Automation in Construction,Modelling the representation of architectural design cases
https://doi.org/10.1016/0898-1221(91)90146-U,article,1991.0,Computers & Mathematics with Applications,An isentropic flow algorithm with body fitted meshes
https://doi.org/10.1016/j.aeue.2017.12.013,article,2018.0,AEU - International Journal of Electronics and Communications,Voltage-mode full-wave precision rectifier and an extended application as ASK/BPSK circuit using a single EXCCII
https://doi.org/10.1016/j.mssp.2018.02.021,article,2018.0,Materials Science in Semiconductor Processing,Studies of buried oxide properties on nanoscale GeOI pMOSFETs for design of a high performance common source amplifier
https://doi.org/10.1016/j.soildyn.2012.06.020,article,2012.0,Soil Dynamics and Earthquake Engineering,Insight on kinematic bending of flexible piles in layered soil
https://doi.org/10.1016/j.ijleo.2012.06.075,article,2013.0,Optik,Gbits/s physical-layer stream ciphers based on chaotic light
https://doi.org/10.1016/j.tafmec.2006.09.003,article,2006.0,Theoretical and Applied Fracture Mechanics,Multiscale evaluation of microstructural worthiness based on the physical–analytical matching (PAM) approach
https://doi.org/10.1016/j.destud.2019.11.003,article,2020.0,Design Studies,A 3D shape generative method for aesthetic product design
https://doi.org/10.1016/0266-8920(91)90018-Y,article,1991.0,Probabilistic Engineering Mechanics,Linear viscoelastic analysis with random material properties
https://doi.org/10.1016/j.tsep.2019.01.003,article,2019.0,Thermal Science and Engineering Progress,Compressible Fanno flows in micro-channels: An enhanced quasi-2D numerical model for laminar flows
https://doi.org/10.3182/20090909-4-JP-2010.00013,article,2009.0,IFAC Proceedings Volumes,Analog Motion Detection Circuits Using Simple Edge Detection Circuits Based on the Vertebrate Retina
https://doi.org/10.1016/B978-0-08-102696-0.00009-9,incollection,2022.0,Sensor Technologies for Civil Infrastructures (Second Edition),13 - Vibration energy harvesters for sensing applications
https://doi.org/10.1016/j.tws.2006.03.016,article,2006.0,Thin-Walled Structures,Equivalent mechanical analog for dynamic analysis of pure conical tanks
https://doi.org/10.1016/j.actaastro.2017.09.035,article,2017.0,Acta Astronautica,Study on the criterion to determine the bottom deployment modes of a coilable mast
https://doi.org/10.1016/j.imavis.2024.105010,article,2024.0,Image and Vision Computing,Robust ensemble person reidentification via orthogonal fusion with occlusion handling
https://doi.org/10.1016/j.destud.2013.11.002,article,2014.0,Design Studies,Fundamental studies in Design-by-Analogy: A focus on domain-knowledge experts and applications to transactional design problems
https://doi.org/10.1016/0894-1777(93)90005-4,article,1993.0,Experimental Thermal and Fluid Science,Simultaneous measurement of velocity and temperature fluctuations in the boundary layer of a supersonic flow
https://doi.org/10.1016/j.bios.2009.05.037,article,2009.0,Biosensors and Bioelectronics,Three-dimensional focusing of red blood cells in microchannel flows for bio-sensing applications
https://doi.org/10.1016/j.ergon.2020.103062,article,2021.0,International Journal of Industrial Ergonomics,How do medical gloves affect manual performance? Evaluation of ergonomic indicators
https://doi.org/10.1016/j.ress.2019.106789,article,2020.0,Reliability Engineering & System Safety,Bayesian inference for Common cause failure rate based on causal inference with missing data
https://doi.org/10.1016/j.matdes.2024.113022,article,2024.0,Materials & Design,Construction and synthesis of Prussian blue analogues@Prussian blue (PBA@PB) nano-heterojunctions for enhanced antibacterial activity
https://doi.org/10.1016/j.protcy.2013.12.263,article,2013.0,Procedia Technology,Evaluation of the Effect of Step Size on Delta Modulation for Photoplethysmogram Compression
https://doi.org/10.1016/j.mejo.2007.08.006,article,2007.0,Microelectronics Journal,An operational amplifier model for evaluating test strategies at behavioural level
https://doi.org/10.1016/j.desal.2022.115620,article,2022.0,Desalination,Desalination using pressure or electric field? A fundamental comparison of RO and electrodialysis
https://doi.org/10.1016/j.dsp.2017.10.024,article,2018.0,Digital Signal Processing,Multiresolution alignment for multiple unsynchronized audio sequences using sequential Monte Carlo samplers
https://doi.org/10.1016/j.snb.2025.137600,article,2025.0,Sensors and Actuators B: Chemical,K-doped Co3O4-decorated microneedle clip for non-enzymatic glucose detection in plant health monitoring
https://doi.org/10.1016/j.est.2025.115605,article,2025.0,Journal of Energy Storage,First principles exploration of AlN with biphenylene network nanostructure as a potential green anode for Li-ion batteries
https://doi.org/10.1016/B978-012374212-4.50099-7,incollection,2008.0,Cancer Imaging,3 - Malignant Bone Involvement: Assessment Using Positron Emission Tomography/Computed Tomography
https://doi.org/10.1016/j.jmps.2017.07.011,article,2017.0,Journal of the Mechanics and Physics of Solids,Thermal fluctuations and effective bending stiffness of elastic thin sheets and graphene: A nonlinear analysis
https://doi.org/10.1016/j.jmatprotec.2007.07.039,article,2008.0,Journal of Materials Processing Technology,Evaluating the performance for makespan minimisation in no-wait flowshop sequencing
https://doi.org/10.1016/j.petsci.2023.09.025,article,2023.0,Petroleum Science,"Diagenetic evolution and effects on reservoir development of the Dengying and Longwangmiao formations, Central Sichuan Basin, Southwestern China"
https://doi.org/10.1016/j.proci.2022.11.006,article,2023.0,Proceedings of the Combustion Institute,Dynamics of Chapman-Jouguet pulsating detonations with Chain-Branching kinetics: Fickett’s analogue and Euler equations
https://doi.org/10.1021/acschembio.7b00982,article,2018.0,ACS Chemical Biology,Stereospecificity of Enoylreductase Domains from Modular Polyketide Synthases
https://doi.org/10.1021/acschembio.3c00686,article,2024.0,ACS Chemical Biology,Expanding the Genetic Code of Xenopus laevis Embryos
https://doi.org/10.1016/j.ifacol.2016.10.531,article,2016.0,IFAC-PapersOnLine,A Pedestrian Simulator for Urban Crossing Scenarios
https://doi.org/10.1016/j.biosystemseng.2009.04.006,article,2009.0,Biosystems Engineering,Double threshold method for mastitis diagnosis based on NIR spectra of raw milk and chemometrics
https://doi.org/10.1016/S1005-8885(09)60454-4,article,2010.0,The Journal of China Universities of Posts and Telecommunications,Effective generalized equations of secure hyperelliptic curve digital signature algorithms
https://doi.org/10.1021/acschembio.7b00878,article,2018.0,ACS Chemical Biology,Biosynthesis and Structure–Activity Relationship Studies of Okaramines That Target Insect Glutamate-Gated Chloride Channels
https://doi.org/10.1016/j.ijleo.2021.167859,article,2021.0,Optik,Induced modulational instability in the sign-reversal dispersion traps: Imperfect Fermi–Pasta–Ulam recurrence and partial “déjà vu” phenomenon
https://doi.org/10.1016/S1474-6670(17)40142-X,article,1998.0,IFAC Proceedings Volumes,Pointing Devices for Navigation in Windows-Based Machine-Controllers
https://doi.org/10.1016/j.measurement.2015.10.014,article,2016.0,Measurement,Instrumentation and control of a two-stage 4-bed silica gel+water adsorption cooling cum desalination system
https://doi.org/10.1016/j.apm.2019.04.041,article,2019.0,Applied Mathematical Modelling,Impact of permeabilization and pH effects in the electrochemical treatment of tumors: Experiments and simulations
https://doi.org/10.1016/j.mejo.2012.12.011,article,2013.0,Microelectronics Journal,Design tradeoffs for sub-mW CMOS biomedical limiting amplifiers
https://doi.org/10.1016/j.jweia.2020.104411,article,2021.0,Journal of Wind Engineering and Industrial Aerodynamics,Computational study on an Ahmed Body equipped with simplified underbody diffuser
https://doi.org/10.1016/j.measurement.2011.03.003,article,2011.0,Measurement,Testing high resolution DACs: A contribution to draft standard IEEE P1658
https://doi.org/10.1016/j.jmbbm.2018.11.010,article,2019.0,Journal of the Mechanical Behavior of Biomedical Materials,Edge chipping resistance of ceramics bonded to a dentine analogue
https://doi.org/10.1016/j.apenergy.2013.11.015,article,2014.0,Applied Energy,"From heat exchanger to heat adaptor: Concept, analysis and application"
https://doi.org/10.1016/j.robot.2018.11.018,article,2019.0,Robotics and Autonomous Systems,"Cognition-enabled robotic wiping: Representation, planning, execution, and interpretation"
https://doi.org/10.1016/j.jksus.2018.04.003,article,2020.0,Journal of King Saud University - Science,"Synthesis, antiglycation and antioxidant potentials of benzimidazole derivatives"
https://doi.org/10.1016/j.vlsi.2012.01.001,article,2013.0,Integration,Hierarchical sizing and biasing of analog firm intellectual properties
https://doi.org/10.1016/S0167-8922(06)80026-X,incollection,2006.0,Tribology in Electrical Environments,Chapter 13 Alternative approaches to determination of stiffness of rolling-element bearings
https://doi.org/10.1016/j.microrel.2020.113584,article,2020.0,Microelectronics Reliability,TR-DLS analysis on analog circuit
https://doi.org/10.1016/j.ijmecsci.2007.03.011,article,2007.0,International Journal of Mechanical Sciences,Optimum design of structures subjected to follower forces
https://doi.org/10.1016/j.optlaseng.2011.04.005,article,2011.0,Optics and Lasers in Engineering,Development of a laser-based measurement system for evaluation of the scraping workpiece quality
https://doi.org/10.1016/j.oceaneng.2015.05.038,article,2015.0,Ocean Engineering,"Short-term forecasting of the wave energy flux: Analogues, random forests, and physics-based models"
https://doi.org/10.1016/j.snb.2023.133982,article,2023.0,Sensors and Actuators B: Chemical,Determination of tumor necrosis factor-α in serum using extended-gate field-effect transistor-based chemosensors with molecularly imprinted polymer-coated gold dendrites
https://doi.org/10.1016/j.engfracmech.2014.03.006,article,2014.0,Engineering Fracture Mechanics,Evaluation of fracture mechanics parameters for a range of weldment geometries with different mismatch ratios
https://doi.org/10.1016/j.cviu.2008.02.001,article,2008.0,Computer Vision and Image Understanding,Image registration based on kernel-predictability
https://doi.org/10.1016/j.engstruct.2017.07.033,article,2017.0,Engineering Structures,Comparison of curved prestressed concrete bridge population response between area and spine modeling approaches toward efficient seismic vulnerability analysis
https://doi.org/10.1016/j.enconman.2017.08.027,article,2017.0,Energy Conversion and Management,Modeling the dynamic and thermodynamic operation of Stirling engines by means of an equivalent electrical circuit
https://doi.org/10.1016/S1005-8885(07)60115-0,article,2006.0,The Journal of China Universities of Posts and Telecommunications,Study on Top-Down Estimation Method of Software Project Planning
https://doi.org/10.1016/j.measurement.2006.09.005,article,2007.0,Measurement,A new approach in differential nonlinearity testing of the analog-to-digital converters
https://doi.org/10.1016/j.microrel.2022.114780,article,2022.0,Microelectronics Reliability,DC and RF/analog performances of split source horizontal pocket and hetero stack TFETs considering interface trap charges: A simulation study
https://doi.org/10.1016/j.compstruc.2014.01.012,article,2014.0,Computers & Structures,Improved singular boundary method for elasticity problems
https://doi.org/10.1016/j.jpdc.2017.10.013,article,2019.0,Journal of Parallel and Distributed Computing,Performance considerations for scalable parallel tensor decomposition
https://doi.org/10.1016/j.apacoust.2024.110392,article,2025.0,Applied Acoustics,"A passive, blade-mounted ultrasonic bat deterrent for wind turbines"
https://doi.org/10.1021/acschembio.0c00752,article,2020.0,ACS Chemical Biology,Quorum Sensing Inhibition Attenuates the Virulence of the Plant Pathogen Ralstonia solanacearum Species Complex
https://doi.org/10.1016/j.enbuild.2022.112210,article,2022.0,Energy and Buildings,"Evaluation of thermal comfort in library buildings in the tropical climate of Kumasi, Ghana"
https://doi.org/10.1016/j.cad.2003.10.008,article,2004.0,Computer-Aided Design,Education-driven research in CAD
https://doi.org/10.1016/j.ijsolstr.2010.05.010,article,2010.0,International Journal of Solids and Structures,Viscoelasticity and viscoplasticity of polypropylene/polyethylene blends
https://doi.org/10.1016/S0142-0615(00)00005-3,article,2000.0,International Journal of Electrical Power & Energy Systems,Tuning the ratio of KGEN–LP/HGEN to suppress vibrations of turbine blades
https://doi.org/10.1016/j.optlaseng.2024.108669,article,2025.0,Optics and Lasers in Engineering,Parallel multiplexing optical spatial differentiation based on a superposed complex amplitude filter
https://doi.org/10.1016/j.euromechflu.2024.04.013,article,2024.0,European Journal of Mechanics - B/Fluids,Particle dynamic behaviors in bubble curtain barriers blocking the diffusion of sediment
https://doi.org/10.1016/j.vlsi.2018.03.018,article,2018.0,Integration,A novel design methodology for the mixed-domain optimization of a MEMS accelerometer
https://doi.org/10.1016/j.commatsci.2010.04.020,article,2010.0,Computational Materials Science,First-principles study of the stability of NbC and NbN precipitates under coherency strains in α-iron
https://doi.org/10.1016/j.desal.2020.114708,article,2020.0,Desalination,Performance of a forward osmosis mass exchanger based on detailed mass transfer boundary layer analysis
https://doi.org/10.1016/j.compscitech.2021.108873,article,2021.0,Composites Science and Technology,Nacre-like GNP/Epoxy composites: Reinforcement efficiency vis-à-vis graphene content
https://doi.org/10.1016/j.microrel.2015.06.059,article,2015.0,Microelectronics Reliability,A novel analytical method for defect tolerance assessment
https://doi.org/10.1016/j.jksus.2019.12.002,article,2020.0,Journal of King Saud University - Science,"Synthesis, biological evaluation and molecular docking of pyrimidine and quinazoline derivatives of 1,5-benzodiazepine as potential anticancer agents"
https://doi.org/10.1016/j.measurement.2017.10.026,article,2018.0,Measurement,Maximum likelihood estimation of aperture jitter using sinusoidal excitation
https://doi.org/10.1016/S0017-9310(02)00479-9,article,2003.0,International Journal of Heat and Mass Transfer,Simultaneous visualization of flow field and evaluation of local heat transfer by transitional impinging jets
https://doi.org/10.3208/sandf.50.659,article,2010.0,Soils and Foundations,Simplified Procedure to Evaluate Earthquake-Induced Residual Displacement of Geosynthetic Reinforced Soil Retaining Walls
https://doi.org/10.1016/j.ifacol.2024.10.181,article,2024.0,IFAC-PapersOnLine,Space-Time Diffusion Bridge
https://doi.org/10.1016/j.elstat.2005.09.007,article,2006.0,Journal of Electrostatics,Nonstandard electrostatic problem for strips
https://doi.org/10.1016/S0026-2692(02)00093-9,article,2002.0,Microelectronics Journal,Synthesis method for testable electrical networks using 1st order building blocks
https://doi.org/10.1016/j.ijleo.2022.169725,article,2022.0,Optik,New polymethine dyes for liquid and polymer passive Q-switches of neodymium lasers
https://doi.org/10.1016/j.aei.2019.01.003,article,2019.0,Advanced Engineering Informatics,Using blockmodeling for capturing knowledge: The case of energy analysis in the construction phase of oil and gas facilities
https://doi.org/10.1016/j.dsp.2023.104138,article,2023.0,Digital Signal Processing,Low complexity joint hybrid precoding for RIS-assisted wideband wireless systems
https://doi.org/10.1016/j.snb.2017.05.094,article,2017.0,Sensors and Actuators B: Chemical,Development and application of molecularly imprinted quartz crystal microbalance sensor for rapid detection of metolcarb in foods
https://doi.org/10.1016/j.engstruct.2020.110287,article,2020.0,Engineering Structures,Study on the nonlinear deformation and failure mechanism of a high arch dam and foundation based on geomechanical model test
https://doi.org/10.1016/j.ijproman.2010.02.004,article,2010.0,International Journal of Project Management,Managing resistance in an organizational transformation: A case study from a mobile operator company
https://doi.org/10.1016/j.fusengdes.2007.11.005,article,2008.0,Fusion Engineering and Design,The integration of the new advanced digital plasma control system in TCV
https://doi.org/10.1016/j.ijrmms.2012.12.023,article,2013.0,International Journal of Rock Mechanics and Mining Sciences,Experimental study of infrasonic signal generation during rock fracture under uniaxial compression
https://doi.org/10.1016/j.matcom.2023.07.007,article,2023.0,Mathematics and Computers in Simulation,On the discrete analogue of the Teissier distribution and its associated INAR(1) process
https://doi.org/10.1016/S0950-7051(96)00004-4,article,1996.0,Knowledge-Based Systems,Analogic: Inference beyond logic
https://doi.org/10.1016/j.ijrefrig.2021.09.023,article,2021.0,International Journal of Refrigeration,Is it effective to pre-cool close to the freezing point temperature before freezing?
https://doi.org/10.1016/j.jcsr.2010.07.010,article,2011.0,Journal of Constructional Steel Research,Evaluation of the transverse shear stiffness of a steel bi-directional corrugated-strip-core sandwich beam
https://doi.org/10.1016/j.measurement.2006.09.002,article,2008.0,Measurement,Integral non-linearity in memoryless A/D converters
https://doi.org/10.1016/j.procir.2015.08.027,article,2015.0,Procedia CIRP,Experimental Validation of a Resilient Electronic Logic Design with Autonomous Fault Discrimination/Masking
https://doi.org/10.1016/j.jare.2011.10.003,article,2012.0,Journal of Advanced Research,Microwave assisted synthesis of novel thiazolidinone analogues as possible bioactive agents
https://doi.org/10.1016/j.mejo.2011.08.007,article,2011.0,Microelectronics Journal,Evaluation of the full operational cycle of a CMOS transfer-gated photodiode active pixel
https://doi.org/10.1016/j.jestch.2019.10.009,article,2020.0,"Engineering Science and Technology, an International Journal",Optimization of number of base station antennas in downlink massive MIMO and analysis of imperfect channel state information by perfection factor
https://doi.org/10.1016/j.mcm.2004.12.005,article,2005.0,Mathematical and Computer Modelling,Modelling of film casting manufacturing process longitudinal and transverse stretching
https://doi.org/10.1016/j.enganabound.2015.11.012,article,2016.0,Engineering Analysis with Boundary Elements,Grid-based volume integration for elasticity
https://doi.org/10.1016/j.apm.2014.07.032,article,2015.0,Applied Mathematical Modelling,On the optimal modeling and evaluation of job shops with a total weighted tardiness objective: Constraint programming vs. mixed integer programming
https://doi.org/10.1680/jencm.18.00021,article,2018.0,Proceedings of the Institution of Civil Engineers -Engineering and Computational Mechanics,Mechanical models for local buckling of metal sandwich panels
https://doi.org/10.1016/j.ijheatmasstransfer.2020.119540,article,2020.0,International Journal of Heat and Mass Transfer,A generalized thermal conductivity model for unsaturated porous media with fractal geometry
https://doi.org/10.1016/j.measurement.2007.02.005,article,2007.0,Measurement,Phase detection using AD8302 evaluation board in the superheterodyne microwave interferometer for line average plasma electron density measurements
https://doi.org/10.1016/j.mejo.2011.12.001,article,2012.0,Microelectronics Journal,"A real-time self-calibrated current mirror for wide range current reference generation, signal reproduction and delaying"
https://doi.org/10.1016/j.engstruct.2017.05.066,article,2017.0,Engineering Structures,Uncertainties in crowd dynamic loading of footbridges: A novel multi-scale model of pedestrian traffic
https://doi.org/10.1016/j.jksus.2022.101877,article,2022.0,Journal of King Saud University - Science,Suppression of cytokine storm and associated inflammatory mediators by salicylaldehyde derivative of pregabalin: An innovative perspective for alleviating airway inflammation and lung remodeling
https://doi.org/10.1021/acschembio.2c00667,article,2023.0,ACS Chemical Biology,Activity of Fatty Acid Biosynthesis Initiating Ketosynthase FabH with Acetyl/Malonyl-oxa/aza(dethia)CoAs
https://doi.org/10.1016/j.sysconle.2016.10.001,article,2016.0,Systems & Control Letters,Robust controllability assessment via semi-definite programming
https://doi.org/10.1016/j.engstruct.2020.111460,article,2021.0,Engineering Structures,Tilting plane tests for the ultimate shear capacity evaluation of perforated dry joint masonry panels. Part II: Numerical analyses
https://doi.org/10.1021/acschembio.8b01079,article,2019.0,ACS Chemical Biology,N‑Acyl l‑Homocysteine Thiolactones Are Potent and Stable Synthetic Modulators of the RhlR Quorum Sensing Receptor in Pseudomonas aeruginosa
https://doi.org/10.1016/j.ijheatfluidflow.2022.109011,article,2022.0,International Journal of Heat and Fluid Flow,Heat transfer and mixing enhancement by Poiseuille-Taylor-Couette flow between two rotating elliptically-deformed annular tubes
https://doi.org/10.1016/j.mejo.2017.04.009,article,2017.0,Microelectronics Journal,Reliability analysis of Junction-less Double Gate (JLDG) MOSFET for analog/RF circuits for high linearity applications
https://doi.org/10.1016/S1359-4311(00)00035-1,article,2001.0,Applied Thermal Engineering,Studies on solid desiccant based hybrid air-conditioning systems
https://doi.org/10.1016/j.tws.2019.03.020,article,2019.0,Thin-Walled Structures,Design and structural analysis of an inflatable coated fabric manipulation arm
https://doi.org/10.1016/j.sysconle.2019.104547,article,2019.0,Systems & Control Letters,Robust controllability assessment and optimal actuator placement in dynamic networks
https://doi.org/10.1021/acschembio.1c00547,article,2021.0,ACS Chemical Biology,Blue Light Activated Rapamycin for Optical Control of Protein Dimerization in Cells and Zebrafish Embryos
https://doi.org/10.1016/j.vlsi.2015.04.005,article,2016.0,Integration,Automatic synthesis of RF front-end blocks using multi-objective evolutionary techniques
https://doi.org/10.1016/j.bios.2022.114901,article,2023.0,Biosensors and Bioelectronics,Multifunctional terahertz microscopy for biochemical and chemical imaging and sensing
https://doi.org/10.1016/j.aml.2018.07.039,article,2019.0,Applied Mathematics Letters,A vector CTL–RTL hierarchy with bi-Hamiltonian structure
https://doi.org/10.1016/S1004-4132(07)60109-1,article,2007.0,Journal of Systems Engineering and Electronics,Feature evaluation and extraction based on neural network in analog circuit fault diagnosis* *This project was supported by the National Natural Science Fundation of China (60372001;90407007); and the Ph.D. Programs Foundation of Ministry of Education of China (20030614006).
https://doi.org/10.1016/j.aeue.2024.155204,article,2024.0,AEU - International Journal of Electronics and Communications,Automated design flow for synthesizable ADPLL: From specification to GDS
https://doi.org/10.1016/j.array.2022.100218,article,2022.0,Array,Bayesian optimization of distributed neurodynamical controller models for spatial navigation
https://doi.org/10.1016/j.applthermaleng.2022.118262,article,2022.0,Applied Thermal Engineering,Evaluation of ad/desorption dynamics of S-PEEK/Zeolite composite coatings by T-LTJ method
https://doi.org/10.1016/j.renene.2021.12.147,article,2022.0,Renewable Energy,Towards a standard approach for annual energy production of concentrator-based building-integrated photovoltaics
https://doi.org/10.1016/j.precisioneng.2019.04.015,article,2019.0,Precision Engineering,Determination of 5-axis tool orientation using analogy between parametric surface and form shaping function
https://doi.org/10.1016/j.renene.2021.06.040,article,2021.0,Renewable Energy,Dual-tower CSP plants: optical assessment and optimization with a novel cone-tracing model
https://doi.org/10.1016/j.jmbbm.2023.106233,article,2023.0,Journal of the Mechanical Behavior of Biomedical Materials,Load-bearing capacity under fatigue of bonded-yttria tetragonal zirconia polycrystals and -yttria-stabilized zirconia: Effects of the viscosity of a dual-cured resin cement
https://doi.org/10.1021/acschembio.0c00184,article,2020.0,ACS Chemical Biology,Structure-Guided Optimization of Inhibitors of Acetyltransferase Eis from Mycobacterium tuberculosis
https://doi.org/10.1016/B978-187870747-5/50011-3,incollection,1999.0,Digital Frequency Synthesis Demystified,Chapter 8 - Digital-to-Analog Converters
https://doi.org/10.1016/j.mejo.2013.06.017,article,2013.0,Microelectronics Journal,Sinh-Domain multiphase sinusoidal oscillator
https://doi.org/10.2196/56039,article,2025.0,Journal of Medical Internet Research,Satisfactory Evaluation of Call Service Using AI After Ureteral Stent Insertion: Randomized Controlled Trial
https://doi.org/10.1016/j.snb.2016.02.081,article,2016.0,Sensors and Actuators B: Chemical,Heterogeneous sensor arrays: Merging cameras and gas sensors into innovative fire detection systems
https://doi.org/10.1016/S1474-6670(17)39586-1,article,2000.0,IFAC Proceedings Volumes,The Parallel Computing Approach in Production System Integration Modeling
https://doi.org/10.1016/j.apergo.2022.103738,article,2022.0,Applied Ergonomics,Effects of workstation adjustment to reduce postural exposure and perceived discomfort among office workers - A cluster randomized controlled trial
https://doi.org/10.1016/j.medengphy.2022.103864,article,2022.0,Medical Engineering & Physics,ViVGG19: Novel exemplar deep feature extraction-based shoulder rotator cuff tear and biceps tendinosis detection using magnetic resonance images
https://doi.org/10.1016/j.est.2017.05.010,article,2017.0,Journal of Energy Storage,Generic tool for the simulation of electrochemical fuel cell monitoring techniques
https://doi.org/10.1016/0026-2714(93)90124-H,article,1993.0,Microelectronics Reliability,A simple method for generating K-trees of a network
https://doi.org/10.1016/j.epsr.2021.107242,article,2021.0,Electric Power Systems Research,A hardware-in-the-loop testbed for microgrid protection considering non-standard curves
https://doi.org/10.1016/j.rineng.2024.103243,article,2024.0,Results in Engineering,Integrated risk analysis for urban flooding under changing climates
https://doi.org/10.1016/j.ijleo.2017.03.046,article,2017.0,Optik,Physical layer design with analog front end for bidirectional DCO-OFDM visible light communications
https://doi.org/10.1016/j.compstruc.2024.107641,article,2025.0,Computers & Structures,A discontinuous Galerkin method based isogeometric analysis framework for flexoelectricity in micro-architected dielectric solids
https://doi.org/10.1016/j.renene.2025.123093,article,2025.0,Renewable Energy,Built-in electric field driven rapid charge transfer at the Ag3PO4/Cu-Co PBAs S-scheme interface for CO2 reduction into chemical energy
https://doi.org/10.1016/j.mejo.2019.02.008,article,2019.0,Microelectronics Journal,A high sensitivity low-power capacitive front-end for insulin injection pens
https://doi.org/10.1016/j.optlastec.2012.12.024,article,2013.0,Optics & Laser Technology,Lidar with SiPM: Some capabilities and limitations in real environment
https://doi.org/10.1016/j.ast.2022.107534,article,2022.0,Aerospace Science and Technology,Enhanced RBF neural network metamodelling approach assisted by sliced splitting-based K-fold cross-validation and its application for the stiffened cylindrical shells
https://doi.org/10.1016/j.epsr.2007.03.011,article,2008.0,Electric Power Systems Research,Short-term forecasting of Jordanian electricity demand using particle swarm optimization
https://doi.org/10.1016/j.jmbbm.2014.07.021,article,2014.0,Journal of the Mechanical Behavior of Biomedical Materials,"The impact of luting agents and stiffness of implant-abutments on marginal adaptation, chipping, and fracture resistance of zirconia crowns"
https://doi.org/10.1016/j.tsep.2024.102773,article,2024.0,Thermal Science and Engineering Progress,Performance Evaluation of Novel Advanced Recompression Absorption Refrigeration Systems Equipped with Ejector and Vapor Injection Technology
https://doi.org/10.1021/acschembio.8b00167,article,2018.0,ACS Chemical Biology,Molecular and Physiological Characterization of a Receptor for d‑Amino Acid-Containing Neuropeptides
https://doi.org/10.1016/j.applthermaleng.2017.04.018,article,2017.0,Applied Thermal Engineering,Post synthetic modification of MIL-101(Cr) for S-shaped isotherms and fast kinetics with water adsorption
https://doi.org/10.1016/j.engstruct.2021.112416,article,2021.0,Engineering Structures,Fatigue behaviour of composite girders with concrete-filled tubular flanges and corrugated webs—experimental study
https://doi.org/10.1016/j.jmapro.2023.07.011,article,2023.0,Journal of Manufacturing Processes,Fabrication and characterization of a 3D scaffold based on elastomeric poly-glycerol Sebacate polymer for heart valve applications
https://doi.org/10.1016/j.engappai.2014.03.005,article,2014.0,Engineering Applications of Artificial Intelligence,GULLIVER: A decision-making system based on user observation for an adaptive training in informed virtual environments
https://doi.org/10.1016/j.apacoust.2020.107320,article,2020.0,Applied Acoustics,Simplified detection of cavitation threshold in control valves
https://doi.org/10.1016/j.engstruct.2016.02.001,article,2016.0,Engineering Structures,Simplified assessment of cable-stayed bridges buckling stability
https://doi.org/10.3182/20130925-3-CZ-3023.00026,article,2013.0,IFAC Proceedings Volumes,Embedded System for 3-axis Acceleration Measuring and Local Computing of Related Speeds and Positions
https://doi.org/10.1016/j.jsv.2022.116824,article,2022.0,Journal of Sound and Vibration,Energy density-based non-negative surface contributions in interior acoustics
https://doi.org/10.1021/acschembio.9b01034,article,2020.0,ACS Chemical Biology,Characterization of Tailoring Steps of Nargenicin A1 Biosynthesis Reveals a Novel Analogue with Anticancer Activities
https://doi.org/10.1016/j.ijepes.2007.08.001,article,2008.0,International Journal of Electrical Power & Energy Systems,Solving economic load dispatch problems in power systems using chaotic and Gaussian particle swarm optimization approaches
https://doi.org/10.1680/jgeot.15.P.060,article,2015.0,Geotechnique,New in situ techniques for measuring the properties of root-reinforced soil – laboratory evaluation
https://doi.org/10.1016/j.pmcj.2017.06.019,article,2017.0,Pervasive and Mobile Computing,Detecting abnormal behaviours of institutionalized older adults through a hybrid-inference approach
https://doi.org/10.2196/20046,article,2021.0,Journal of Medical Internet Research,Views on Using Social Robots in Professional Caregiving: Content Analysis of a Scenario Method Workshop
https://doi.org/10.1016/j.enbuild.2014.09.061,article,2014.0,Energy and Buildings,A methodology for the comprehensive evaluation of the indoor climate based on human body response: Evaluation of the hygrothermal microclimate based on human psychology
https://doi.org/10.1016/j.proeng.2016.08.110,article,2016.0,Procedia Engineering,A Stationary Formulation of the Space-time Finite Element Method
https://doi.org/10.1016/j.renene.2021.03.144,article,2021.0,Renewable Energy,EUReCA: An open-source urban building energy modelling tool for the efficient evaluation of cities energy demand
https://doi.org/10.1016/S0165-1684(98)00151-0,article,1998.0,Signal Processing,A unified framework for evaluating bounds on the Bayesian cost
https://doi.org/10.1016/j.knosys.2016.05.045,article,2016.0,Knowledge-Based Systems,Learning distributed word representation with multi-contextual mixed embedding
https://doi.org/10.1016/j.measurement.2023.113168,article,2023.0,Measurement,Improving the thermo-electro-mechanical responses of MEMS resonant accelerometers via a novel multi-layer perceptron neural network
https://doi.org/10.1016/j.engstruct.2022.114646,article,2022.0,Engineering Structures,"Wind loading on a low-slope gabled roof: Comparison of field measurements, wind tunnel data, and code provisions"
https://doi.org/10.1016/j.measurement.2014.03.023,article,2014.0,Measurement,Data set preprocessing methods for the artificial intelligence-based diagnostic module
https://doi.org/10.1006/jsvi.1996.0472,article,1996.0,Journal of Sound and Vibration,A NUMERICAL EVALUATION OF VISCOUS EFFECTS ON VORTEX INDUCED NOISE
https://doi.org/10.1016/j.mejo.2023.105944,article,2023.0,Microelectronics Journal,A reconfigurable floating-gate-transistor-capacitor filter for analog signal processing
https://doi.org/10.1016/j.aeue.2015.05.005,article,2015.0,AEU - International Journal of Electronics and Communications,Vortex search algorithm for the analog active filter component selection problem
https://doi.org/10.1016/j.ast.2020.106158,article,2020.0,Aerospace Science and Technology,Scalar and vector viscous wave equations of fluid bounded by solid boundaries
https://doi.org/10.1016/0010-4485(92)90050-K,article,1992.0,Computer-Aided Design,Cognitive model of memory for mechanical-design problems
https://doi.org/10.1016/j.clay.2018.09.007,article,2018.0,Applied Clay Science,Recycled clay/PET nanocomposites evaluated by novel rheological analysis approach
https://doi.org/10.1016/j.medengphy.2014.02.005,article,2014.0,Medical Engineering & Physics,New experimental protocols for tensile testing of abdominal aortic analogues
https://doi.org/10.1016/j.compscitech.2023.110131,article,2023.0,Composites Science and Technology,Degradation in interfacial shear strength of carbon fiber/ vinyl ester composites due to long-term exposure to seawater using push-out tests
https://doi.org/10.1016/j.engstruct.2008.09.002,article,2009.0,Engineering Structures,Shear truss analogy for concrete members of solid and hollow circular cross section
https://doi.org/10.1016/j.microrel.2024.115393,article,2024.0,Microelectronics Reliability,Theoretical and simulation-based assessment of electrically doped junctionless TFET with metal-strip and hetero-material considering interface trap charges
https://doi.org/10.1016/j.measurement.2018.05.065,article,2018.0,Measurement,A time domain reconstruction method of randomly sampled frequency sparse signal
https://doi.org/10.1016/j.apacoust.2019.107125,article,2020.0,Applied Acoustics,An aeroacoustic study of the flow surrounding the front of a simplified ICE3 high-speed train model
https://doi.org/10.1016/0306-2619(93)90033-L,article,1993.0,Applied Energy,Potential biomass resources of Sicily for electric-power generation
https://doi.org/10.1016/S0925-4005(00)00470-6,article,2000.0,Sensors and Actuators B: Chemical,Gradient gas sensor microarrays for on-line process control — a new dynamic classification model for fast and reliable air quality assessment
https://doi.org/10.1016/j.measurement.2006.06.016,article,2007.0,Measurement,Choice of the cosine-class windows for ADC dynamic testing by spectral analysis
https://doi.org/10.1016/j.actaastro.2008.02.004,article,2008.0,Acta Astronautica,Human health and performance risk management—an approach for exploration missions
https://doi.org/10.1016/j.yofte.2022.103211,article,2023.0,Optical Fiber Technology,Phase-shifted demodulation scheme for fiber-optic interferometric sensors with combined waveform phase modulation
https://doi.org/10.1016/j.oceaneng.2015.06.049,article,2015.0,Ocean Engineering,Experimental approaches for the diagnostics of hydroacoustic problems in naval propulsion
https://doi.org/10.3182/20050703-6-CZ-1902.02114,article,2005.0,IFAC Proceedings Volumes,A DECISION SUPPORT SYSTEM BASED ON A CLOSED LOOP PFC APPLIED FOR TYPE I DIABETES
https://doi.org/10.1016/S0026-2692(00)00049-5,article,2000.0,Microelectronics Journal,Using a sigma–delta modulator as a test vehicle for embedded mixed-signal test
https://doi.org/10.1016/j.fusengdes.2006.04.023,article,2006.0,Fusion Engineering and Design,JET real-time project test-bench software structure
https://doi.org/10.1016/0098-1354(93)80074-W,article,1993.0,Computers & Chemical Engineering,Graph-theoretic approach to process synthesis: Polynomial algorithm for maximal structure generation
https://doi.org/10.1016/j.measurement.2023.113392,article,2023.0,Measurement,High-speed equivalent-time sampling virtual instrument based on microcontroller ADC
https://doi.org/10.1016/j.proeng.2017.01.304,article,2017.0,Procedia Engineering,Next Generation Wireless Smart Sensors Toward Sustainable Civil Infrastructure
https://doi.org/10.1016/j.pmcj.2005.06.001,article,2005.0,Pervasive and Mobile Computing,Service discovery in mobile ad hoc networks: A field theoretic approach
https://doi.org/10.1016/j.bios.2017.11.005,article,2018.0,Biosensors and Bioelectronics,Cascaded signal amplification via target-triggered formation of aptazyme for sensitive electrochemical detection of ATP
https://doi.org/10.1533/9781845693015.41,incollection,2007.0,Corrosion of Metallic Heritage Artefacts,4 - Contribution of iron archaeological artefacts to the estimation of average corrosion rates and the long-term corrosion mechanisms of low-carbon steel buried in soil
https://doi.org/10.1016/j.actaastro.2019.04.052,article,2019.0,Acta Astronautica,"Team performance in space crews: Houston, we have a teamwork problem"
https://doi.org/10.1016/0964-5691(95)00041-0,article,1995.0,Ocean & Coastal Management,Figuring fish and measuring men: the individual transferable quota system in the Icelandic cod fishery
https://doi.org/10.1016/S0955-7997(00)00056-4,article,2000.0,Engineering Analysis with Boundary Elements,Fundamental solutions for variable density two-dimensional elastodynamic problems
https://doi.org/10.1016/j.mechmat.2013.10.009,article,2015.0,Mechanics of Materials,Eshelby-like forces acting on elastic structures: Theoretical and experimental proof
https://doi.org/10.1016/j.ijheatfluidflow.2019.108432,article,2019.0,International Journal of Heat and Fluid Flow,Heat transfer during spray/wall interaction with urea water solution: An experimental parameter study
https://doi.org/10.1016/B978-075067819-3/50011-7,incollection,2005.0,A Baker's Dozen,Chapter 9 - Systems Where Analog and Digital Work Together
https://doi.org/10.1016/j.compscitech.2020.108145,article,2020.0,Composites Science and Technology,Mechanical response of ±45° angle-ply CFRP plates under low-velocity impact and quasi-static indentation: Influence of the multidirectional strain state
https://doi.org/10.1016/j.apor.2024.104361,article,2025.0,Applied Ocean Research,Numerical investigation of cavitation induced noise and noise reduction mechanism for the leading-edge protuberances
https://doi.org/10.1016/j.proeng.2015.11.179,article,2015.0,Procedia Engineering,The Effects of Temperature on Vortex-pairing Noise in Axisymmetric Subsonic Jets
https://doi.org/10.1016/j.ijthermalsci.2016.06.019,article,2016.0,International Journal of Thermal Sciences,On the onset of horizontal convection
https://doi.org/10.1016/j.ijheatmasstransfer.2020.120485,article,2021.0,International Journal of Heat and Mass Transfer,Dissimilar heat transfer enhancement in a fully developed laminar channel flow subjected to a traveling wave-like wall blowing and suction
https://doi.org/10.1016/j.jsv.2023.118085,article,2024.0,Journal of Sound and Vibration,Noise generation mechanisms of a micro-tube porous trailing edge
https://doi.org/10.1016/j.ijheatmasstransfer.2009.11.043,article,2010.0,International Journal of Heat and Mass Transfer,Conjugate heat and mass transfer in membrane-formed channels in all entry regions
https://doi.org/10.1016/j.coastaleng.2004.07.015,article,2004.0,Coastal Engineering,Evaluating the performance of morphological models
https://doi.org/10.1016/j.ijnonlinmec.2011.02.012,article,2011.0,International Journal of Non-Linear Mechanics,Non-linear flexural–torsional dynamic analysis of beams of arbitrary cross section by BEM
https://doi.org/10.1016/j.fusengdes.2024.114640,article,2024.0,Fusion Engineering and Design,Overview of the TCV digital real-time plasma control system and its applications
https://doi.org/10.1016/j.measurement.2018.01.063,article,2018.0,Measurement,High accuracy frequency extraction based on sigma-delta ADC applied in resonant dew point sensor
https://doi.org/10.1016/j.compfluid.2018.01.012,article,2018.0,Computers & Fluids,Impact of uncertainties in outflow boundary conditions on the predictions of hemodynamic simulations of ascending thoracic aortic aneurysms
https://doi.org/10.1016/j.optlaseng.2020.106411,article,2021.0,Optics and Lasers in Engineering,On the application of an optimized Frequency-Phase Modulated waveform for enhanced infrared thermal wave radar imaging of composites
https://doi.org/10.1016/j.applthermaleng.2015.06.073,article,2015.0,Applied Thermal Engineering,Preliminary design criteria of Stirling engines taking into account real gas effects
https://doi.org/10.1016/j.microrel.2014.02.008,article,2014.0,Microelectronics Reliability,Study of body and oxide thickness variation on analog and RF performance of underlap DG-MOSFETs
https://doi.org/10.1016/j.asoc.2016.04.029,article,2016.0,Applied Soft Computing,On the convergence and origin bias of the Teaching-Learning-Based-Optimization algorithm
https://doi.org/10.1016/j.proeng.2017.10.635,article,2017.0,Procedia Engineering,Creating New Generation of Actuators for Shut-off and Control Ball Valves with Double-Gate
https://doi.org/10.1016/j.commatsci.2016.05.030,article,2016.0,Computational Materials Science,Modelling the coupling between hydrogen diffusion and the mechanical behaviour of metals
https://doi.org/10.1016/j.compstruc.2010.06.010,article,2010.0,Computers & Structures,Nonlinear dynamic analysis of Timoshenko beam-columns partially supported on tensionless Winkler foundation
https://doi.org/10.1021/acschembio.8b00150,article,2018.0,ACS Chemical Biology,Structural Insights into Human Parainfluenza Virus 3 Hemagglutinin–Neuraminidase Using Unsaturated 3‑N‑Substituted Sialic Acids as Probes
https://doi.org/10.1016/j.ijheatmasstransfer.2008.03.017,article,2008.0,International Journal of Heat and Mass Transfer,Effect of an interfacial shear stress on steam condensation in the presence of a noncondensable gas in a vertical tube
https://doi.org/10.1016/j.jmbbm.2016.03.019,article,2016.0,Journal of the Mechanical Behavior of Biomedical Materials,Dynamic impact testing of hedgehog spines using a dual-arm crash pendulum
https://doi.org/10.1016/j.snb.2016.02.119,article,2016.0,Sensors and Actuators B: Chemical,A novel electrochemical sensor for selective determination of uranyl ion based on imprinted polymer sol–gel modified carbon paste electrode
https://doi.org/10.1016/j.measurement.2025.117233,article,2025.0,Measurement,Wireless miniaturized portable multifunctional electrochemical measurement platform
https://doi.org/10.1016/S1474-6670(17)41630-2,article,2001.0,IFAC Proceedings Volumes,An Heuristic Learning Modelling Strategy for Nonlinear Systems
https://doi.org/10.1016/j.precisioneng.2023.01.006,article,2023.0,Precision Engineering,Design of compliant mechanisms based on compliant building elements. Part I: Principles
https://doi.org/10.1016/j.jcsr.2017.12.011,article,2018.0,Journal of Constructional Steel Research,A performance-based damage-control design procedure of hybrid steel MRFs with EDBs
https://doi.org/10.1016/j.engfracmech.2019.106820,article,2020.0,Engineering Fracture Mechanics,Numerical investigation of creep crack growth in plastically graded materials using C(t) and XFEM
https://doi.org/10.1016/B978-0-12-803228-2.00006-4,incollection,2016.0,Biomechanics of the Female Pelvic Floor,Chapter Six - Pelvic Floor Biomechanics From Animal Models
https://doi.org/10.32604/cmes.2024.047129,article,2024.0,CMES - Computer Modeling in Engineering and Sciences,Research on the Generation Mechanism and Suppression Method of Aerodynamic Noise in Expansion Cavity Based on Hybrid Method
https://doi.org/10.1016/S0021-8928(03)90023-2,article,2003.0,Journal of Applied Mathematics and Mechanics,The generation of beams of three-dimensional periodic internal waves in an exponentially stratified fluid
https://doi.org/10.1016/0026-2692(94)90083-3,article,1994.0,Microelectronics Journal,The floating gate MOS device as an analogue trimming element
https://doi.org/10.1016/j.asoc.2010.12.008,article,2011.0,Applied Soft Computing,Fuzzy motion adaptive algorithm and its hardware implementation for video de-interlacing
https://doi.org/10.1016/j.clay.2019.105146,article,2019.0,Applied Clay Science,Natural systems evidence for the effects of temperature and the activity of aqueous silica upon montmorillonite stability in clay barriers for the disposal of radioactive wastes
https://doi.org/10.1016/S0263-2241(98)00077-3,article,1999.0,Measurement,"A programmable, multichannel electronic system generating delayed pulses1Patent applied for.1"
https://doi.org/10.1016/j.patcog.2018.01.010,article,2018.0,Pattern Recognition,Disconnectedness: A new moment invariant for multi-component shapes
https://doi.org/10.1016/j.jsv.2020.115548,article,2020.0,Journal of Sound and Vibration,The influence of energy recovery on the overall efficiency of acoustic sources at low frequencies
https://doi.org/10.1016/j.ijengsci.2017.11.007,article,2018.0,International Journal of Engineering Science,Equivalent microstructure problem: Mathematical formulation and numerical solution
https://doi.org/10.1016/S1474-6670(17)31811-6,article,2004.0,IFAC Proceedings Volumes,Missing Data Treatment Using Iterative PCA and Data Reconciliation
https://doi.org/10.1016/j.aeue.2013.12.007,article,2014.0,AEU - International Journal of Electronics and Communications,Performance optimization of CMOS second generation current conveyors using a multi-swarm algorithm
https://doi.org/10.1016/j.cemconcomp.2004.02.017,article,2005.0,Cement and Concrete Composites,Strength development and lime reaction in mortars for repairing historic masonries
https://doi.org/10.1016/j.medengphy.2005.04.008,article,2006.0,Medical Engineering & Physics,"A system for the delivery of programmable, adaptive stimulation intensity envelopes for drop foot correction applications"
https://doi.org/10.1016/j.jmbbm.2016.07.029,article,2016.0,Journal of the Mechanical Behavior of Biomedical Materials,"Giant panda׳s tooth enamel: Structure, mechanical behavior and toughening mechanisms under indentation"
https://doi.org/10.1016/j.ijleo.2013.07.148,article,2014.0,Optik,A modified phase generation carrier technique for fiber-optic distributed disturbance sensor
https://doi.org/10.1016/B978-0-443-13825-6.00155-2,incollection,2024.0,Reference Module in Biomedical Sciences,Angiotensinogen and angiotensins
https://doi.org/10.1016/j.bios.2010.07.063,article,2010.0,Biosensors and Bioelectronics,Quasi-monodimensional polyaniline nanostructures for enhanced molecularly imprinted polymer-based sensing
https://doi.org/10.1016/B978-075067907-7/50017-0,incollection,2006.0,Demystifying Switched Capacitor Circuits,Chapter 5 - Switched-Capacitor Data Converters
https://doi.org/10.1016/j.cma.2005.04.009,article,2006.0,Computer Methods in Applied Mechanics and Engineering,An entropy-variable-based VMS/GLS method for the simulation of compressible flows on unstructured grids
https://doi.org/10.1016/j.still.2019.05.019,article,2019.0,Soil and Tillage Research,Anisotropy of intensity–capacity parameters on Aquands with contrasting swelling–shrinkage cycles
https://doi.org/10.1016/j.enganabound.2006.06.003,article,2007.0,Engineering Analysis with Boundary Elements,Analysis of anisotropic plate using multiquadric radial basis function
https://doi.org/10.1016/S0045-7949(99)00066-8,article,2000.0,Computers & Structures,"Elastic deformation of ribbed plates under static, transverse and inplane loading"
https://doi.org/10.1016/j.adhoc.2008.07.002,article,2009.0,Ad Hoc Networks,RETT-gen: A globally efficient routing protocol for wireless sensor networks by equalising sensor energy and avoiding energy holes
https://doi.org/10.1016/S1874-1029(08)60124-X,article,2009.0,Acta Automatica Sinica,Detection of Image Compositing Based on a Statistical Model for Natural Images
https://doi.org/10.1016/j.snb.2007.05.008,article,2007.0,Sensors and Actuators B: Chemical,Influence of solvents on chiral discriminative gate effect of molecularly imprinted poly(ethylene glycol dimethacrylate-co-methacrylic acid)
https://doi.org/10.2196/13371,article,2019.0,Journal of Medical Internet Research,Adverse Events Due to Insomnia Drugs Reported in a Regulatory Database and Online Patient Reviews: Comparative Study
https://doi.org/10.1016/0360-1323(90)90048-V,article,1990.0,Building and Environment,Application of expert systems to building design analysis and evaluation
https://doi.org/10.1016/j.optlastec.2025.112459,article,2025.0,Optics & Laser Technology,Controlled propagation of excitatory and inhibitory responses in nano-laser-based neurons
https://doi.org/10.1016/j.actaastro.2012.03.009,article,2013.0,Acta Astronautica,Desert Research and Technology Studies (DRATS) 2010 science operations: Operational approaches and lessons learned for managing science during human planetary surface missions
https://doi.org/10.1016/j.conbuildmat.2025.140561,article,2025.0,Construction and Building Materials,Dynamics of tobermorite dehydration process from atomistic simulations: The role of bridging silicate and hydroxyl
https://doi.org/10.1016/j.hbrcj.2014.02.009,article,2015.0,HBRC Journal,Assessment of vehicular live load and load factors for design of short-span bridges according to the new Egyptian Code
https://doi.org/10.1016/j.jpdc.2012.07.015,article,2013.0,Journal of Parallel and Distributed Computing,Computing resultants on Graphics Processing Units: Towards GPU-accelerated computer algebra
https://doi.org/10.1016/j.autcon.2019.02.008,article,2019.0,Automation in Construction,Feature-based topology finding of patterns for shell structures
https://doi.org/10.1016/S0142-1123(01)00070-6,article,2002.0,International Journal of Fatigue,Specificity of matrix cracking development in CFRP laminates under mechanical or thermal loadings
https://doi.org/10.1016/j.microrel.2014.06.013,article,2014.0,Microelectronics Reliability,Investigation of Bulk and DTMOS triple-gate devices under 60 MeV proton irradiation
https://doi.org/10.1016/S0029-5493(99)00108-9,article,1999.0,Nuclear Engineering and Design,"Seismic capability evaluation of the prestressed/reinforced concrete containment, Yonggwang nuclear power plant Units 5 and 6"
https://doi.org/10.1016/j.ijheatmasstransfer.2017.08.046,article,2017.0,International Journal of Heat and Mass Transfer,Comparative assessment of numerical models for nanofluids’ laminar forced convection in micro and mini channels
https://doi.org/10.1016/j.tust.2019.04.018,article,2019.0,Tunnelling and Underground Space Technology,Modeling violent rock failures in tunneling and shaft boring based on energy balance calculations
https://doi.org/10.1016/j.enconman.2014.07.026,article,2014.0,Energy Conversion and Management,Experimental and theoretical investigations on condensation heat transfer at very low pressure to improve power plant efficiency
https://doi.org/10.1006/jsvi.2000.3517,article,2001.0,Journal of Sound and Vibration,POWER FLOW MODELS AND ANALYSIS OF IN-PLANE WAVES IN FINITE COUPLED THIN PLATES
https://doi.org/10.1016/j.vlsi.2018.05.007,article,2018.0,Integration,Low-cost methodology for fault diagnosis and localization in pipelined ADCs
https://doi.org/10.1016/j.jmps.2017.05.006,article,2017.0,Journal of the Mechanics and Physics of Solids,A potential-of-mean-force approach for fracture mechanics of heterogeneous materials using the lattice element method
https://doi.org/10.1016/j.measurement.2023.113444,article,2023.0,Measurement,Low-cost magnetic eddy current respiratory monitoring based on fast digital lock-in algorithm combining undersampling and oversampling
https://doi.org/10.1016/j.fusengdes.2019.111252,article,2019.0,Fusion Engineering and Design,Application of ADVANTG to the JET3 – NEXP streaming benchmark experiment
https://doi.org/10.1016/B978-0-12-419985-9.00001-5,incollection,2014.0,4G: LTE/LTE-Advanced for Mobile Broadband (Second Edition),Chapter 1 - Background of LTE
https://doi.org/10.1016/j.applthermaleng.2017.01.083,article,2017.0,Applied Thermal Engineering,Combustion properties of coal gangue using thermogravimetry–Fourier transform infrared spectroscopy
https://doi.org/10.1016/S0955-7997(00)00007-2,article,2000.0,Engineering Analysis with Boundary Elements,Shear modulus G12 of unidirectional composites: a boundary element evaluation
https://doi.org/10.1016/j.mejo.2005.04.062,article,2005.0,Microelectronics Journal,A low-cost digital frequency testing approach for mixed-signal devices using ΣΔ modulation
https://doi.org/10.1016/j.sse.2006.04.010,article,2006.0,Solid-State Electronics,The impact of the intrinsic and extrinsic resistances of double gate SOI on RF performance
https://doi.org/10.1016/j.cad.2011.03.010,article,2012.0,Computer-Aided Design,"Cognitive, collaborative, conceptual and creative — Four characteristics of the next generation of knowledge-based CAD systems: A study in biologically inspired design"
https://doi.org/10.1016/j.micpro.2010.09.006,article,2011.0,Microprocessors and Microsystems,A NoC-based hybrid message-passing/shared-memory approach to CMP design
